lemma,pos,gender,level,sense,ipa,meaning_zh,meaning_en,example_es,example_zh,image_file,tags,exam_tags,distractor_1,distractor_2,distractor_3,copyright_note
agua,n,f,A1,1,,饮用水；清水（专四写作高频基础词）,,Bebe dos litros de agua todos los días para mantener el cuerpo sano y fuerte.,每天喝两升水，保持身体健康强壮。,agua_1.jpg,义项包|考试路径|A1|n,专四,公交车；大巴,星期三,物品；物件,大创内容组_senses_table_tem4 7.18.xlsx
ahora,adv,n/a,A1,1,,现在；此刻,,Ahora mismo estoy estudiando español para preparar el examen de nivel B1.,我现在正在学习西班牙语，为B1水平考试做准备。,ahora_1.jpg,考试路径|A1|adv,专四,在；位于,茶；茶水（日常话题基础词）,公交车；大巴,大创内容组_senses_table_tem4 7.30.xlsx
algo,pron,n/a,A1,1,,某物；一些东西,,"Necesito algo para escribir, ¿puedes prestarme un bolígrafo o un lápiz?",我需要一些东西来写字，你能借我一支圆珠笔或铅笔吗？,algo_1.jpg,考试路径|A1|pron,专四,阳性复数定冠词；诸位；他们；它们,他,书包；双肩背包,大创内容组_senses_table_tem4 7.30.xlsx
alguien,pron,n/a,A1,1,,某人；有人,,"Alguien dejó su mochila en la biblioteca, deberíamos llevarla a la oficina de objetos perdidos.",有人把书包落在图书馆了，我们应该把它送到失物招领处。,alguien_1.jpg,考试路径|A1|pron,专四,物品；物件,妇女；女人；妻子,十二,大创内容组_senses_table_tem4 7.30.xlsx
allí,adv,n/a,A1,1,,那儿（在那边）,,"La biblioteca está allí, al final del pasillo, a la derecha de la escalera.",图书馆在那边，走廊尽头，楼梯的右边。,alli_1.jpg,考试路径|A1|adv,专四,胳膊；手臂,四,窗户；玻璃窗,大创内容组_senses_table_tem4 7.30.xlsx
alto,adj,n/a,A1,1,,高的；高级的；高层的,,El edificio de la biblioteca es muy alto y se ve desde cualquier punto de la ciudad.,图书馆大楼很高，从城市的任何地方都能看到它。,alto_1.jpg,考试路径|A1|adj,专四,多少（疑问/感叹）,千；成千上万,西班牙的；西班牙人；西班牙语,大创内容组_senses_table_tem4 7.30.xlsx
antes,adv,n/a,A1,1,,以前；从前,,"Antes de venir a la universidad, nunca había estudiado español en mi vida.",来上大学之前，我这辈子从没学过西班牙语。,antes_1.jpg,考试路径|A1|adv,专四,七月,湖；湖泊,公交车；大巴,大创内容组_senses_table_tem4 7.30.xlsx
aquí,adv,n/a,A1,1,,这里；在这儿,,Aquí tienes todos los materiales que necesitas para preparar tu presentación.,这儿有你需要准备展示的所有材料。,aqui_1.jpg,考试路径|A1|adv,专四,森林；树林,月份；一个月,脸；面孔,大创内容组_senses_table_tem4 7.31.xlsx
así,adv,n/a,A1,1,,如此；这样；以这种方式,,"Si haces así los ejercicios de gramática, seguro que mejorarás rápidamente.",如果你这样语法练习，肯定会进步很快。,asi_1.jpg,考试路径|A1|adv,专四,他,肉类（通用统称，饮食话题核心）,在附近；不远,大创内容组_senses_table_tem4 7.31.xlsx
atreverse,v,n/a,A1,1,,敢于；勇敢做,,Nunca me atrevo a hablar en español delante de mucha gente por miedo a equivocarme.,因为害怕犯错误，我从来不敢在很多人面前说西班牙语。,atreverse_1.jpg,考试路径|A1|v,专四,的；来自；从,更加；更多；再；最；非常,这里；在这儿,大创内容组_senses_table_tem4 7.31.xlsx
autobús,n,m,A1,1,,公交车；大巴,,Tomamos el autobús número diez para ir al centro comercial cada sábado.,每周六我们坐 10 路公交车去商场。,autobus_1.jpg,考试路径|A1|n,专四,部分；局部,十六,十,大创内容组_senses_table_tem4 7.18.xlsx
ayer,adv,n/a,A1,1,,昨天,,Ayer hablé con un estudiante nativo en el intercambio.,昨天我在语言交换活动中和母语同学聊天。,ayer_1.jpg,考试路径|A1|adv,专四,之后；随后,渴；口渴,夜晚；夜里,大创内容组_senses_table_tem4 7.18.xlsx
año,n,m,A1,1,,年；年份,,Este año voy a presentarme al examen de español TEM4.,今年我要参加西班牙语专业四级考试。,anio_1.jpg,义项包|考试路径|A1|n,专四,肉类（通用统称，饮食话题核心）,太阳；阳光,那里；在…的地方,大创内容组_senses_table_tem4 7.18.xlsx
beber,v,n/a,A1,1,,喝；饮用,,Es importante beber suficiente agua durante el día para mantener el cuerpo hidratado.,白天喝足够的水以保持身体水分充足是很重要的。,beber_1.jpg,义项包|考试路径|A1|v,专四,手表；挂钟；时钟,阴性单数定冠词；您；他；她；它,热的（温度）；热烈的；激烈的（气氛/讨论）,大创内容组_senses_table_tem4 7.31.xlsx
bicicleta,n,f,A1,1,,自行车,,Muchos estudiantes usan la bicicleta para ir a clase sin gastar dinero.,很多学生骑自行车上课，不用花钱。,bicicleta_1.jpg,考试路径|A1|n,专四,夜晚；夜里,十七,鼻子,大创内容组_senses_table_tem4 7.18.xlsx
blanco,adj,n/a,A1,1,,白色的；空白的（纸张等）,,La nieve cubrió las montañas con un manto blanco y brillante durante todo el invierno.,整个冬天，白雪像一层明亮的外衣覆盖着群山。,blanco_1.jpg,考试路径|A1|adj,专四,立刻；马上；之后；然后,饮用水；清水（专四写作高频基础词）,某人；有人,大创内容组_senses_table_tem4 7.31.xlsx
boca,n,f,A1,1,,嘴；嘴巴,,En la clase de conversación hay que abrir la boca y practicar hablar sin miedo.,口语课上要张嘴，大胆练习说话不要怕。,boca_1.jpg,考试路径|A1|n,专四,二,鼻子,热的（温度）；热烈的；激烈的（气氛/讨论）,大创内容组_senses_table_tem4 7.18.xlsx
bosque,n,m,A1,1,,森林；树林,,Caminamos por el bosque de hayas mientras escuchábamos el canto de los pájaros.,我们穿过山毛榉森林，一边听着鸟儿的歌声。,bosque_1.jpg,考试路径|A1|n,专四,食物；饭菜（通用吃食统称）,之后；随后,星期二,大创内容组_senses_table_tem4 7.20.xlsx
brazo,n,m,A1,1,,胳膊；手臂,,Llevo todos los libros en los brazos porque la mochila se rompió ayer.,我怀里抱着所有书，因为书包昨天坏了。,brazo_1.jpg,考试路径|A1|n,专四,音乐；乐曲,现在；此刻,耳朵,大创内容组_senses_table_tem4 7.18.xlsx
cabeza,n,f,A1,1,,头；头部,,Me duele la cabeza porque estudié muchas horas seguidas sin descansar.,我头疼，因为连续学习了好几个小时没休息。,cabeza_1.jpg,考试路径|A1|n,专四,苹果,某物；一些东西,耳朵,大创内容组_senses_table_tem4 7.18.xlsx
cada,adj,n/a,A1,1,,每；每个,,Cada estudiante debe entregar su trabajo antes del viernes por la tarde.,每个学生必须在周五下午之前交作业。,cada_1.jpg,考试路径|A1|adj,专四,心脏；心,饮用水；清水（专四写作高频基础词）,饿；饥饿,大创内容组_senses_table_tem4 7.31.xlsx
café,n,m,A1,1,,咖啡（校园、生活高频词）,,Necesito un café fuerte por la mañana para empezar el día con mucha energía.,我早上需要一杯浓咖啡，才能充满活力地开启一天。,cafe_1.jpg,考试路径|A1|n,专四,现在；此刻,这里；在这儿,之后；随后,大创内容组_senses_table_tem4 7.18.xlsx
caliente,adj,n/a,A1,1,,热的（温度）；热烈的；激烈的（气氛/讨论）,,"Ten cuidado, el café está muy caliente y puede quemarte la lengua.",小心，咖啡很烫，可能会烫伤你的舌头。,caliente_1.jpg,考试路径|A1|adj,专四,在附近；不远,咖啡（校园、生活高频词）,千；成千上万,大创内容组_senses_table_tem4 7.31.xlsx
cara,n,f,A1,1,,脸；面孔,,"Cuando apruebo un examen importante, se me nota la alegría en la cara.",当我通过重要考试时，脸上都藏不住开心。,cara_1.jpg,考试路径|A1|n,专四,小汽车；私家车,多少（疑问/感叹）,十六,大创内容组_senses_table_tem4 7.18.xlsx
carne,n,f,A1,1,,肉类（通用统称，饮食话题核心）,,En España es muy popular la carne de cerdo ibérica de muy buena calidad.,在西班牙，品质上乘的伊比利亚猪肉非常受欢迎。,carne_1.jpg,考试路径|A1|n,专四,更加；更多；再；最；非常,小时；点钟,水果（统称，阅读高频）,大创内容组_senses_table_tem4 7.18.xlsx
cerca,adv,n/a,A1,1,,在附近；不远,,Vivo cerca de la biblioteca así que estudio allí cada tarde.,我住在图书馆附近，所以每天下午都在那学习。,cerca_1.jpg,考试路径|A1|adv,专四,嘴；嘴巴,胳膊；手臂,更加；更多；再；最；非常,大创内容组_senses_table_tem4 7.18.xlsx
coche,n,m,A1,1,,小汽车；私家车,,Mi padre usa el coche para llevarme a la universidad los días de lluvia.,下雨天爸爸开车送我去学校。,coche_1.jpg,考试路径|A1|n,专四,大学；高校,星期三,岛；岛屿,大创内容组_senses_table_tem4 7.18.xlsx
comida,n,f,A1,1,,食物；饭菜（通用吃食统称）,,"La comida española es muy rica, especialmente la paella y el jamón ibérico.",西班牙菜非常好吃，尤其是海鲜饭和伊比利亚火腿。,comida_1.jpg,考试路径|A1|n,专四,岛；岛屿,自行车,分钟,大创内容组_senses_table_tem4 7.18.xlsx
corazón,n,m,A1,1,,心脏；心,,"Cuando tengo que hablar en público, me late el corazón muy rápido.",要当众发言时，我的心跳得特别快。,corazon_1.jpg,考试路径|A1|n,专四,夜晚；夜里,以前；从前,早上；上午,大创内容组_senses_table_tem4 7.18.xlsx
cosa,n,f,A1,1,,东西；物品,,Hay muchas cosas interesantes en el museo que puedes aprender sobre la historia.,博物馆里有很多有趣的东西，你可以了解关于历史的知识。,cosa_1.jpg,考试路径|A1|n,专四,阳性复数定冠词；诸位；他们；它们,早上；上午,头；头部,大创内容组_senses_table_tem4 9.9.xlsx
creer,v,n/a,A1,1,,相信,,Yo creo que el español es un idioma muy útil para comunicarse en el mundo actual.,我相信西班牙语是当今世界交流非常有用的语言。,creer_1.jpg,考试路径|A1|v,专四,今天,十二,小时；点钟,大创内容组_senses_table_tem4 9.9.xlsx
cuando,conj,n/a,A1,1,,当…时,,"Cuando llegué a la universidad, no sabía nada de español, pero ahora ya puedo conversar.",我刚到大学时一句西班牙语都不会，但现在我已经能对话了。,cuando_1.jpg,考试路径|A1|conj,专四,手,更加；更多；再；最；非常,早上；上午,大创内容组_senses_table_tem4 9.9.xlsx
cuatro,adj,n/a,A1,1,,四,,El equipo de debate está formado por cuatro estudiantes muy talentosos y creativos.,辩论队由四位非常有才华和创造力的学生组成。,cuatro_1.jpg,考试路径|A1|adj,专四,更加；更多；再；最；非常,腿；腿部,夜晚；夜里,大创内容组_senses_table_tem4 9.9.xlsx
cuánto,n,n/a,A1,1,,多少（疑问/感叹）,,¿Cuánto tiempo necesitas para aprender a hablar español con fluidez y sin errores?,你需要多长时间才能流利无误地说西班牙语？,cuanto_1.jpg,考试路径|A1|n,专四,月份；一个月,我（用作补语）,饿；饥饿,大创内容组_senses_table_tem4 9.9.xlsx
de,prep,n/a,A1,1,,的；来自；从,,El libro de español que estás leyendo es muy útil para aprender vocabulario nuevo.,你正在读的那本西班牙语书对学习新词汇很有用。,de_1.jpg,考试路径|A1|prep,专四,地铁,喝；饮用,十九,大创内容组_senses_table_tem4 9.9.xlsx
desde,prep,n/a,A1,1,,从；自（表起点）,,"Desde el primer día de clase, el profesor nos animó a hablar español sin miedo a equivocarnos.",从第一天上课起，老师就鼓励我们大胆说西班牙语，不怕犯错。,desde_1.jpg,考试路径|A1|prep,专四,热的（温度）；热烈的；激烈的（气氛/讨论）,物品；物件,饿；饥饿,大创内容组_senses_table_tem4 9.9.xlsx
después,adv,n/a,A1,1,,之后；随后,,Primero leemos el texto y después respondemos las preguntas de comprensión.,我们先读课文，然后回答理解题。,despues_1.jpg,考试路径|A1|adv,专四,某人；有人,星期四,分钟,大创内容组_senses_table_tem4 9.13.xlsx
diecinueve,adj,n/a,A1,1,,十九,,Mi hermana menor tiene diecinueve años y estudia el primer curso de español en la universidad.,我妹妹十九岁，在大学读西班牙语一年级。,diecinueve_1.jpg,考试路径|A1|adj,专四,地铁,河；河流,在；在…里面；在…上面,大创内容组_senses_table_tem4 9.13.xlsx
dieciocho,adj,n/a,A1,1,,十八,,"En muchos países hispanohablantes, los jóvenes cumplen la mayoría de edad a los dieciocho años.",在许多西语国家，年轻人十八岁成年。,dieciocho_1.jpg,考试路径|A1|adj,专四,十六,哪里,窗户；玻璃窗,大创内容组_senses_table_tem4 9.13.xlsx
diecisiete,adj,n/a,A1,1,,十七,,Mi primo tiene diecisiete años y ya habla español con bastante fluidez.,我表弟十七岁，西班牙语已经说得相当流利了。,diecisiete_1.jpg,考试路径|A1|adj,专四,困；睡意；梦,千；成千上万,那里；在…的地方,大创内容组_senses_table_tem4 9.13.xlsx
dieciséis,adj,n/a,A1,1,,十六,,Los estudiantes de dieciséis años pueden participar en el concurso de debate en español.,十六岁的学生可以参加西班牙语辩论比赛。,dieciseis_1.jpg,考试路径|A1|adj,专四,湖；湖泊,明天,苹果,大创内容组_senses_table_tem4 9.13.xlsx
diez,adj,n/a,A1,1,,十,,En la clase de español hay diez estudiantes de diferentes países hispanohablantes.,西班牙语课上有十名来自不同西语国家的学生。,diez_1.jpg,考试路径|A1|adj,专四,立刻；马上；之后；然后,森林；树林,高的；高级的；高层的,大创内容组_senses_table_tem4 9.13.xlsx
doce,adj,n/a,A1,1,,十二,,El examen de español tiene doce secciones diferentes para evaluar todas las destrezas.,西班牙语考试有十二个不同的部分，评估所有技能。,doce_1.jpg,考试路径|A1|adj,专四,高的；高级的；高层的,想法；主意；观点,每；每个,大创内容组_senses_table_tem4 9.13.xlsx
donde,adv,n/a,A1,1,,那里；在…的地方,,"La biblioteca, donde pasamos muchas horas estudiando, es el lugar más tranquilo del campus.",图书馆——我们花了很长时间在那里学习——是校园里最安静的地方。,donde_1.jpg,考试路径|A1|adv,专四,河；河流,物品；物件,在附近；不远,大创内容组_senses_table_tem4 9.13.xlsx
dos,adj,n/a,A1,1,,二,,En la clase de español hay dos estudiantes que hablan tres idiomas además del español.,西班牙语课上有两名学生除了西班牙语外还会说三种语言。,dos_1.jpg,考试路径|A1|adj,专四,肉类（通用统称，饮食话题核心）,想法；主意；观点,大学；高校,大创内容组_senses_table_tem4 9.13.xlsx
dónde,adv,n/a,A1,1,,哪里,,¿Dónde está la sala de estudio más cercana a la facultad de filología?,离文学院最近的自习室在哪里？,donde_2.jpg,考试路径|A1|adv,专四,下午；傍晚,医院,十,大创内容组_senses_table_tem4 9.13.xlsx
el,n,n/a,A1,1,,阳性单数定冠词,,El libro de español que compré ayer es muy útil para practicar la gramática.,我昨天买的那本西班牙语书对练习语法非常有用。,el_1.jpg,考试路径|A1|n,专四,少；差；不如；不足；除去,大学；高校,七月,大创内容组_senses_table_tem4 9.13.xlsx
ella,pron,n/a,A1,1,,她,,Ella estudia español y francés al mismo tiempo en la universidad.,她在大学同时学习西班牙语和法语。,ella_1.jpg,义项包|考试路径|A1|pron,专四,车站；站点,这里；在这儿,胳膊；手臂,大创内容组_senses_table_tem4 9.13.xlsx
ellas,pron,n/a,A1,1,,她们,,Ellas son las mejores amigas del club de español y siempre van juntas a clase.,她们是西班牙语俱乐部最好的朋友，总是一起去上课。,ellas_1.jpg,考试路径|A1|pron,专四,我的,月份；一个月,茶；茶水（日常话题基础词）,大创内容组_senses_table_tem4 9.13.xlsx
ellos,pron,n/a,A1,1,,他们；它们,,Ellos organizaron una exposición de arte hispanoamericano en el campus.,他们在校园里组织了一场拉美艺术展。,ellos_1.jpg,考试路径|A1|pron,专四,喝；饮用,四,手,大创内容组_senses_table_tem4 9.13.xlsx
en,prep,n/a,A1,1,,在；在…里面；在…上面,,"El diccionario está en la estantería, en el segundo estante de la biblioteca.",词典在书架上，图书馆的第二层。,en_1.jpg,考试路径|A1|prep,专四,脚；足,妈妈,书包；双肩背包,大创内容组_senses_table_tem4 9.13.xlsx
español,n,n/a,A1,1,,西班牙的；西班牙人；西班牙语,,El español es la segunda lengua más hablada del mundo por número de nativos.,按母语人数计算，西班牙语是世界第二大语言。,espanol_1.jpg,考试路径|A1|n,专四,山；山脉,从；自（表起点）,那儿（在那边）,大创内容组_senses_table_tem4 9.16.xlsx
estación,n,f,A1,1,,车站；站点,,Esperamos el autobús en la estación cerca de nuestra facultad.,我们在学院附近的车站等公交车。,estacion_1.jpg,考试路径|A1|n,专四,夜晚；夜里,脚；足,耳朵,大创内容组_senses_table_tem4 7.18.xlsx
estar,v,n/a,A1,1,,在；位于,,"La biblioteca está en el centro del campus, cerca de la facultad de filología.",图书馆在校园中心，靠近文学院。,estar_1.jpg,义项包|考试路径|A1|v,专四,苹果,某人；有人,部分；局部,大创内容组_senses_table_tem4 9.16.xlsx
fruta,n,f,A1,1,,水果（统称，阅读高频）,,Comer fruta todos los días es muy bueno para la salud de todo el cuerpo humano.,每天吃水果对整个人体健康都非常好。,fruta_1.jpg,考试路径|A1|n,专四,窗户；玻璃窗,饮用水；清水（专四写作高频基础词）,火车；列车,大创内容组_senses_table_tem4 7.18.xlsx
hambre,n,f,A1,1,,饿；饥饿,,"Después de cuatro horas de clase, tengo mucha hambre y quiero comer algo.",上了四小时课之后，我特别饿，想吃点东西。,hambre_1.jpg,考试路径|A1|n,专四,药；医学,十九,茶；茶水（日常话题基础词）,大创内容组_senses_table_tem4 7.18.xlsx
hora,n,f,A1,1,,小时；点钟,,Tengo una hora libre entre la primera y la segunda clase.,第一节和第二节课之间我有一小时空闲。,hora_1.jpg,义项包|考试路径|A1|n,专四,河；河流,更加；更多；再；最；非常,湖；湖泊,大创内容组_senses_table_tem4 7.18.xlsx
hospital,n,m,A1,1,,医院,,Mi compañero se lesionó jugando al fútbol y lo llevaron al hospital.,我同学踢足球受伤了，大家把他送去了医院。,hospital_1.jpg,考试路径|A1|n,专四,东西；物品,十二,二,大创内容组_senses_table_tem4 7.18.xlsx
hoy,adv,n/a,A1,1,,今天,,Hoy debemos entregar el ensayo sobre cultura hispánica.,今天我们必须提交关于西语文化的论文。,hoy_1.jpg,义项包|考试路径|A1|adv,专四,我的,年；年份,阴性单数定冠词；您；他；她；它,大创内容组_senses_table_tem4 7.18.xlsx
idea,n,f,A1,1,,想法；主意；观点,,Tengo una idea muy buena para el proyecto del concurso de innovación de nuestra universidad.,我对学校创新大赛的项目有一个非常棒的想法。,idea_1.jpg,考试路径|A1|n,专四,在附近；不远,明天,窗户；玻璃窗,大创内容组_senses_table_tem4 7.18.xlsx
isla,n,f,A1,1,,岛；岛屿,,Las islas Baleares son un destino favorito para los turistas europeos en vacaciones.,巴利阿里群岛是欧洲游客度假的热门目的地。,isla_1.jpg,考试路径|A1|n,专四,高的；高级的；高层的,河；河流,海滩；沙滩,大创内容组_senses_table_tem4 7.20.xlsx
joven,n,n/a,A1,1,,年轻的；年轻人,,Los jóvenes estudiantes de español organizaron una fiesta cultural en el campus.,年轻的西班牙语学生们在校园里组织了一场文化派对。,joven_1.jpg,考试路径|A1|n,专四,阳性单数定冠词,嘴；嘴巴,眼睛；目光,大创内容组_senses_table_tem4 9.26.xlsx
jueves,n,m,A1,1,,星期四,,El jueves es el día que dedicamos a practicar la comprensión auditiva grupal.,周四是我们专门进行小组听力练习的日子。,jueves_1.jpg,考试路径|A1|n,专四,白色的；空白的（纸张等）,手,喝；饮用,大创内容组_senses_table_tem4 7.18.xlsx
julio,n,m,A1,1,,七月,,Julio es el mes de las vacaciones de verano para todos los estudiantes españoles.,七月是所有西班牙学生的暑假月份。,julio_1.jpg,考试路径|A1|n,专四,大学；高校,十,地铁,大创内容组_senses_table_tem4 7.18.xlsx
la,n,n/a,A1,1,,阴性单数定冠词；您；他；她；它,,La biblioteca es el lugar perfecto para estudiar español en silencio.,图书馆是安静学习西班牙语的完美场所。,la_1.jpg,考试路径|A1|n,专四,立刻；马上；之后；然后,苹果,十九,大创内容组_senses_table_tem4 10.3.xlsx
lago,n,m,A1,1,,湖；湖泊,,El lago de Sanabria es el lago más grande de España y un destino turístico popular.,萨纳布里亚湖是西班牙最大的湖泊，也是一个受欢迎的旅游目的地。,lago_1.jpg,考试路径|A1|n,专四,大学；高校,小时；点钟,问题；难题；困难,大创内容组_senses_table_tem4 7.20.xlsx
las,n,n/a,A1,1,,阴性复数定冠词；诸位；她们；它们,,Las estudiantes de intercambio organizaron una exposición sobre sus países.,交换生们组织了一场关于他们国家的展览。,las_1.jpg,考试路径|A1|n,专四,更加；更多；再；最；非常,鼻子,他们；它们,大创内容组_senses_table_tem4 10.3.xlsx
leche,n,f,A1,1,,牛奶；乳制品饮品（写作常用）,,Me gusta tomar un vaso de leche caliente antes de dormir todas las noches del invierno.,冬天的每晚我都喜欢睡前喝一杯热牛奶。,leche_1.jpg,义项包|考试路径|A1|n,专四,小汽车；私家车,当…时,十,大创内容组_senses_table_tem4 7.18.xlsx
los,n,n/a,A1,1,,阳性复数定冠词；诸位；他们；它们,,Los estudiantes de español organizaron una exposición sobre cultura hispánica.,西班牙语学生们组织了一场关于西班牙文化的展览。,los_1.jpg,考试路径|A1|n,专四,在附近；不远,食物；饭菜（通用吃食统称）,部分；局部,大创内容组_senses_table_tem4 10.3.xlsx
luego,adv,n/a,A1,1,,立刻；马上；之后；然后,,Primero leemos el texto y luego respondemos las preguntas de comprensión.,我们先读课文，然后回答理解题。,luego_1.jpg,考试路径|A1|adv,专四,音乐；乐曲,脚；足,耳朵,大创内容组_senses_table_tem4 10.3.xlsx
madre,n,f,A1,1,,母亲,,Mi madre me llama todas las noches para preguntarme cómo me va en la universidad.,我妈妈每晚都打电话问我大学过得怎么样。,madre_1.jpg,义项包|考试路径|A1|n,专四,小时；点钟,在附近；不远,医生；大夫,大创内容组_senses_table_tem4 10.3.xlsx
mamá,n,f,A1,1,,妈妈,,Mi mamá me prepara la comida cada vez que vuelvo a casa los fines de semana.,我妈妈每次我周末回家都给我做饭。,mama_1.jpg,考试路径|A1|n,专四,分钟,阳性单数定冠词,西班牙的；西班牙人；西班牙语,大创内容组_senses_table_tem4 10.3.xlsx
mano,n,f,A1,1,,手,,Escribe mucho a mano para practicar la ortografía de las palabras nuevas.,他大量手写练习，巩固新单词的拼写。,mano_1.jpg,考试路径|A1|n,专四,二,困；睡意；梦,高的；高级的；高层的,大创内容组_senses_table_tem4 7.18.xlsx
manzana,n,f,A1,1,,苹果,,Una manzana al día es un snack saludable para los estudiantes.,每天一个苹果是学生们的健康零食。,manzana_1.jpg,考试路径|A1|n,专四,的；来自；从,从；自（表起点）,月份；一个月,大创内容组_senses_table_tem4 10.3.xlsx
martes,n,m,A1,1,,星期二,,El martes por la mañana tenemos clase de gramática española obligatoria.,每周二上午我们有必修西班牙语语法课。,martes_1.jpg,考试路径|A1|n,专四,肉类（通用统称，饮食话题核心）,海滩；沙滩,饮用水；清水（专四写作高频基础词）,大创内容组_senses_table_tem4 7.18.xlsx
mañana,n,f,A1,1,,早上；上午,,Estudio vocabulario cada mañana antes de entrar al aula.,每天上午进教室前我都会背单词。,manana_1.jpg,义项包|考试路径|A1|n,专四,头；头部,月份；一个月,牛奶；乳制品饮品（写作常用）,大创内容组_senses_table_tem4 7.18.xlsx
mañana,adv,n/a,A1,2,,明天,,Mañana tendremos un examen de vocabulario muy importante.,明天我们有一场十分重要的词汇测试。,manana_2.jpg,义项包|考试路径|A1|adv,专四,山；山脉,分钟,阳性单数定冠词,大创内容组_senses_table_tem4 7.18.xlsx
me,pron,n/a,A1,1,,我（用作补语）,,Mi profesor me recomendó leer novelas en español para mejorar el vocabulario.,我的老师建议我读西班牙语小说来提高词汇量。,me_1.jpg,考试路径|A1|pron,专四,医院,水果（统称，阅读高频）,秒；秒钟,大创内容组_senses_table_tem4 10.3.xlsx
medicina,n,f,A1,1,,药；医学,,Toma esta medicina tres veces al día después de comer cada comida.,这个药一天吃三次，每顿饭后服用。,medicina_1.jpg,考试路径|A1|n,专四,阳性单数定冠词,妈妈,在；在…里面；在…上面,大创内容组_senses_table_tem4 7.18.xlsx
menos,adv,n/a,A1,1,,少；差；不如；不足；除去,,Este semestre tengo menos tiempo libre porque tengo más asignaturas.,这个学期我空闲时间更少，因为课程更多。,menos_1.jpg,考试路径|A1|adv,专四,脚；足,脸；面孔,二,大创内容组_senses_table_tem4 10.3.xlsx
mes,n,m,A1,1,,月份；一个月,,Cada mes aprendo cien palabras nuevas de nivel B1.,每个月我学习一百个 B1 级新单词。,mes_1.jpg,考试路径|A1|n,专四,苹果,医院,现在；此刻,大创内容组_senses_table_tem4 7.18.xlsx
metro,n,m,A1,1,,地铁,,En Madrid el metro funciona hasta la una de la madrugada los fines de semana.,马德里地铁周末运营到凌晨一点。,metro_1.jpg,考试路径|A1|n,专四,十七,我（用作补语）,星期四,大创内容组_senses_table_tem4 7.18.xlsx
mi,adj,n/a,A1,1,,我的,,Mi profesor de español es de Salamanca y habla muy claro.,我的西班牙语老师来自萨拉曼卡，说话非常清楚。,mi_1.jpg,考试路径|A1|adj,专四,我（用作补语）,自行车,眼睛；目光,大创内容组_senses_table_tem4 10.3.xlsx
mil,n,n/a,A1,1,,千；成千上万,,La biblioteca tiene más de mil libros en español para los estudiantes.,图书馆有超过一千本西班牙语书籍供学生使用。,mil_1.jpg,考试路径|A1|n,专四,饿；饥饿,窗户；玻璃窗,阳性单数定冠词,大创内容组_senses_table_tem4 10.3.xlsx
minuto,n,m,A1,1,,分钟,,Cada ejercicio de audición dura quince minutos en el examen.,考试里每道听力题时长十五分钟。,minuto_1.jpg,义项包|考试路径|A1|n,专四,那儿（在那边）,昨天,夜晚；夜里,大创内容组_senses_table_tem4 7.18.xlsx
miércoles,n,m,A1,1,,星期三,,Cada miércoles por la tarde realizamos intercambios lingüísticos en el salón común.,每周三下午我们在公共活动室开展语言交换。,miercoles_1.jpg,考试路径|A1|n,专四,牛奶；乳制品饮品（写作常用）,秒；秒钟,医生；大夫,大创内容组_senses_table_tem4 7.18.xlsx
mochila,n,f,A1,1,,书包；双肩背包,,Todos los días llevo la mochila llena de libros y cuadernos a la universidad.,我每天都背着装满书和本子的书包去学校。,mochila_1.jpg,考试路径|A1|n,专四,在附近；不远,眼睛；目光,每；每个,大创内容组_senses_table_tem4 7.18.xlsx
montaña,n,f,A1,1,,山；山脉,,"En invierno, las montañas del norte de España están cubiertas de nieve blanca.",冬天，西班牙北部的山脉覆盖着白雪。,montana_1.jpg,考试路径|A1|n,专四,鼻子,饿；饥饿,我（用作补语）,大创内容组_senses_table_tem4 7.20.xlsx
mujer,n,f,A1,1,,妇女；女人；妻子,,La mujer que dirige el departamento de español es muy respetada por todos.,领导西班牙语系的那位女士深受所有人尊敬。,mujer_1.jpg,义项包|考试路径|A1|n,专四,妈妈,河；河流,阳性单数定冠词,大创内容组_senses_table_tem4 10.3.xlsx
más,adv,n/a,A1,1,,更加；更多；再；最；非常,,Necesito más tiempo para estudiar español porque quiero hablar con fluidez.,我需要更多时间学习西班牙语，因为我想流利地说。,mas_2.jpg,考试路径|A1|adv,专四,阴性单数定冠词；您；他；她；它,湖；湖泊,星期五,大创内容组_senses_table_tem4 10.3.xlsx
médico,n,n/a,A1,1,,医生；大夫,,"Si no te encuentras bien, ve al médico para que te revise bien.",如果你不舒服，就去看医生好好检查一下。,medico_1.jpg,考试路径|A1|n,专四,妇女；女人；妻子,星期五,以前；从前,大创内容组_senses_table_tem4 7.18.xlsx
mí,pron,n/a,A1,1,,我（与前置词连用）,,"Este libro es para mí, me lo regaló mi madre por mi cumpleaños.",这本书是给我的，是我妈妈送给我的生日礼物。,mi_pron_1.jpg,考试路径|A1|pron,专四,这里；在这儿,河；河流,千；成千上万,大创内容组_senses_table_tem4 10.3.xlsx
mío,adj,n/a,A1,1,,我的,,"Este cuaderno es mío, no lo confundas con el tuyo.",这个笔记本是我的，别和你的搞混了。,mio_1.jpg,考试路径|A1|adj,专四,他们；它们,现在；此刻,每；每个,大创内容组_senses_table_tem4 10.3.xlsx
música,n,f,A1,1,,音乐；乐曲,,La música latina es muy alegre y se baila en muchas fiestas de todo el mundo actualmente.,拉丁音乐非常欢快，如今全世界很多派对上都会跳。,musica_1.jpg,考试路径|A1|n,专四,之后；随后,如此；这样；以这种方式,蔬菜；青菜（日常写作必备）,大创内容组_senses_table_tem4 7.18.xlsx
nariz,n,f,A1,1,,鼻子,,Tengo la nariz tapada porque estoy resfriado desde hace tres días.,我鼻子不通气，因为已经感冒三天了。,nariz_1.jpg,考试路径|A1|n,专四,那儿（在那边）,明天,分钟,大创内容组_senses_table_tem4 7.18.xlsx
noche,n,f,A1,1,,夜晚；夜里,,Me gusta leer novelas en español cada noche antes de dormir.,每晚睡前我喜欢读西班牙语小说。,noche_1.jpg,义项包|考试路径|A1|n,专四,西班牙的；西班牙人；西班牙语,十六,耳朵,大创内容组_senses_table_tem4 7.18.xlsx
objeto,n,m,A1,1,,物品；物件,,Sobre la mesa del estudio hay muchos objetos útiles como lápices y cuadernos.,书桌上有许多有用的物品，比如铅笔和笔记本。,objeto_1.jpg,考试路径|A1|n,专四,妇女；女人；妻子,七月,多少（疑问/感叹）,大创内容组_senses_table_tem4 7.19.xlsx
ojo,n,m,A1,1,,眼睛；目光,,"Después de leer mucho tiempo, hay que descansar los ojos mirando a lo lejos.",长时间阅读后，要远眺让眼睛休息一下。,ojo_1.jpg,考试路径|A1|n,专四,音乐；乐曲,手表；挂钟；时钟,渴；口渴,大创内容组_senses_table_tem4 7.18.xlsx
oreja,n,f,A1,1,,耳朵,,Pon atención con las orejas para entender bien el ejercicio de audición.,用耳朵认真听，才能做好听力题。,oreja_1.jpg,考试路径|A1|n,专四,十九,夜晚；夜里,湖；湖泊,大创内容组_senses_table_tem4 7.18.xlsx
pan,n,m,A1,1,,面包（主食，专四搭配高频）,,Todas las mañanas compro pan fresco en la panadería de la esquina de mi casa.,我每天早上都去我家街角的面包店买新鲜面包。,pan_1.jpg,义项包|考试路径|A1|n,专四,千；成千上万,星期五,明天,大创内容组_senses_table_tem4 7.18.xlsx
parte,n,f,A1,1,,部分；局部,,La parte más difícil del examen de español es la comprensión auditiva para muchos alumnos.,对很多学生来说，西语考试最困难的部分是听力理解。,parte_1.jpg,考试路径|A1|n,专四,今天,十二,那儿（在那边）,大创内容组_senses_table_tem4 7.19.xlsx
pie,n,m,A1,1,,脚；足,,"Después de caminar todo el día por la ciudad, me duelen mucho los pies.",在城里走了一整天之后，我的脚特别疼。,pie_1.jpg,考试路径|A1|n,专四,更加；更多；再；最；非常,湖；湖泊,小时；点钟,大创内容组_senses_table_tem4 7.18.xlsx
pierna,n,f,A1,1,,腿；腿部,,Corrí media hora por el parque y ahora me duelen las piernas.,我在公园跑了半小时，现在腿很疼。,pierna_1.jpg,考试路径|A1|n,专四,秒；秒钟,年轻的；年轻人,分钟,大创内容组_senses_table_tem4 7.18.xlsx
playa,n,f,A1,1,,海滩；沙滩,,"Durante el verano, las playas de la costa mediterránea están llenas de bañistas.",夏天，地中海沿岸的海滩上挤满了游泳的人。,playa_1.jpg,考试路径|A1|n,专四,现在；此刻,物品；物件,四,大创内容组_senses_table_tem4 7.20.xlsx
problema,n,m,A1,1,,问题；难题；困难,,El mayor problema de los estudiantes principiantes es la conjugación de los verbos irregulares.,初级学生最大的问题是不规则动词的变位。,problema_1.jpg,考试路径|A1|n,专四,车站；站点,想法；主意；观点,月份；一个月,大创内容组_senses_table_tem4 7.19.xlsx
puerta,n,f,A1,1,,房门；大门；门口,,"Por favor, cierra la puerta al entrar para no hacer ruido a los demás compañeros.",进来的时候请关上门，别吵到其他同学。,puerta_1.jpg,考试路径|A1|n,专四,在；位于,从；自（表起点）,森林；树林,大创内容组_senses_table_tem4 7.18.xlsx
reloj,n,m,A1,1,,手表；挂钟；时钟,,El reloj de la pared de la clase marca las tres de la tarde exactamente.,教室墙上的钟正好指向下午三点。,reloj_1.jpg,考试路径|A1|n,专四,困；睡意；梦,下午；傍晚,他们；它们,大创内容组_senses_table_tem4 7.18.xlsx
río,n,m,A1,1,,河；河流,,El río Tajo atraviesa la ciudad de Toledo y ofrece unas vistas impresionantes.,塔霍河穿过托莱多市，提供了令人印象深刻的景色。,rio_1.jpg,考试路径|A1|n,专四,手,从；自（表起点）,想法；主意；观点,大创内容组_senses_table_tem4 7.20.xlsx
sed,n,f,A1,1,,渴；口渴,,"Después de hacer deporte, da mucha sed y hay que beber mucha agua.",运动完会很渴，得多喝水。,sed_1.jpg,考试路径|A1|n,专四,妈妈,阳性复数定冠词；诸位；他们；它们,我（与前置词连用）,大创内容组_senses_table_tem4 7.18.xlsx
segundo,n,m,A1,1,,秒；秒钟,,Espera unos segundos que termine de apuntar la palabra.,等我几秒钟，我把这个单词记完。,segundo_1.jpg,考试路径|A1|n,专四,我的,母亲,脚；足,大创内容组_senses_table_tem4 7.18.xlsx
semana,n,f,A1,1,,星期；一周,,Cada semana hacemos un dictado en la clase de español.,每周西语课我们都会进行一次听写。,semana_1.jpg,义项包|考试路径|A1|n,专四,小时；点钟,他,年轻的；年轻人,大创内容组_senses_table_tem4 7.18.xlsx
sol,n,m,A1,1,,太阳；阳光,,El sol brilla intensamente en el cielo andaluz durante todo el verano.,安达卢西亚的整个夏天太阳都炽热地照耀着。,sol_1.jpg,考试路径|A1|n,专四,物品；物件,早上；上午,妈妈,大创内容组_senses_table_tem4 7.20.xlsx
sueño,n,m,A1,1,,困；睡意；梦,,Tengo mucho sueño porque me acosté muy tarde estudiando anoche.,我特别困，因为昨晚学习到很晚才睡。,sueno_1.jpg,考试路径|A1|n,专四,妇女；女人；妻子,我（与前置词连用）,医生；大夫,大创内容组_senses_table_tem4 7.18.xlsx
tarde,n,f,A1,1,,下午；傍晚,,Por la tarde vamos a la biblioteca a repasar gramática.,下午我们去图书馆复习语法。,tarde_1.jpg,义项包|考试路径|A1|n,专四,星期二,相信,她,大创内容组_senses_table_tem4 7.18.xlsx
tren,n,m,A1,1,,火车；列车,,El tren de alta velocidad llega a Barcelona en dos horas escasas.,高铁两小时就能抵达巴塞罗那。,tren_1.jpg,考试路径|A1|n,专四,医院,下午；傍晚,咖啡（校园、生活高频词）,大创内容组_senses_table_tem4 7.18.xlsx
té,n,m,A1,1,,茶；茶水（日常话题基础词）,,"Cuando hace frío, me gusta tomar una taza de té caliente con un poco de miel natural.",天冷的时候，我喜欢喝一杯加了一点天然蜂蜜的热茶。,te_1.jpg,考试路径|A1|n,专四,千；成千上万,火车；列车,妈妈,大创内容组_senses_table_tem4 7.18.xlsx
universidad,n,f,A1,1,,大学；高校,,Mi hermana mayor estudia medicina en la universidad más famosa de todo el país entero.,我姐姐在全国最有名的大学学医。,universidad_1.jpg,考试路径|A1|n,专四,我的,心脏；心,饿；饥饿,大创内容组_senses_table_tem4 7.18.xlsx
ventana,n,f,A1,1,,窗户；玻璃窗,,Abre la ventana para que entre aire fresco en la habitación tan cerrada.,把窗户打开吧，让新鲜空气进到这么闷的房间里。,ventana_1.jpg,考试路径|A1|n,专四,东西；物品,妈妈,问题；难题；困难,大创内容组_senses_table_tem4 7.18.xlsx
verdura,n,f,A1,1,,蔬菜；青菜（日常写作必备）,,Mi madre siempre cocina mucha verdura en las comidas para que estemos muy sanos.,我妈妈做饭总是放很多蔬菜，让我们保持健康。,verdura_1.jpg,考试路径|A1|n,专四,星期五,脚；足,渴；口渴,大创内容组_senses_table_tem4 7.18.xlsx
viernes,n,m,A1,1,,星期五,,Los viernes terminamos las clases más temprano para organizar actividades culturales.,周五我们下课更早，用来组织各类文化活动。,viernes_1.jpg,考试路径|A1|n,专四,湖；湖泊,医院,面包（主食，专四搭配高频）,大创内容组_senses_table_tem4 7.18.xlsx
él,pron,n/a,A1,1,,他,,Él es mi compañero de clase y siempre me ayuda con la pronunciación.,他是我的同班同学，总是帮我练习发音。,el_pron_1.jpg,义项包|考试路径|A1|pron,专四,森林；树林,房门；大门；门口,音乐；乐曲,大创内容组_senses_table_tem4 9.13.xlsx
Navidad,n,f,A2,1,,圣诞节,,"En Navidad, los estudiantes de intercambio conocen las tradiciones españolas.",圣诞节期间，交换生们了解西班牙传统。,navidad_1.jpg,考试路径|A2|n,专四,马,收据；凭条,疼痛；疼,大创内容组_senses_table_tem4 10.3.xlsx
abril,n,m,A2,1,,四月,,En abril llueve frecuentemente así que siempre llevo un paraguas en la mochila.,四月经常下雨，我书包里总带一把伞。,abril_1.jpg,考试路径|A2|n,专四,兴趣；关注,十一月,雨；雨水,大创内容组_senses_table_tem4 7.18.xlsx
abrir,v,n/a,A2,1,,打开；开启；翻开,,"Por favor, abre la ventana para que entre aire fresco en la habitación.",请打开窗户，让新鲜空气进入房间。,abrir_1.jpg,义项包|考试路径|A2|v,专四,校园,放入；塞进,命令；委托；委派；寄发,大创内容组_senses_table_tem4 7.17.xlsx
abrir,v,n/a,A2,2,,开门；开业；开放,,La biblioteca de la universidad abre todos los días de 8 de la mañana a 10 de la noche.,大学图书馆每天早上 8 点到晚上 10 点开放。,abrir_2.jpg,考试路径|A2|v,专四,快的；迅速的；敏捷的,认真的；严肃,喜欢；使喜爱；中意,大创内容组_senses_table_tem4 7.17.xlsx
aburrir,v,n/a,A2,1,,使厌烦；使无聊；感到厌烦；感到无聊,,"Si no tienes nada que hacer, es fácil aburrirte en casa durante todo el día.",如果你没什么事做，很容易一整天在家都觉得无聊。,aburrir_1.jpg,考试路径|A2|v,专四,苍蝇,感到；处于某种状态；年龄,表示；表达；讲述,大创内容组_senses_table_tem4 7.17.xlsx
acento,n,m,A2,1,,重音；（书面）尖音符,,"En español el acento gráfico marca la sílaba tónica, como en «café» o «información».",西语里尖音符标出重读音节，例如 café 或 información。,acento_1.jpg,考试路径|A2|n,专四,非常；很；大量地,手机；电话机,笤帚；扫帚,大创内容组_senses_table_tem4_with_images.xlsx
aceptar,v,n/a,A2,1,,接受；认可；同意,,Debes aceptar las críticas de tu profesor si quieres mejorar tu escritura en español.,如果你想提高你的西语写作，就必须接受老师的批评。,aceptar_1.jpg,考试路径|A2|v,专四,小写字母,在上面；身上,爱上；喜欢上,大创内容组_senses_table_tem4 7.17.xlsx
aconsejar,v,n/a,A2,1,,建议；劝告；指导,,El tutor suele aconsejar a los alumnos que repasen diariamente los verbos irregulares para el examen.,导师经常建议学生们每天复习不规则动词以便应对考试。,aconsejar_1.jpg,考试路径|A2|v,专四,马,解释；讲解；说明,学校,大创内容组_senses_table_tem4 7.16.xlsx
activo,adj,n/a,A2,1,,积极的；活跃,,Ella es muy activa en las actividades de debate en nuestra facultad.,她在学院辩论活动中十分积极活跃。,activo_1.jpg,考试路径|A2|adj,专四,古巴的；古巴人,摩托车,在前面；前方,大创内容组_senses_table_tem4 7.18.xlsx
aeropuerto,n,m,A2,1,,机场,,Mañana voy al aeropuerto para recibir a mi compañero de intercambio.,明天我去机场接我的交换同学。,aeropuerto_1.jpg,考试路径|A2|n,专四,典范；榜样；例子,美的；美好的；漂亮的,距离,大创内容组_senses_table_tem4 7.18.xlsx
agosto,n,m,A2,1,,八月,,Muchas familias viajan por España durante todo el mes de agosto.,很多家庭整个八月都在西班牙境内旅行。,agosto_1.jpg,考试路径|A2|n,专四,换衣服；改变；变化,多米尼加的；多米尼加人,摩托车,大创内容组_senses_table_tem4 7.18.xlsx
ahora,adv,n/a,A2,2,,马上；立刻,,"Ve a la tienda ahora, antes de que cierren, y compra el pan para la cena.",马上去商店，趁还没关门，买晚餐用的面包。,ahora_2.jpg,考试路径|A2|adv,专四,中午；正午,向后；朝后；在后边；以前（时间上）,邀请；请客,大创内容组_senses_table_tem4 7.30.xlsx
ahorrar,v,n/a,A2,1,,节省；节约；储蓄；存钱,,"Para viajar el próximo verano, estoy ahorrando dinero cada mes en mi cuenta bancaria.",为了明年夏天去旅行，我每个月都在银行账户里存钱。,ahorrar_1.jpg,考试路径|A2|v,专四,国际象棋,拿出；取出,婚礼,大创内容组_senses_table_tem4 7.17.xlsx
aire,n,m,A2,1,,空气,,Es importante abrir la ventana para que entre aire fresco en la habitación.,打开窗户让新鲜空气进入房间很重要。,aire_1.jpg,考试路径|A2|n,专四,电；电流,大西洋的,打扫；清洁；清理,大创内容组_senses_table_tem4 7.30.xlsx
ajedrez,n,m,A2,1,,国际象棋,,Mi abuelo me enseñó a jugar al ajedrez cuando tenía solo ocho años de edad.,我爷爷在我只有八岁时就教我下国际象棋了。,ajedrez_1.jpg,考试路径|A2|n,专四,自然；大自然；本性,公园；园区,九月,大创内容组_senses_table_tem4 7.30.xlsx
ajo,n,m,A2,1,,大蒜,,"Para hacer una buena salsa española, necesitas añadir ajo y aceite de oliva.",要做一份好的西班牙酱汁，你需要加入大蒜和橄榄油。,ajo_1.jpg,考试路径|A2|n,专四,起来！起来吧！,家；家庭；住所,苍蝇,大创内容组_senses_table_tem4 7.30.xlsx
ala,n,f,A2,1,,翼；翅膀,,El águila extendió sus alas y voló hacia el cielo azul con gran elegancia.,雄鹰展开翅膀，优雅地飞向蓝天。,ala_1.jpg,考试路径|A2|n,专四,假期；休假,驴,较好的；更好的；最好的；较好地；宁可,大创内容组_senses_table_tem4 7.30.xlsx
alcalde,n,m,A2,1,,市长；镇长,,El alcalde inauguró el nuevo parque público con un discurso breve y emotivo.,市长用一个简短而感人的演讲为新公园揭幕。,alcalde_1.jpg,考试路径|A2|n,专四,公司；企业,目的地；终点,卧室；宿舍,大创内容组_senses_table_tem4 7.30.xlsx
aldea,n,f,A2,1,,村庄；村子,,Mis abuelos viven en una aldea pequeña rodeada de montañas y campos verdes.,我的祖父母住在一个被山峦和绿色田野环绕的小村庄里。,aldea_1.jpg,考试路径|A2|n,专四,尝试；尽力,猴子,没耐心的；急躁,大创内容组_senses_table_tem4 7.30.xlsx
alegrar,v,n/a,A2,1,,使高兴；使愉快,,La noticia de su aprobado alegró a toda la familia que esperaba ansiosa el resultado.,他通过考试的消息让焦急等待结果的整个家人都很高兴。,alegrar_1.jpg,考试路径|A2|v,专四,受欢迎的；欢迎,艺术；美术；技艺,周六,大创内容组_senses_table_tem4 7.30.xlsx
alegrarse,v,n/a,A2,1,,感到高兴；感到开心,,Me alegro mucho de que hayas aprobado el examen de español con una nota excelente.,我非常开心你以优异的成绩通过了西语考试。,alegrarse_1.jpg,考试路径|A2|v,专四,暖气；供暖,雪；积雪,小船；小艇,大创内容组_senses_table_tem4 7.17.xlsx
alemán,n,n/a,A2,1,,德国的；德国人；德语,,"Mi compañero de piso es alemán, pero habla español con mucha fluidez y soltura.",我的室友是德国人，但他西班牙语说得非常流利自如。,aleman_1.jpg,考试路径|A2|n,专四,课；课程；班级,地图,舞蹈,大创内容组_senses_table_tem4 7.30.xlsx
alfabeto,n,m,A2,1,,字母表,,Los niños aprenden el alfabeto en los primeros años de la educación primaria.,孩子们在小学教育的最初几年学习字母表。,alfabeto_1.jpg,考试路径|A2|n,专四,教师；师傅；大师；导师,先前的；前面的,行李箱；手提箱,大创内容组_senses_table_tem4 7.30.xlsx
alfombra,n,f,A2,1,,地毯,,"La alfombra del salón es muy suave y cálida, perfecta para los días fríos de invierno.",客厅的地毯非常柔软温暖，非常适合寒冷的冬日。,alfombra_1.jpg,考试路径|A2|n,专四,十月,开始；着手；启动,书店,大创内容组_senses_table_tem4 7.30.xlsx
algo,adv,n/a,A2,2,,一点儿；稍微,,"Después del descanso, me siento algo mejor y puedo seguir estudiando.",休息之后，我感觉稍微好一点了，可以继续学习了。,algo_2.jpg,考试路径|A2|adv,专四,哪个（疑问）,汤；高汤,领导人；主任；导演,大创内容组_senses_table_tem4 7.30.xlsx
alguno,n,n/a,A2,1,,某个；某些；一些（肯定/否定）,,"Algunos estudiantes prefieren estudiar en la biblioteca, otros estudian en casa tranquilamente.",一些学生喜欢在图书馆学习，另一些则安静地在家学习。,alguno_1.jpg,考试路径|A2|n,专四,书；书籍；著作,带来；拿来；携来,机场,大创内容组_senses_table_tem4 7.30.xlsx
allá,adv,n/a,A2,1,,在那儿；往那儿（较远处）,,"Si sigues caminando hacia allá, llegarás al parque central de la ciudad.",如果你继续往那边走，你会到达城市的中央公园。,alla_1.jpg,考试路径|A2|adv,专四,动物的；动物,茎，秆,舌头；语言,大创内容组_senses_table_tem4 7.30.xlsx
almohada,n,f,A2,1,,枕头；椅垫,,No puedo dormir sin mi almohada favorita cuando viajo a otras ciudades.,我去其他城市旅行时，没有我最喜欢的枕头就睡不着。,almohada_1.jpg,考试路径|A2|n,专四,叫；呼喊；称呼,书；书籍；著作,冬天,大创内容组_senses_table_tem4 7.30.xlsx
almorzar,v,n/a,A2,1,,吃午餐,,Los estudiantes almuerzan en la cafetería universitaria entre las dos y las tres.,学生们下午两点到三点之间在大学食堂吃午餐。,almorzar_1.jpg,考试路径|A2|v,专四,衣箱；大箱子,雨；雨水,项目；计划；方案,大创内容组_senses_table_tem4 7.20.xlsx
alrededor,adv,n/a,A2,1,,周围；在四周,,Los estudiantes se sentaron alrededor de la mesa para discutir el proyecto en grupo.,学生们围坐在桌子周围，分组讨论这个项目。,alrededor_1.jpg,考试路径|A2|adv,专四,面貌；外表,关掉；熄灭（灯/火）,哎（用于招呼、提醒、加强语气等）,大创内容组_senses_table_tem4 7.30.xlsx
altavoz,n,m,A2,1,,扬声器；喇叭,,El profesor usó un altavoz para que todos los estudiantes pudieran escuchar sus explicaciones.,老师用了扬声器，好让所有学生都能听到他的讲解。,altavoz_1.jpg,考试路径|A2|n,专四,老板；上司；主管,收银员；出纳员,预约；（也指）约会,大创内容组_senses_table_tem4 7.30.xlsx
alto,adv,n/a,A2,2,,大声地,,El profesor habló más alto para que los estudiantes de la última fila pudieran oírle bien.,老师提高了音量说话，好让最后一排的学生能听清楚。,alto_4.jpg,考试路径|A2|adv,专四,切割；切开,戏剧；剧院；舞台,亚洲的；亚洲人,大创内容组_senses_table_tem4 7.30.xlsx
alto,int,n/a,A2,3,,立定；站住,,El policía gritó «¡Alto!» al sospechoso que intentaba huir corriendo por la calle.,警察对试图沿街逃跑的嫌疑人喊道“站住！”。,alto_5.jpg,考试路径|A2|int,专四,到达；抵达；到,方向,服务员；侍者,大创内容组_senses_table_tem4 7.30.xlsx
altura,n,f,A2,1,,高度,,La altura de la montaña es de más de tres mil metros sobre el nivel del mar.,这座山的海拔高度超过三千米。,altura_1.jpg,考试路径|A2|n,专四,美国的；美国人,充满；填写；填补；吃饱,圣诞节,大创内容组_senses_table_tem4 7.30.xlsx
alumno,n,m,A2,1,,学生；学员,,Cada alumno debe entregar su tarea antes de la clase del martes.,每个学生必须在周二上课前交作业。,alumno_1.jpg,考试路径|A2|n,专四,睡觉；入睡；休眠,害羞的；腼腆,护士,大创内容组_senses_table_tem4 7.17.xlsx
ama,n,f,A2,1,,女主人；女管家,,La ama de la casa preparó un delicioso desayuno para todos los invitados.,女主人为所有客人准备了一顿美味的早餐。,ama_1.jpg,考试路径|A2|n,专四,房间,什么时候（疑问）,人；个人；人物,大创内容组_senses_table_tem4 7.30.xlsx
amable,adj,n/a,A2,1,,友善的；和蔼,,El profesor de conversación es muy amable con todos los alumnos nuevos.,口语老师对所有新生都十分和蔼友善。,amable_1.jpg,考试路径|A2|adj,专四,便宜的；廉价的,十二月,听；听到；听见,大创内容组_senses_table_tem4 7.18.xlsx
amanecer,v,n/a,A2,1,,天亮；天明,,"Durante el viaje, nos despertamos temprano para ver amanecer sobre las montañas.",旅行期间，我们早早醒来，去看日出照在山脉上的景象。,amanecer_1.jpg,考试路径|A2|v,专四,水平；等级,先前的；前面的,朋友；友人,大创内容组_senses_table_tem4 7.30.xlsx
amar,v,n/a,A2,1,,爱；热爱；喜爱,,Amo la literatura española porque sus historias me transportan a mundos diferentes.,我热爱西班牙文学，因为它的故事能把我带到不同的世界。,amar_1.jpg,考试路径|A2|v,专四,很少；几乎不；稍微,身体的；体力的,词汇,大创内容组_senses_table_tem4 7.17.xlsx
amargo,adj,n/a,A2,1,,苦的；苦涩的,,El café sin azúcar me resulta demasiado amargo para tomarlo por la mañana.,不加糖的咖啡对我来说太苦了，早上喝不下去。,amargo_1.jpg,考试路径|A2|adj,专四,罐；瓶（容器）,金属,饼干；松糕,大创内容组_senses_table_tem4 7.20.xlsx
amarillo,n,n/a,A2,1,,黄色的；黄色,,El girasol es una flor de color amarillo brillante que sigue la dirección del sol.,向日葵是一种颜色鲜艳的黄色花朵，会随着太阳的方向转动。,amarillo_1.jpg,考试路径|A2|n,专四,受欢迎的；欢迎,地点；地方；位置,那个（远指，代词）,大创内容组_senses_table_tem4 7.30.xlsx
ambiente,n,m,A2,1,,环境；氛围,,El ambiente de la biblioteca es muy tranquilo y adecuado para estudiar sin distracciones.,图书馆的环境非常安静，适合无干扰地学习。,ambiente_1.jpg,考试路径|A2|n,专四,开始；着手；启动,遗忘（物品 / 内容）,口袋,大创内容组_senses_table_tem4 7.30.xlsx
ambos,n,n/a,A2,1,,两者；双方,,Ambos estudiantes recibieron la misma calificación en el examen final de español.,两个学生在西语期末考试中得了相同的分数。,ambos_1.jpg,考试路径|A2|n,专四,喜欢；使喜爱；中意,成熟的；成年的,有耐心的；忍耐,大创内容组_senses_table_tem4 7.30.xlsx
ambulancia,n,f,A2,1,,救护车,,"Cuando alguien se desmaya en la calle, debemos llamar inmediatamente a una ambulancia.",当有人晕倒在街上时，我们应该立即叫救护车。,ambulancia_1.jpg,考试路径|A2|n,专四,办公室；办事处,带；携带；随身带,约定；碰面；约好,大创内容组_senses_table_tem4 7.30.xlsx
americano,n,n/a,A2,1,,美洲的；美洲人；美国的；美国人,,El continente americano tiene una gran diversidad de culturas y paisajes naturales.,美洲大陆拥有丰富多样的文化和自然景观。,americano_1.jpg,考试路径|A2|n,专四,动词变位,开始；着手；启动,药店；药房,大创内容组_senses_table_tem4 7.30.xlsx
amigo,n,m,A2,1,,朋友；友人,,Los verdaderos amigos están contigo en los buenos y en los malos momentos de la vida.,真正的朋友会陪你度过人生的顺境和逆境。,amigo_1.jpg,义项包|考试路径|A2|n,专四,购物车；手推车,腕；手腕,解释；讲解；说明,大创内容组_senses_table_tem4 7.17.xlsx
amistad,n,f,A2,1,,友谊；友情,,La amistad entre los compañeros de clase es muy valiosa durante los años universitarios.,同学之间的友谊在大学岁月中非常宝贵。,amistad_1.jpg,考试路径|A2|n,专四,不及格；挂科,中性定冠词；您；他；它,疼；疼痛,大创内容组_senses_table_tem4 7.30.xlsx
anciano,n,n/a,A2,1,,年老的；老人,,El anciano del parque siempre alimenta a las palomas cada mañana con mucho cariño.,公园里的那位老人每天早上都充满慈爱地喂鸽子。,anciano_1.jpg,考试路径|A2|n,专四,有趣的；好玩的,坐下；就座,凉爽的；清新的,大创内容组_senses_table_tem4 7.30.xlsx
andar,v,n/a,A2,1,,走；行走,,Los turistas anduvieron por las calles antiguas de la ciudad durante toda la tarde.,游客们整个下午都在城市的古老街道上行走。,andar_1.jpg,考试路径|A2|v,专四,搞错；弄错,饼干；松糕,诸位；他们；她们；它们（间接补语）,大创内容组_senses_table_tem4 7.30.xlsx
andar,v,n/a,A2,2,,运转；运行；进展；进行,,"El ordenador ya no anda bien, probablemente necesita una revisión técnica urgente.",电脑已经不好好运转了，很可能需要紧急技术检修。,andar_2.jpg,考试路径|A2|v,专四,学习；研究；攻读,意大利的；意大利人；意大利语,圆珠笔；水性笔,大创内容组_senses_table_tem4 7.30.xlsx
andén,n,m,A2,1,,站台（火车站/地铁）,,El tren llegará al andén número tres dentro de diez minutos aproximadamente.,火车大约十分钟后将抵达三号站台。,anden_1.jpg,考试路径|A2|n,专四,进行；进展；处于某种状态,椅子；座椅,西方；西边,大创内容组_senses_table_tem4 7.30.xlsx
anillo,n,m,A2,1,,戒指；环形；环,,Mi madre lleva un anillo de oro que le regaló mi padre en su vigésimo aniversario.,我母亲戴着一枚金戒指，是我父亲在他们二十周年纪念日时送的。,anillo_1.jpg,考试路径|A2|n,专四,咸的；含盐的,生日,支持,大创内容组_senses_table_tem4 7.30.xlsx
animal,n,n/a,A2,1,,动物的；动物,,El león es un animal salvaje que vive en las sabanas africanas y caza en grupo.,狮子是一种生活在非洲草原上的野生动物，以群体捕猎。,animal_1.jpg,考试路径|A2|n,专四,五月,图书馆,一半的；中间的；平均的；有点儿；中间；环境；手段,大创内容组_senses_table_tem4 7.30.xlsx
aniversario,n,m,A2,1,,周年纪念日,,Este fin de semana celebramos el quinto aniversario de la fundación del club de español.,这个周末我们庆祝西语俱乐部成立五周年。,aniversario_1.jpg,考试路径|A2|n,专四,叫醒；唤醒,在…期间,边；边缘,大创内容组_senses_table_tem4 7.30.xlsx
anoche,adv,n/a,A2,1,,昨晚,,Anoche estudié hasta muy tarde para preparar el examen de historia del arte español.,昨晚我为了准备西班牙艺术史考试学习到很晚。,anoche_1.jpg,考试路径|A2|adv,专四,试穿,买；购买；采购,使厌烦；使无聊；感到厌烦；感到无聊,大创内容组_senses_table_tem4 7.30.xlsx
anochecer,v,n/a,A2,1,,入夜；天黑,,"Cuando anochece en invierno, las calles de la ciudad se iluminan con luces cálidas.",冬天入夜时，城市的街道被温暖的灯光照亮。,anochecer_1.jpg,考试路径|A2|v,专四,使费力；使困难（搭配me/te等）,差异；区别；差额,学习；学习过程,大创内容组_senses_table_tem4 7.30.xlsx
anotar,v,n/a,A2,1,,记录；记下,,"Durante la conferencia, los estudiantes anotaron los puntos más importantes en sus cuadernos.",会议期间，学生们把最重要的要点记在了笔记本上。,anotar_1.jpg,考试路径|A2|v,专四,首都，首府,重音；（书面）尖音符,学院；专科学校；研究院,大创内容组_senses_table_tem4 7.30.xlsx
anteayer,adv,n/a,A2,1,,前天,,Anteayer empezamos a leer una nueva novela de literatura española contemporánea.,前天我们开始读一本新的当代西班牙文学小说。,anteayer_1.jpg,考试路径|A2|adv,专四,先前的；前面的,（大学）本科专业；学业,周围；在四周,大创内容组_senses_table_tem4 7.30.xlsx
anterior,adj,n/a,A2,1,,先前的；前面的,,El capítulo anterior del libro explica los conceptos básicos de la gramática española.,这本书的上一章解释了西班牙语语法的基本概念。,anterior_1.jpg,考试路径|A2|adj,专四,入夜；天黑,走路；步行,稻子；大米,大创内容组_senses_table_tem4 7.30.xlsx
antiguo,adj,n/a,A2,1,,古代的；古老的；旧的；过时的,,En el centro histórico de la ciudad hay muchas iglesias antiguas muy bien conservadas.,城市的历史中心有许多保存完好的古老教堂。,antiguo_1.jpg,考试路径|A2|adj,专四,木材；木料,看；看见；看到,购物车；手推车,大创内容组_senses_table_tem4 7.30.xlsx
anual,adj,n/a,A2,1,,每年的；一年一度的,,La universidad publica un informe anual sobre los resultados académicos de los estudiantes.,大学每年发布一份关于学生学业成果的报告。,anual_1.jpg,考试路径|A2|adj,专四,语言；语种,过分的；太,喜欢；使喜爱；中意,大创内容组_senses_table_tem4 7.30.xlsx
apagar,v,n/a,A2,1,,关掉；熄灭（灯/火）,,Apaga la luz cuando salgas de la habitación para ahorrar electricidad.,离开房间时关掉灯，以节省用电。,apagar_1.jpg,考试路径|A2|v,专四,工作；劳动；上班,意味着；意思是；表示,阿拉伯的；阿拉伯人；阿拉伯语,大创内容组_senses_table_tem4 7.30.xlsx
aparcar,v,n/a,A2,1,,停车；停放,,Es difícil aparcar en el centro de la ciudad durante los fines de semana.,周末在市中心停车很困难。,aparcar_1.jpg,考试路径|A2|v,专四,艺术；美术；技艺,一月,坏地；糟糕地；坏事；邪恶；损害,大创内容组_senses_table_tem4 7.20.xlsx
aparecer,v,n/a,A2,1,,出现,,Una nueva oportunidad apareció en el momento menos esperado para todos nosotros.,一个所有人都最意想不到的时刻出现了一个新机会。,aparecer_1.jpg,考试路径|A2|v,专四,千克；公斤,文凭；证书,等待；等候；等,大创内容组_senses_table_tem4 7.30.xlsx
apenas,adv,n/a,A2,1,,几乎不；刚刚,,Apenas tengo tiempo para desayunar antes de salir corriendo a la universidad.,我几乎没有时间吃早餐就得跑着出门去大学了。,apenas_1.jpg,考试路径|A2|adv,专四,艺术；美术；技艺,看；注视；瞧,环境；氛围,大创内容组_senses_table_tem4 7.30.xlsx
apetito,n,m,A2,1,,食欲；胃口,,"Después de tanto estudiar, tengo un apetito enorme y quiero comer algo sabroso.",学了这么久之后，我食欲大增，想吃点好吃的东西。,apetito_1.jpg,考试路径|A2|n,专四,稻子；大米,狗叫；吠,与…同时；在…时候,大创内容组_senses_table_tem4 7.30.xlsx
aplaudir,v,n/a,A2,1,,鼓掌,,Todos los compañeros aplaudieron al final de la presentación del proyecto de investigación.,研究项目展示结束时，所有同学都鼓掌了。,aplaudir_1.jpg,考试路径|A2|v,专四,自由的；不受约束的；空闲的,袖子,方法；方式；式样,大创内容组_senses_table_tem4 7.30.xlsx
apoyo,n,m,A2,1,,支持,,El apoyo de mi familia fue fundamental para decidirme a estudiar español en el extranjero.,家人的支持对于我决定去国外学西班牙语至关重要。,apoyo_1.jpg,考试路径|A2|n,专四,名叫；叫做；称为,较大的；最大的；年长的；成年的,关闭；关上；合上,大创内容组_senses_table_tem4 7.30.xlsx
aprender,v,n/a,A2,1,,学习；学会；习得,,"Para aprender español bien, debes practicar hablar todos los días con nativos o compañeros.",要学好西班牙语，你必须每天和母语者或同学练习口语。,aprender_1.jpg,考试路径|A2|v,专四,很少；几乎不；稍微,巨大的,旅馆；客栈,大创内容组_senses_table_tem4 7.17.xlsx
aprendizaje,n,m,A2,1,,学习；学习过程,,"El aprendizaje de un idioma extranjero requiere tiempo, paciencia y mucha práctica diaria.",外语学习需要时间、耐心和大量的日常练习。,aprendizaje_1.jpg,考试路径|A2|n,专四,形状；图形,售货员；卖方,阿根廷的；阿根廷人,大创内容组_senses_table_tem4 7.30.xlsx
aprobar,v,n/a,A2,1,,通过（考试）,,"Si estudias cada día un poco, es más fácil aprobar la asignatura sin estudiar todo la noche anterior.",如果你每天学一点，不必考前熬夜也能更容易通过这门课。,aprobar_1.jpg,考试路径|A2|v,专四,车票；入场券；彩票,小船；小艇,国家；国度,大创内容组_senses_table_tem4_with_images.xlsx
apuntar,v,n/a,A2,1,,记录；记下,,"Durante la clase, es importante apuntar las palabras nuevas que el profesor explica.",上课时，记下老师解释的新单词很重要。,apuntar_1.jpg,考试路径|A2|v,专四,温度；气温,马上；立刻,教师；师傅；大师；导师,大创内容组_senses_table_tem4 7.30.xlsx
apuntes,n,m,A2,1,,笔记（常用复数）,,Después de clase organizo mis apuntes con colores para recordar mejor las reglas de conjugación.,下课后我会用颜色整理笔记，以便更好地记住变位规则。,apuntes_1.jpg,考试路径|A2|n,专四,整理；收拾；安排；布置,枕头；椅垫,目的地；终点,大创内容组_senses_table_tem4_with_images.xlsx
aquel,adj,n/a,A2,1,,那个（远指）,,Aquel libro que leíste en la biblioteca es uno de los mejores que he conocido.,你在图书馆读的那本书是我所知道的最好的书之一。,aquel_1.jpg,考试路径|A2|adj,专四,派；派遣,游客；旅游者,有趣的；好玩的,大创内容组_senses_table_tem4 7.31.xlsx
arcoíris,n,m,A2,1,,彩虹,,Después de la tormenta apareció un arcoíris precioso sobre la ciudad universitaria.,暴风雨过后，大学城上空出现了一道美丽的彩虹。,arcoiris_1.jpg,考试路径|A2|n,专四,服务员；侍者,行李箱；手提箱,关闭；关上；合上,大创内容组_senses_table_tem4 7.20.xlsx
arena,n,f,A2,1,,沙子；沙土,,Los niños juegan en la arena de la playa y construyen castillos con sus cubos y palas.,孩子们在海滩的沙子上玩耍，用水桶和铲子堆沙堡。,arena_1.jpg,考试路径|A2|n,专四,坏的；不好的；糟糕的；差的,疲倦；厌烦,树,大创内容组_senses_table_tem4 7.31.xlsx
argentino,n,n/a,A2,1,,阿根廷的；阿根廷人,,Mi profesor de español es argentino y tiene un acento muy característico y melodioso.,我的西班牙语老师是阿根廷人，他有着非常有特色且悦耳的口音。,argentino_1.jpg,考试路径|A2|n,专四,地图,腕；手腕,交给；交付,大创内容组_senses_table_tem4 7.31.xlsx
armario,n,m,A2,1,,衣柜；立柜,,En mi armario guardo toda la ropa que necesito para las diferentes temporadas del año.,我在衣柜里存放着一年四季所需的所有衣物。,armario_1.jpg,考试路径|A2|n,专四,袖子,坏的；不好的；糟糕的；差的,高度,大创内容组_senses_table_tem4 7.31.xlsx
arquitecto,n,n/a,A2,1,,建筑师,,El arquitecto diseñó un edificio moderno y funcional para la facultad de bellas artes.,这位建筑师为美术学院设计了一座现代而实用的建筑。,arquitecto_1.jpg,考试路径|A2|n,专四,自己的；本人的,地址,职业生涯；生涯；奔跑,大创内容组_senses_table_tem4 7.31.xlsx
arquitectura,n,f,A2,1,,建筑；建筑学,,La arquitectura de la ciudad antigua combina estilos góticos y renacentistas de forma única.,这座古老城市的建筑以独特的方式融合了哥特式和文艺复兴风格。,arquitectura_1.jpg,考试路径|A2|n,专四,意味着；意思是；表示,使用；运用,天；日子,大创内容组_senses_table_tem4 7.31.xlsx
arreglar,v,n/a,A2,1,,整理；收拾；安排；布置,,Cada mañana arreglo mi habitación antes de salir para ir a la universidad.,每天早上出门上大学之前我都收拾好房间。,arreglar_1.jpg,考试路径|A2|v,专四,参加；出席；到场,任何的；任何一个,戒指；环形；环,大创内容组_senses_table_tem4 7.31.xlsx
arreglarse,v,n/a,A2,1,,打扮；整理自己；收拾,,Tengo que arreglarme rápido para la cena de esta noche con mis compañeros de clase.,我得快点收拾打扮好，去参加今晚和同学们的聚餐。,arreglarse_1.jpg,考试路径|A2|v,专四,约定；碰面；约好,东方；东边,数量；数额,大创内容组_senses_table_tem4 7.17.xlsx
arriba,adv,n/a,A2,1,,在高处；在上面；向上,,"La biblioteca de la facultad está en el piso de arriba, solo tienes que subir las escaleras.",学院的图书馆在楼上，你只需要上楼梯就到了。,arriba_1.jpg,考试路径|A2|adv,专四,左边的；左侧的；左手；左边；左派,停车；停放,在下面；底下,大创内容组_senses_table_tem4 7.31.xlsx
arriba,int,n/a,A2,2,,起来！起来吧！,,¡Arriba! Es hora de levantarse y empezar a estudiar para los exámenes finales.,起来！该起床开始复习期末考试了。,arriba_3.jpg,考试路径|A2|int,专四,线；排；列；字行；路线,考试,纸币；票据,大创内容组_senses_table_tem4 7.31.xlsx
arrojar,v,n/a,A2,1,,投；扔；掷,,Los manifestantes arrojaron piedras contra los policías durante la protesta violenta.,抗议者在暴力示威中向警察投掷石块。,arrojar_1.jpg,考试路径|A2|v,专四,美味的；好吃的,使连接；汇集；积聚；聚集,享受；享有,大创内容组_senses_table_tem4 7.31.xlsx
arroz,n,m,A2,1,,稻子；大米,,"La paella es un plato típico español que se elabora con arroz, mariscos y verduras.",海鲜饭是一道用大米、海鲜和蔬菜制作的典型西班牙菜肴。,arroz_1.jpg,考试路径|A2|n,专四,美的；美好的；漂亮的,整理；收拾；安排；布置,丈夫；妻子,大创内容组_senses_table_tem4 7.31.xlsx
arte,n,m,A2,1,,艺术；美术；技艺,,El Museo del Prado de Madrid tiene obras de arte muy famosas de todo el mundo entero.,马德里的普拉多博物馆藏有全世界都非常有名的艺术作品。,arte_1.jpg,考试路径|A2|n,专四,英国的；英国人；英语,底部；深处,药店；药房,大创内容组_senses_table_tem4 7.18.xlsx
artista,n,n/a,A2,1,,艺术家；艺人,,Muchos artistas jóvenes exponen sus obras en la galería del centro.,很多年轻艺术家在市中心的画廊展出自己的作品。,artista_1.jpg,考试路径|A2|n,专四,数字；号码,机场,墙；墙壁,大创内容组_senses_table_tem4 7.19.xlsx
ascensor,n,m,A2,1,,电梯,,"El ascensor de la biblioteca está averiado, así que tendremos que subir por las escaleras.",图书馆的电梯坏了，所以我们不得不走楼梯上去。,ascensor_1.jpg,考试路径|A2|n,专四,紧张的；焦虑,漂亮的；好看的,文化的,大创内容组_senses_table_tem4 7.31.xlsx
asearse,v,n/a,A2,1,,洗漱；梳洗,,Me aseo rápidamente cada mañana para llegar a tiempo a la primera clase.,我每天早上快速洗漱，好准时赶到第一节课。,asearse_1.jpg,考试路径|A2|v,专四,实验室；化验室,椅子；座椅,笛子,大创内容组_senses_table_tem4 7.31.xlsx
asegurar,v,n/a,A2,1,,固定；使牢固；保证；确保,,Asegura bien la puerta con la llave antes de salir de casa para evitar robos.,出门前用钥匙把门锁好，以防被盗。,asegurar_1.jpg,考试路径|A2|v,专四,剩下；剩余；留有,出去；离开；出门,需要；必需；需求,大创内容组_senses_table_tem4 7.31.xlsx
asignatura,n,f,A2,1,,课程；科目,,Mi asignatura favorita es literatura española porque leemos textos interesantes y debatimos en clase.,我最喜欢的科目是西班牙文学，因为我们会读有趣的文本并在课上讨论。,asignatura_1.jpg,考试路径|A2|n,专四,画；图画；场面,市场；集市,问候；打招呼,大创内容组_senses_table_tem4_with_images.xlsx
asistencia,n,f,A2,1,,出席；到场,,La asistencia a las clases de español es obligatoria para todos los estudiantes del curso.,出席西语课对该课程的所有学生都是强制性的。,asistencia_1.jpg,考试路径|A2|n,专四,狗叫；吠,价格；价钱,水平；等级,大创内容组_senses_table_tem4 7.31.xlsx
asistir,v,n/a,A2,1,,参加；出席；到场,,Es importante asistir a todas las clases para no perderte los contenidos clave del curso.,出席每一节课很重要，这样你不会错过课程的核心内容。,asistir_1.jpg,考试路径|A2|v,专四,听；倾听；聆听,学院；专科学校；研究院,乘客；旅客,大创内容组_senses_table_tem4 7.17.xlsx
asiático,n,n/a,A2,1,,亚洲的；亚洲人,,La cultura asiática es muy diversa y ha influido en muchos aspectos del arte occidental.,亚洲文化非常多元，在西方艺术的许多方面都有影响。,asiatico_1.jpg,考试路径|A2|n,专四,美的；美好的；漂亮的,城市；都市；城,旅行；旅程,大创内容组_senses_table_tem4 7.31.xlsx
asno,n,m,A2,1,,驴,,El campesino cargó la leña sobre el lomo del asno para transportarla al pueblo.,农夫把柴火驮在驴背上，运到村里去。,asno_1.jpg,考试路径|A2|n,专四,等待；等候；等,城市；都市；城,记录；记下,大创内容组_senses_table_tem4 7.31.xlsx
aspecto,n,m,A2,1,,面貌；外表,,El aspecto físico de la ciudad ha cambiado mucho en los últimos diez años.,这座城市的面貌在过去十年里变化很大。,aspecto_1.jpg,考试路径|A2|n,专四,复习；温习,学校,歌曲,大创内容组_senses_table_tem4 7.31.xlsx
asunto,n,m,A2,1,,事情；事务,,Tenemos que hablar de un asunto muy importante relacionado con el examen final.,我们必须谈一件与期末考试有关的非常重要的事情。,asunto_1.jpg,考试路径|A2|n,专四,胡须；下巴,来；来到；过来,疾病；病症,大创内容组_senses_table_tem4 7.31.xlsx
asustar,v,n/a,A2,1,,吓唬；使害怕,,La película de terror asustó tanto a los niños que no pudieron dormir esa noche.,那部恐怖电影把孩子们吓坏了，那天晚上他们都睡不着觉。,asustar_1.jpg,考试路径|A2|v,专四,词典,明信片,兴趣；关注,大创内容组_senses_table_tem4 7.31.xlsx
asustarse,v,n/a,A2,1,,害怕；吃惊,,Los estudiantes se asustaron cuando escucharon un ruido muy fuerte en la sala de al lado.,学生们听到隔壁房间里一声巨响时都吓了一跳。,asustarse_1.jpg,考试路径|A2|v,专四,意味着；意思是；表示,驴,困难的；难的,大创内容组_senses_table_tem4 7.31.xlsx
atlántico,adj,n/a,A2,1,,大西洋的,,La corriente del océano Atlántico influye directamente en el clima de la costa europea.,大西洋的洋流直接影响着欧洲海岸的气候。,atlantico_1.jpg,考试路径|A2|adj,专四,摔倒；跌到,坏的；不好的；糟糕的；差的,化装；乔装打扮,大创内容组_senses_table_tem4 7.31.xlsx
atrás,adv,n/a,A2,1,,向后；朝后；在后边；以前（时间上）,,"Cuando el profesor entró, todos los estudiantes miraron hacia atrás para ver quién llegaba.",老师进来时，所有学生都向后看，看看是谁来了。,atras_1.jpg,考试路径|A2|adv,专四,立定；站住,拿走；去掉；移除,家庭的；熟悉的；家人；亲眷,大创内容组_senses_table_tem4 7.31.xlsx
aula,n,f,A2,1,,教室；课堂,,El aula de español está en el tercer piso del edificio de la facultad de filología.,西班牙语教室在文学院大楼的三楼。,aula_1.jpg,考试路径|A2|n,专四,神奇的；奇妙的；极好的,凉爽的；清新的,站台（火车站/地铁）,大创内容组_senses_table_tem4 7.31.xlsx
aumentar,v,n/a,A2,1,,增加；增长；提高,,"Si estudias más horas al día, tu nivel de español aumentará de forma notable en pocos meses.",如果你每天多学几个小时，你的西语水平会在几个月内显著提高。,aumentar_1.jpg,考试路径|A2|v,专四,通过（考试）,船；舰,搞错；弄错,大创内容组_senses_table_tem4 7.17.xlsx
aunque,conj,n/a,A2,1,,虽然；尽管,,"Aunque el examen era muy difícil, todos los estudiantes lograron aprobarlo con éxito.",尽管考试非常难，所有学生还是成功通过了。,aunque_1.jpg,考试路径|A2|conj,专四,进行；进展；处于某种状态,不同的；有差异的,权利,大创内容组_senses_table_tem4 7.31.xlsx
auto,n,m,A2,1,,汽车；小汽车,,Mi tío compró un auto nuevo para viajar cómodamente con toda su familia este verano.,我叔叔买了一辆新车，今年夏天带着全家舒服地旅行。,auto_1.jpg,考试路径|A2|n,专四,铅笔,底部；深处,罐；瓶（容器）,大创内容组_senses_table_tem4 7.31.xlsx
automóvil,n,m,A2,1,,汽车；小轿车,,El automóvil eléctrico es una alternativa cada vez más popular en las grandes ciudades.,电动汽车在大城市中是越来越受欢迎的替代选择。,automovil_1.jpg,考试路径|A2|n,专四,书架；货架；隔板,聪明的,左边的；左侧的；左手；左边；左派,大创内容组_senses_table_tem4 7.31.xlsx
autor,n,m,A2,1,,作者；作家；创作者,,El autor de esta novela famosa ganó el premio Nobel de Literatura hace ya diez años.,这本著名小说的作者十年前就获得了诺贝尔文学奖。,autor_1.jpg,考试路径|A2|n,专四,容易的；舒适的；容易地,大西洋的,做；干；制作；从事,大创内容组_senses_table_tem4 7.18.xlsx
ave,n,f,A2,1,,鸟；禽,,Las aves migratorias recorren miles de kilómetros para encontrar climas más cálidos.,候鸟跋涉数千公里以寻找更温暖的气候。,ave_1.jpg,考试路径|A2|n,专四,气候；氛围,海岸；沿岸,话筒；麦克风,大创内容组_senses_table_tem4 7.31.xlsx
avenida,n,f,A2,1,,大道；宽阔主干道,,La avenida central conecta el parque con la estación de trenes de la ciudad.,中央大道连接城市公园与火车站。,avenida_1.jpg,考试路径|A2|n,专四,冒险；探险；奇遇,健康；身体状况,地铁,大创内容组_senses_table_tem4 7.18.xlsx
aventura,n,f,A2,1,,冒险；探险；奇遇,,"Durante su viaje por Sudamérica, vivió una gran aventura en la selva amazónica.",在南美旅行期间，他在亚马逊雨林经历了一次伟大的冒险。,aventura_1.jpg,考试路径|A2|n,专四,欧洲的；欧洲人,友谊；友情,交通信号灯,大创内容组_senses_table_tem4 7.31.xlsx
avisar,v,n/a,A2,1,,通知；告知,,Avisa a tus compañeros de que la clase de mañana se ha cancelado por motivos personales.,告诉你的同学们明天的课因为个人原因被取消了。,avisar_1.jpg,考试路径|A2|v,专四,周年纪念日,职业；专业；行业,马,大创内容组_senses_table_tem4 7.31.xlsx
avión,n,m,A2,1,,飞机,,El avión despegó a las ocho de la mañana con todos los pasajeros a bordo.,飞机早上八点起飞，所有乘客都已登机。,avion_1.jpg,考试路径|A2|n,专四,钟,一月,使连接；汇集；积聚；聚集,大创内容组_senses_table_tem4 7.31.xlsx
ay,int,n/a,A2,1,,哎呀！(表示痛苦、惊吓、遗憾等),,¡Ay! Me he pinchado con la aguja mientras cosía el botón de mi camisa favorita.,哎呀！我缝我最喜欢的那件衬衫的扣子时被针扎到了。,ay_1.jpg,考试路径|A2|int,专四,账单；算账,等待；等候；等,互相认识；见面；相识,大创内容组_senses_table_tem4 7.31.xlsx
ayudar,v,n/a,A2,1,,帮助；帮忙；援助,,Mis amigos siempre me ayudan cuando tengo algún problema difícil que resolver.,当我遇到难题需要解决时，朋友们总是会帮助我。,ayudar_1.jpg,考试路径|A2|v,专四,农民；乡下人,枕头；椅垫,床；单人床铺,大创内容组_senses_table_tem4 7.17.xlsx
añadir,v,n/a,A2,1,,添加；增加,,"Si añades más ejemplos al ensayo, tu argumento será mucho más convincente.",如果你在论文中添加更多例子，你的论点会更有说服力。,anadir_1.jpg,考试路径|A2|v,专四,假期；休假,天；日子,博物馆；博物院,大创内容组_senses_table_tem4 7.30.xlsx
aún,adv,n/a,A2,1,,还；仍然,,Aún no he terminado de leer el libro que me recomendó mi profesor de literatura.,我还没读完文学老师推荐给我的那本书。,aun_1.jpg,考试路径|A2|adv,专四,说；讲；告诉；讲述,左边的；左侧的；左手；左边；左派,数量；数额,大创内容组_senses_table_tem4 7.31.xlsx
banco,n,m,A2,1,,长椅；长凳,,Los estudiantes descansaron en un banco del parque después de caminar durante toda la mañana.,学生们走了一整个上午后，在公园的长椅上休息。,banco_1.jpg,考试路径|A2|n,专四,邀请；请客,天亮；天明,街道；马路；街,大创内容组_senses_table_tem4 7.31.xlsx
banco,n,m,A2,2,,银行,,Mi hermano mayor trabaja en un banco internacional como asesor financiero especializado.,我哥哥在一家国际银行做专业财务顾问。,banco_2.jpg,考试路径|A2|n,专四,节省；节约；储蓄；存钱,等待；等候；等,物主；户主；主人,大创内容组_senses_table_tem4 7.31.xlsx
bandera,n,f,A2,1,,旗帜,,"La bandera de España tiene tres franjas horizontales: roja, amarilla y roja.",西班牙国旗有三条水平条纹：红、黄、红。,bandera_1.jpg,考试路径|A2|n,专四,学生；学员,二月,钟,大创内容组_senses_table_tem4 7.31.xlsx
bar,n,m,A2,1,,酒吧；小餐馆,,Los estudiantes suelen ir al bar de la universidad para tomar algo entre clases.,学生们经常去大学的酒吧在课间喝点东西。,bar_1.jpg,考试路径|A2|n,专四,狮子,方式；方法；形式；举止,艺术家；艺人,大创内容组_senses_table_tem4 7.31.xlsx
barato,adj,n/a,A2,1,,便宜的；廉价的,,Este restaurante es muy barato y la comida que ofrecen es bastante sabrosa.,这家餐厅很便宜，他们提供的食物也相当美味。,barato_1.jpg,考试路径|A2|adj,专四,在下面；底下,年龄,虾,大创内容组_senses_table_tem4 7.31.xlsx
barba,n,f,A2,1,,胡须；下巴,,Mi padre tiene una barba larga y canosa que le da un aspecto muy distinguido.,我父亲留着长长的花白胡须，让他看起来非常有风度的气质。,barba_1.jpg,考试路径|A2|n,专四,起来！起来吧！,气候；氛围,平静的；安静的,大创内容组_senses_table_tem4 7.31.xlsx
barco,n,m,A2,1,,船；舰,,El barco de carga llegó al puerto con mercancías procedentes de diferentes países.,货船抵达港口，载有来自不同国家的货物。,barco_1.jpg,考试路径|A2|n,专四,美元,南方；南边,先生（尊称）；绅士；骑士,大创内容组_senses_table_tem4 7.31.xlsx
barrio,n,m,A2,1,,街区；城区,,"Vivo en un barrio muy tranquilo cerca de la universidad, rodeado de parques y tiendas.",我住在大学附近一个非常安静的街区，周围是公园和商店。,barrio_1.jpg,考试路径|A2|n,专四,马,衬衫,阅读；读物,大创内容组_senses_table_tem4 7.31.xlsx
base,n,f,A2,1,,基础；根基,,La base de un buen aprendizaje es la constancia y la motivación personal de cada estudiante.,良好学习的基础是每个学生的坚持和个人动力。,base_1.jpg,考试路径|A2|n,专四,听；听到；听见,认为；以为,章；章节；回,大创内容组_senses_table_tem4 7.19.xlsx
bastar,v,n/a,A2,1,,足够；足以,,Con estudiar una hora al día bastará para aprobar el examen de español sin dificultad.,每天学习一个小时就足以轻松通过西班牙语考试了。,bastar_1.jpg,考试路径|A2|v,专四,大写字母,地铁,听；倾听；聆听,大创内容组_senses_table_tem4 7.31.xlsx
batata,n,f,A2,1,,甘薯；白薯,,La batata asada es un plato muy nutritivo y delicioso en muchas culturas hispanas.,烤甘薯在许多西语文化中是一道非常有营养又美味的食物。,batata_1.jpg,考试路径|A2|n,专四,课；课程；班级,过分的；太,语法,大创内容组_senses_table_tem4 7.31.xlsx
bañar,v,n/a,A2,1,,给…洗澡；浸入,,Es importante bañar al bebé con agua tibia para mantenerlo limpio y confortable.,用温水给宝宝洗澡很重要，以保持清洁和舒适。,banar_1.jpg,考试路径|A2|v,专四,东方；东边,办公室；办事处,公路；郊外道路,大创内容组_senses_table_tem4 7.31.xlsx
bañarse,v,n/a,A2,1,,洗澡；沐浴；泡澡,,Me baño todas las noches antes de dormir para relajar todo el cuerpo después del día.,我每晚睡觉前洗澡，来放松忙碌一天后的全身。,banarse_1.jpg,考试路径|A2|v,专四,听写,解决方案；解答；办法,解释；讲解；说明,大创内容组_senses_table_tem4 7.17.xlsx
baúl,n,m,A2,1,,衣箱；大箱子,,En el baúl guardaba sus recuerdos más preciados de la infancia y la juventud.,他在大箱子里保存着童年和青春最珍贵的回忆。,baul_1.jpg,考试路径|A2|n,专四,课；课程；班级,有耐心的；忍耐,（大学）本科专业；学业,大创内容组_senses_table_tem4 7.31.xlsx
belleza,n,f,A2,1,,美丽；美女,,La belleza del paisaje andaluz dejó sin palabras a todos los turistas que lo visitaron.,安达卢西亚风景的美丽让所有到访的游客都为之失语。,belleza_1.jpg,考试路径|A2|n,专四,天亮；天明,感到高兴；感到开心,考试,大创内容组_senses_table_tem4 7.31.xlsx
bello,adj,n/a,A2,1,,美的；美好的；漂亮的,,La ciudad de Granada es conocida por sus bellos jardines y su impresionante Alhambra.,格拉纳达市以其美丽的花园和令人惊叹的阿尔罕布拉宫而闻名。,bello_1.jpg,考试路径|A2|adj,专四,钥匙,巴西的；巴西人,邮政；邮局,大创内容组_senses_table_tem4 7.31.xlsx
besar,v,n/a,A2,1,,亲吻,,La madre besó a su hijo en la frente antes de que se fuera a la universidad.,母亲在儿子去上大学之前吻了他的额头。,besar_1.jpg,考试路径|A2|v,专四,页；页面；张,复习；温习,话筒；麦克风,大创内容组_senses_table_tem4 7.31.xlsx
biblioteca,n,f,A2,1,,图书馆,,Paso muchas tardes en la biblioteca repasando vocabulario y preparando los exámenes de español.,我许多个下午都在图书馆复习词汇、准备西班牙语考试。,biblioteca_1.jpg,考试路径|A2|n,专四,手指,行李箱；手提箱,邀请；请客,大创内容组_senses_table_tem4_with_images.xlsx
bienvenido,n,n/a,A2,1,,受欢迎的；欢迎,,¡Bienvenido a la universidad! Esperamos que disfrutes de esta nueva etapa educativa.,欢迎来到大学！希望你享受这个新的教育阶段。,bienvenido_1.jpg,考试路径|A2|n,专四,进入；进去；入场,页；页面；张,摘要；概要,大创内容组_senses_table_tem4 7.31.xlsx
billete,n,m,A2,1,,纸币；票据,,Saqué un billete de veinte euros del cajero para comprar los regalos de Navidad.,我从取款机取了一张二十欧元纸币来买圣诞礼物。,billete_1.jpg,考试路径|A2|n,专四,剩下；剩余；留有,实验室；化验室,知道；了解；得知,大创内容组_senses_table_tem4 7.20.xlsx
biología,n,f,A2,1,,生物学,,La biología es una ciencia fundamental para comprender el origen y la evolución de la vida.,生物学是理解生命起源和演变的基础科学。,biologia_1.jpg,考试路径|A2|n,专四,苍蝇,注册；学籍注册,那个（远指，形容词）,大创内容组_senses_table_tem4 7.31.xlsx
bizcocho,n,m,A2,1,,饼干；松糕,,Mi abuela prepara un bizcocho de chocolate delicioso cada domingo por la mañana.,我奶奶每个周日早上都做一个美味的巧克力松糕。,bizcocho_1.jpg,考试路径|A2|n,专四,不及格；挂科,雪；积雪,音乐的；音乐；乐师；音乐家,大创内容组_senses_table_tem4 7.31.xlsx
blusa,n,f,A2,1,,女式衬衫,,Luisa llevaba una blusa blanca y una falda negra para la entrevista de trabajo.,路易莎穿着白衬衫和黑裙子去参加工作面试。,blusa_1.jpg,考试路径|A2|n,专四,衬衫,摘要；概要,温度；气温,大创内容组_senses_table_tem4 7.31.xlsx
boda,n,f,A2,1,,婚礼,,La boda de mi prima se celebrará el próximo sábado en la iglesia del pueblo.,我表姐的婚礼将于下周六在村里的教堂举行。,boda_1.jpg,考试路径|A2|n,专四,在后面；后方,冒险；探险；奇遇,卡车,大创内容组_senses_table_tem4 7.31.xlsx
bola,n,f,A2,1,,球；球体,,Los niños juegan con una bola de colores en el parque durante las tardes de verano.,夏天的下午，孩子们在公园里玩一个彩色的球。,bola_1.jpg,考试路径|A2|n,专四,狼,去；走；前往；到,打开；开启；翻开,大创内容组_senses_table_tem4 7.31.xlsx
boleto,n,m,A2,1,,车票；入场券；彩票,,Necesito comprar un boleto de autobús para viajar a la ciudad vecina el próximo fin de semana.,我需要买一张公交车票，下周末去邻市旅行。,boleto_1.jpg,考试路径|A2|n,专四,农村；田野,倒下；掉落；坠落；下跌,极好吃的；可口的,大创内容组_senses_table_tem4 7.31.xlsx
boliviano,n,n/a,A2,1,,玻利维亚的；玻利维亚人,,Mi compañero de piso es boliviano y me ha enseñado muchas palabras en quechua.,我的室友是玻利维亚人，他教了我很多克丘亚语单词。,boliviano_1.jpg,考试路径|A2|n,专四,有趣的；好玩的,中午；正午,照顾；照料,大创内容组_senses_table_tem4 7.31.xlsx
bolsa,n,f,A2,1,,袋子；包,,Los estudiantes llevan sus libros en una bolsa de tela para evitar usar plástico.,学生们用布袋装书，以避免使用塑料。,bolsa_1.jpg,考试路径|A2|n,专四,形状；图形,笔记本；练习本,文化,大创内容组_senses_table_tem4 7.31.xlsx
bolsillo,n,m,A2,1,,口袋,,Siempre llevo las llaves y el teléfono en el bolsillo de mi chaqueta cuando salgo.,我出门时总是把钥匙和手机放在夹克口袋里。,bolsillo_1.jpg,考试路径|A2|n,专四,考试,片刻；瞬间,汽车；小汽车,大创内容组_senses_table_tem4 7.31.xlsx
bolígrafo,n,m,A2,1,,圆珠笔；水性笔,,Necesito un bolígrafo azul para escribir los apuntes de la clase de hoy.,我需要一支蓝色圆珠笔来写今天的课堂笔记。,boligrafo_1.jpg,考试路径|A2|n,专四,懒惰的,形状；图形,捡起；拾起,大创内容组_senses_table_tem4 7.18.xlsx
bonito,adj,n/a,A2,1,,漂亮的；好看的,,"El paisaje de la costa gallega es muy bonito, con acantilados verdes y mar azul intenso.",加利西亚海岸的风景非常漂亮，有绿色的悬崖和深蓝色的大海。,bonito_1.jpg,考试路径|A2|adj,专四,享受；享有,黄色的；黄色,商店；店铺,大创内容组_senses_table_tem4 7.31.xlsx
borde,n,m,A2,1,,边；边缘,,"Ten cuidado al caminar por el borde del acantilado, porque es muy peligroso.",在悬崖边缘行走时要小心，因为非常危险。,borde_1.jpg,考试路径|A2|n,专四,中午；正午,自由的；不受约束的；空闲的,差异；区别；差额,大创内容组_senses_table_tem4 7.31.xlsx
borrar,v,n/a,A2,1,,擦去；删除,,El profesor borró las palabras de la pizarra con un paño antes de empezar la nueva lección.,老师开始新课前用抹布擦掉了黑板上的单词。,borrar_1.jpg,考试路径|A2|v,专四,长的；长久的；长度,懒惰的,月亮,大创内容组_senses_table_tem4 7.31.xlsx
bote,n,m,A2,1,,小船；小艇,,Los pescadores salieron al mar en un bote pequeño para capturar el pescado del día.,渔民们乘坐小船出海捕捞当日的鱼获。,bote_1.jpg,考试路径|A2|n,专四,花费（金钱）,十月,左边的；左侧的；左手；左边；左派,大创内容组_senses_table_tem4 7.31.xlsx
bote,n,m,A2,2,,罐；瓶（容器）,,Compramos un bote de mermelada de fresa para el desayuno de toda la semana.,我们买了一罐草莓果酱，供整个星期的早餐使用。,bote_2.jpg,考试路径|A2|n,专四,高度,卧室；宿舍,加热；使变热,大创内容组_senses_table_tem4 7.31.xlsx
botella,n,f,A2,1,,瓶子；瓶,,La botella de agua estaba vacía después de la larga caminata bajo el sol.,在烈日下长途徒步后，水瓶已经空了。,botella_1.jpg,考试路径|A2|n,专四,其余的；其他的,课；课程；班级,马上；立刻,大创内容组_senses_table_tem4 7.31.xlsx
botón,n,m,A2,1,,纽扣；按钮,,Se le cayó un botón de la camisa y tuvo que coserlo rápidamente antes de salir.,他衬衫上掉了一颗纽扣，不得不出门前赶紧缝上。,boton_1.jpg,考试路径|A2|n,专四,归还；回报；回馈,优秀的；极好的,好奇心,大创内容组_senses_table_tem4 7.31.xlsx
brasileño,n,n/a,A2,1,,巴西的；巴西人,,La música brasileña es famosa en todo el mundo por su ritmo alegre y contagioso.,巴西音乐以其欢快又富有感染力的节奏而闻名于世。,brasileno_1.jpg,考试路径|A2|n,专四,其余的；其他的,告别；道别,舌头；语言,大创内容组_senses_table_tem4 7.31.xlsx
breve,adj,n/a,A2,1,,简短的；短暂的,,El profesor hizo una breve pausa para beber agua antes de continuar con su explicación.,老师短暂停顿喝了一口水，然后继续讲解。,breve_1.jpg,考试路径|A2|adj,专四,那个（远指，代词）,团队；队,历史；故事；经历,大创内容组_senses_table_tem4 7.31.xlsx
broma,n,f,A2,1,,玩笑；戏弄,,"No te enfades, solo era una broma que hicimos para alegrar el ambiente de la clase.",别生气，这只是我们为了活跃课堂气氛开的一个玩笑。,broma_1.jpg,考试路径|A2|n,专四,爱；喜爱；在乎,持续；存在；耐久,平静的；安静的,大创内容组_senses_table_tem4 7.31.xlsx
bueno,adj,n/a,A2,1,,好的；优秀的；美好的；善良的,,Mi profesor dice que mi ensayo es muy bueno y tiene muchas ideas creativas.,我的老师说我的短文写得非常好，有很多有创意的想法。,bueno_1.jpg,义项包|考试路径|A2|adj,专四,交通信号灯,过分的；太,理解；明白；领会,大创内容组_senses_table_tem4 7.17.xlsx
bueno,adj,n/a,A2,2,,有益的；合适的；对… 有好处的,,Hacer ejercicio todos los días es muy bueno para tu salud física y mental.,每天做运动对你的身心健康都非常有好处。,bueno_2.jpg,义项包|考试路径|A2|adj,专四,穿着；戴着；佩戴,八月,教室；课堂,大创内容组_senses_table_tem4 7.17.xlsx
burro,n,m,A2,1,,驴,,El agricultor cargaba las verduras en el lomo del burro para llevarlas al mercado.,农夫把蔬菜放在驴背上，驮到市场上去卖。,burro_1.jpg,考试路径|A2|n,专四,命令；委托；委派；寄发,得宠的；特别喜欢的,名叫；叫做；称为,大创内容组_senses_table_tem4 7.31.xlsx
buscar,v,n/a,A2,1,,寻找；寻求；查找,,Estoy buscando un diccionario de español-inglés para traducir este texto académico.,我正在找一本西英词典来翻译这篇学术文章。,buscar_1.jpg,考试路径|A2|v,专四,手指,解释；讲解；说明,听；倾听；聆听,大创内容组_senses_table_tem4 7.17.xlsx
caballero,n,m,A2,1,,先生（尊称）；绅士；骑士,,El caballero de la chaqueta azul fue muy amable y me ayudó a encontrar la dirección.,穿蓝夹克的那位先生非常友善，帮我找到了那个地址。,caballero_1.jpg,考试路径|A2|n,专四,噪音；声响,距离,字母表,大创内容组_senses_table_tem4 7.31.xlsx
caballo,n,m,A2,1,,马,,El caballo galopaba rápidamente por el campo abierto con su jinete sobre el lomo.,马载着骑手在开阔的田野上飞快地奔驰。,caballo_1.jpg,考试路径|A2|n,专四,目录；表格；名单；清单,开关,旗帜,大创内容组_senses_table_tem4 7.31.xlsx
caber,v,n/a,A2,1,,进得去；容纳,,En esta mochila no caben todos los libros que necesito para la clase de español.,这个包装不下我上西班牙语课需要的所有书。,caber_1.jpg,考试路径|A2|v,专四,坏地；糟糕地；坏事；邪恶；损害,四分之一；一刻钟,文凭；证书,大创内容组_senses_table_tem4 7.31.xlsx
caer,v,n/a,A2,1,,倒下；掉落；坠落；下跌,,El libro cayó al suelo cuando el estudiante se levantó rápidamente de la silla.,学生从椅子上猛地站起来时，书掉到了地上。,caer_1.jpg,考试路径|A2|v,专四,变化；改变,歌曲,保重；照顾自己,大创内容组_senses_table_tem4 7.31.xlsx
caerse,v,n/a,A2,1,,摔倒；跌到,,El niño se cayó de la bicicleta pero no se hizo daño gracias al casco.,孩子从自行车上摔了下来，但多亏了头盔没有受伤。,caerse_1.jpg,考试路径|A2|v,专四,瓶子；瓶,动物的；动物,给…洗澡；浸入,大创内容组_senses_table_tem4 7.31.xlsx
caja,n,f,A2,1,,盒子；箱子；保险柜,,Guardé todas las cartas antiguas en una caja de madera decorada con flores pintadas.,我把所有旧信都放在一个装饰有手绘花朵的木盒子里。,caja_1.jpg,考试路径|A2|n,专四,使疲倦；使劳累,有能力的；能够的,牙齿,大创内容组_senses_table_tem4 7.31.xlsx
cajero,n,n/a,A2,1,,收银员；出纳员,,El cajero cobró el importe total y me dio el recibo y el cambio.,收银员收了总金额，然后把小票和找零给了我。,cajero_1.jpg,考试路径|A2|n,专四,语言；语种,旅行；旅程,先生（尊称）；绅士；骑士,大创内容组_senses_table_tem4 7.20.xlsx
cajón,n,m,A2,1,,抽屉,,En el cajón de mi escritorio guardo todos los bolígrafos y lápices de colores.,我在书桌抽屉里存放着所有彩色圆珠笔和铅笔。,cajon_1.jpg,考试路径|A2|n,专四,宏伟的；壮丽的；极好的,亚洲的；亚洲人,诸位；他们；她们；它们（间接补语）,大创内容组_senses_table_tem4 7.31.xlsx
calcetín,n,m,A2,1,,袜子,,"Cada mañana busco un calcetín limpio en el cajón, pero siempre falta uno de la pareja.",每天早上我在抽屉里找干净的袜子，但总是少一只。,calcetin_1.jpg,考试路径|A2|n,专四,推；推动,千克；公斤,自由的；不受约束的；空闲的,大创内容组_senses_table_tem4 7.31.xlsx
caldo,n,m,A2,1,,汤；高汤,,"En los días fríos de invierno, no hay nada mejor que un buen caldo de pollo caliente.",在寒冷的冬日，没有什么比一碗热鸡汤更好的了。,caldo_1.jpg,考试路径|A2|n,专四,紧张的；焦虑,新闻；消息,警察；警方,大创内容组_senses_table_tem4 7.31.xlsx
calefacción,n,f,A2,1,,暖气；供暖,,La calefacción de la residencia universitaria funciona perfectamente en invierno.,大学宿舍的暖气在冬天运转得非常好。,calefaccion_1.jpg,考试路径|A2|n,专四,一月,品尝；尝试,使连接；汇集；积聚；聚集,大创内容组_senses_table_tem4 7.31.xlsx
calendario,n,m,A2,1,,日历；月历,,Colgué el calendario académico en la pared para no olvidar las fechas de los exámenes.,我把学期日历挂在墙上，以免忘记考试日期。,calendario_1.jpg,考试路径|A2|n,专四,使；让；令；造成,项目；计划；方案,行；排；队列,大创内容组_senses_table_tem4 7.31.xlsx
calentar,v,n/a,A2,1,,加热；使变热,,"Antes de beber la leche, es mejor calentarla un poco en el microondas.",在喝牛奶之前，最好在微波炉里稍微加热一下。,calentar_1.jpg,考试路径|A2|v,专四,爱；热爱；喜爱,害怕；吃惊,能够；可以；会,大创内容组_senses_table_tem4 7.31.xlsx
calentarse,v,n/a,A2,1,,取暖；让自己暖和,,"Después de caminar bajo la lluvia, se calentó las manos con una taza de café caliente.",在雨中行走之后，他用一杯热咖啡捂手取暖。,calentarse_1.jpg,考试路径|A2|v,专四,衣柜；立柜,笔记（常用复数）,电的；电力的,大创内容组_senses_table_tem4 7.31.xlsx
calidad,n,f,A2,1,,质量；品质,,La calidad de los productos españoles es reconocida internacionalmente en muchos sectores.,西班牙产品的质量在国际上许多领域都得到认可。,calidad_1.jpg,考试路径|A2|n,专四,作家；作者,教；教授；教导,捡起；拾起,大创内容组_senses_table_tem4 7.31.xlsx
calle,n,f,A2,1,,街道；马路；街,,La calle principal del centro está llena de tiendas y cafeterías muy bonitas y acogedoras.,市中心的主街道上满是漂亮又温馨的商店和咖啡馆。,calle_1.jpg,考试路径|A2|n,专四,非常喜欢；迷住；极喜爱,出席；到场,哎（用于招呼、提醒、加强语气等）,大创内容组_senses_table_tem4 7.17.xlsx
calor,n,m,A2,1,,热；炎热,,"En verano hace mucho calor en el sur de España, hay que beber mucha agua.",西班牙南部夏天特别热，要多喝水。,calor_1.jpg,考试路径|A2|n,专四,墙；墙壁,年龄,底部；深处,大创内容组_senses_table_tem4 7.18.xlsx
calzar,v,n/a,A2,1,,穿（鞋）,,"Antes de salir de casa, siempre calzo los zapatos sentado en el banco de la entrada.",出门前，我总是坐在门口的长凳上穿鞋。,calzar_1.jpg,考试路径|A2|v,专四,边；边缘,领导人；主任；导演,旅馆；客栈,大创内容组_senses_table_tem4 7.31.xlsx
cama,n,f,A2,1,,床；单人床铺,,"Después de un día tan largo de estudio, me encanta tumbarme en la cama blanda.",学习了漫长的一天之后，我特别喜欢躺在柔软的床上。,cama_1.jpg,考试路径|A2|n,专四,九月,应该；应当；必须,找到；发现；碰见,大创内容组_senses_table_tem4 7.18.xlsx
camarero,n,n/a,A2,1,,服务员；侍者,,"Pide la cuenta al camarero cuando terminemos de comer, por favor.",我们吃完的时候麻烦你叫服务员买单。,camarero_1.jpg,考试路径|A2|n,专四,池塘；蓄水池,感到；处于某种状态；年龄,问题；议题,大创内容组_senses_table_tem4 7.19.xlsx
camarón,n,m,A2,1,,虾,,"La paella valenciana lleva camarones, mejillones y otros mariscos frescos.",瓦伦西亚海鲜饭里有虾、贻贝和其他新鲜海鲜。,camaron_1.jpg,考试路径|A2|n,专四,服务员；侍者,环境；氛围,账单；算账,大创内容组_senses_table_tem4 7.31.xlsx
cambiarse,v,n/a,A2,1,,换衣服；改变；变化,,"Después de llegar a casa del trabajo, me cambio de ropa para estar más cómodo.",下班回家后，我换了衣服，这样更舒服。,cambiarse_1.jpg,考试路径|A2|v,专四,账户；户头,地图,十月,大创内容组_senses_table_tem4 7.17.xlsx
cambio,n,m,A2,1,,变化；改变,,El cambio de horario de clases afectó a todos los estudiantes del curso.,课程时间表的变动影响了该课程的所有学生。,cambio_1.jpg,考试路径|A2|n,专四,雨；雨水,猴子,蝴蝶；飞蛾,大创内容组_senses_table_tem4 7.31.xlsx
caminar,v,n/a,A2,1,,走路；步行,,Cada día camino veinte minutos desde mi casa hasta la facultad de filología.,每天我从家步行二十分钟到文学院。,caminar_1.jpg,考试路径|A2|v,专四,山谷；谷地,汽车；小汽车,虾,大创内容组_senses_table_tem4 7.31.xlsx
camisa,n,f,A2,1,,衬衫,,"Para la entrevista de trabajo, llevaba una camisa blanca y una corbata azul.",工作面试时，他穿了一件白衬衫和一条蓝领带。,camisa_1.jpg,考试路径|A2|n,专四,歌曲,哎呀！(表示痛苦、惊吓、遗憾等),欧洲的；欧洲人,大创内容组_senses_table_tem4 7.31.xlsx
camión,n,m,A2,1,,卡车,,El camión de reparto llegó temprano para entregar los libros nuevos a la universidad.,配送卡车很早就到了，把新书送到大学。,camion_1.jpg,考试路径|A2|n,专四,戏剧；剧院；舞台,标题；题目；头衔,接受；认可；同意,大创内容组_senses_table_tem4 7.31.xlsx
campana,n,f,A2,1,,钟,,La campana de la iglesia sonó doce veces para anunciar el mediodía.,教堂的钟敲了十二下，宣告正午到来。,campana_1.jpg,考试路径|A2|n,专四,淋浴,小的；细小的；无足轻重的,星；星体,大创内容组_senses_table_tem4 7.31.xlsx
campesino,n,n/a,A2,1,,农民；乡下人,,Los campesinos cultivan la tierra con esmero para ofrecer alimentos frescos al mercado.,农民们精心耕种土地，为市场提供新鲜农产品。,campesino_1.jpg,考试路径|A2|n,专四,爱上；喜欢上,音乐的；音乐；乐师；音乐家,便宜的；廉价的,大创内容组_senses_table_tem4 7.31.xlsx
campo,n,m,A2,1,,农村；田野,,"Durante el fin de semana, fuimos al campo a respirar aire puro y descansar.",周末我们去乡下呼吸新鲜空气，放松身心。,campo_1.jpg,考试路径|A2|n,专四,水平；等级,好奇心,周日,大创内容组_senses_table_tem4 7.31.xlsx
campus,n,m,A2,1,,校园,,El campus universitario está lleno de árboles frondosos y jardines muy bien cuidados.,大学校园里种满了茂密的树木和精心打理的花园。,campus_1.jpg,考试路径|A2|n,专四,金属,丑的；糟糕的；丑恶的,蝴蝶；飞蛾,大创内容组_senses_table_tem4 7.31.xlsx
canadiense,n,n/a,A2,1,,加拿大的；加拿大人,,"Mi profesor de inglés es canadiense, pero habla español con mucha fluidez.",我的英语老师是加拿大人，但他西班牙语说得非常流利。,canadiense_1.jpg,考试路径|A2|n,专四,作家；作者,外国的；外国人；外国；国外,勺子,大创内容组_senses_table_tem4 7.31.xlsx
canción,n,f,A2,1,,歌曲,,La canción que cantamos en la clase de español era muy pegadiza y fácil de recordar.,我们在西班牙语课上唱的那首歌很上口，很容易记住。,cancion_1.jpg,考试路径|A2|n,专四,袖子,（大学）本科专业；学业,课；课程；班级,大创内容组_senses_table_tem4 7.31.xlsx
cansar,v,n/a,A2,1,,使疲倦；使劳累,,Estudiar tantas horas seguidas cansa la mente y el cuerpo de cualquier estudiante.,连续学习那么长时间会让任何学生身心疲惫。,cansar_1.jpg,考试路径|A2|v,专四,足够；足以,起床；起身；站起来,虽然；尽管,大创内容组_senses_table_tem4 7.31.xlsx
cansarse,v,n/a,A2,1,,疲倦；厌烦,,Me cansé de esperar el autobús y decidí caminar hasta la universidad.,我厌倦了等公交车，决定走路去大学。,cansarse_1.jpg,考试路径|A2|v,专四,不及格；挂科,小写字母,优秀的；极好的,大创内容组_senses_table_tem4 7.31.xlsx
cantar,v,n/a,A2,1,,唱；唱歌；演唱,,Me gusta cantar canciones en español en la ducha para practicar la pronunciación.,我喜欢在淋浴时唱西语歌曲来练习发音。,cantar_1.jpg,考试路径|A2|v,专四,半夜；午夜,歌曲,天气；气象,大创内容组_senses_table_tem4 7.17.xlsx
cantidad,n,f,A2,1,,数量；数额,,La cantidad de libros que necesitas para este curso es bastante grande.,这门课程所需书籍的数量相当大。,cantidad_1.jpg,考试路径|A2|n,专四,加拿大的；加拿大人,持续；存在；耐久,画；图画；场面,大创内容组_senses_table_tem4 7.31.xlsx
capaz,adj,n/a,A2,1,,有能力的；能够的,,"Con práctica constante, cualquier estudiante es capaz de aprender español con fluidez.",通过持续练习，任何学生都能流利地学习西班牙语。,capaz_1.jpg,考试路径|A2|adj,专四,袜子,周六,那个（远指，代词）,大创内容组_senses_table_tem4 7.31.xlsx
capital,n,f,A2,1,,首都，首府,,"Madrid es la capital de España, una ciudad llena de historia y cultura fascinante.",马德里是西班牙的首都，一座充满迷人历史文化的城市。,capital_1.jpg,考试路径|A2|n,专四,书面的,爱上；喜欢上,停车；停放,大创内容组_senses_table_tem4 7.31.xlsx
capítulo,n,m,A2,1,,章；章节；回,,Tenemos que leer los tres primeros capítulos del libro para la clase de mañana por la mañana.,明天早上的课我们得读完这本书的前三章。,capitulo_1.jpg,考试路径|A2|n,专四,进入；进去；入场,出席；到场,地址,大创内容组_senses_table_tem4 7.18.xlsx
caramelo,n,m,A2,1,,糖果；糖块,,La abuela siempre guarda un caramelo en el bolsillo para dar a sus nietos pequeños.,奶奶总是在口袋里放一颗糖给她的孙子们。,caramelo_1.jpg,考试路径|A2|n,专四,意味着；意思是；表示,理解；明白；懂得,收银员；出纳员,大创内容组_senses_table_tem4 7.31.xlsx
carrera,n,f,A2,1,,（大学）本科专业；学业,,Decidí elegir la carrera de Filología Hispánica porque me apasiona la literatura de América Latina.,我决定选择西班牙语语言文学专业，因为我对拉丁美洲的文学充满热情。,carrera_1.jpg,考试路径|A2|n,专四,点燃；打开（电器）,芒果；芒果树,多米尼加的；多米尼加人,大创内容组_senses_table_tem4 7.16.xlsx
carrera,n,f,A2,2,,职业生涯；生涯；奔跑,,Muchos estudiantes de último año asisten a ferias de empleo para planificar su futura carrera profesional.,许多大四学生参加招聘会，以便规划他们未来的职业生涯。,carrera_2.jpg,考试路径|A2|n,专四,热；炎热,学校,写作；作文；编辑部,大创内容组_senses_table_tem4 7.16.xlsx
carretera,n,f,A2,1,,公路；郊外道路,,Cada fin de semana conducimos por la carretera para visitar el pueblo de mis abuelos.,每周末我们沿公路开车去爷爷奶奶的小镇。,carretera_1.jpg,考试路径|A2|n,专四,考试,点燃；打开（电器）,好奇的；好打听的,大创内容组_senses_table_tem4 7.18.xlsx
carrito,n,m,A2,1,,购物车；手推车,,Pon la leche y los huevos en el carrito mientras buscamos el resto de la lista.,把牛奶和鸡蛋放进购物车，我们接着找清单上的其他东西。,carrito_1.jpg,考试路径|A2|n,专四,好奇的；好打听的,狗叫；吠,在前面；前方,大创内容组_senses_table_tem4 7.20.xlsx
casa,n,f,A2,1,,家；家庭；住所,,Después de clase vuelvo a casa para descansar y cenar con mi familia.,下课后我回到家，和家人一起休息、吃晚饭。,casa_1.jpg,义项包|考试路径|A2|n,专四,基础；根基,洗澡；沐浴；泡澡,锤子,大创内容组_senses_table_tem4 7.18.xlsx
casa,n,f,A2,2,,房子；房屋；建筑,,Mi abuela vive en una casa pequeña con un jardín lleno de flores rojas.,我奶奶住在一栋带满是红花的花园的小房子里。,casa_2.jpg,义项包|考试路径|A2|n,专四,安静；沉默,线；排；列；字行；路线,家庭；家人；家族,大创内容组_senses_table_tem4 7.17.xlsx
caña,n,f,A2,1,,茎，秆,,Las cañas de los juncos crecían altas a la orilla del río y se movían con el viento.,河岸边的芦苇秆长得又高又直，随着风轻轻摆动。,cana_1.jpg,考试路径|A2|n,专四,玩笑；戏弄,环境；氛围,领导人；主任；导演,大创内容组_senses_table_tem4 7.31.xlsx
cenar,v,n/a,A2,1,,吃晚餐,,"En España cenamos mucho más tarde que en China, normalmente a las nueve.",在西班牙我们吃晚餐比中国晚得多，通常在九点。,cenar_1.jpg,考试路径|A2|v,专四,遥远；很远,地毯,底部；深处,大创内容组_senses_table_tem4 7.20.xlsx
cero,n,m,A2,1,,零；零点,,El número cero es muy importante para aprender matemáticas en español.,数字零对于学习西班牙语数学表达十分重要。,cero_1.jpg,考试路径|A2|n,专四,器械；仪器；乐器；工具,基础；根基,新闻；消息,大创内容组_senses_table_tem4 7.18.xlsx
cerrar,v,n/a,A2,1,,关闭；关上；合上,,"Por favor, cierra el libro y escucha atentamente la explicación del profesor.",请合上书，认真听老师的讲解。,cerrar_1.jpg,义项包|考试路径|A2|v,专四,认为；以为,有；拥有；持有,字母表,大创内容组_senses_table_tem4 7.17.xlsx
cita,n,f,A2,1,,预约；（也指）约会,,Pedí una cita en la oficina de extranjeros para renovar mi tarjeta de residencia.,我预约了外国人事务办公室去续居留卡。,cita_1.jpg,考试路径|A2|n,专八|专四,待填写,待填写,待填写,大创内容组_senses_table_tem4_with_images.xlsx
ciudad,n,f,A2,1,,城市；都市；城,,"Madrid es la capital de España y una ciudad muy grande, moderna y llena de vida.",马德里是西班牙的首都，是一座非常大、现代化又充满活力的城市。,ciudad_1.jpg,考试路径|A2|n,专四,菜单,交通信号灯,能够；可以；会,大创内容组_senses_table_tem4 7.17.xlsx
clase,n,f,A2,1,,课；课程；班级,,Tenemos clase de conversación español todos los jueves por la tarde.,我们每周四下午有西班牙语会话课。,clase_1.jpg,考试路径|A2|n,专四,走路；步行,烹饪；做饭；做菜,空气,大创内容组_senses_table_tem4 7.17.xlsx
cliente,n,n/a,A2,1,,客户；顾客；客人,,Hay que tratar bien a todos los clientes para que vuelvan otra vez.,要好好对待所有顾客，他们才会再次光临。,cliente_1.jpg,考试路径|A2|n,专四,平静的；安静的,添加；增加,拿走；去掉；移除,大创内容组_senses_table_tem4 7.19.xlsx
clima,n,m,A2,1,,气候；氛围,,"El clima de España es muy variado: cálido en el sur, mucho más frío en el norte montañoso.",西班牙气候多样：南部温暖，北部多山地区更冷一些。,clima_1.jpg,考试路径|A2|n,专四,每日的；日报；日记,位于；处于；身在,西班牙午间正餐（文化特定时段词义）,大创内容组_senses_table_tem4 7.18.xlsx
cocinar,v,n/a,A2,1,,烹饪；做饭；做菜,,"Cada domingo cocino paella para mi familia, que es un plato tradicional español muy famoso.",每个周日我都会给家人做海鲜饭，这是一道非常著名的西班牙传统菜肴。,cocinar_1.jpg,考试路径|A2|v,专四,狼,开心的；幸福的,较大的；最大的；年长的；成年的,大创内容组_senses_table_tem4 7.17.xlsx
cocinero,n,n/a,A2,1,,厨师,,El cocinero de este restaurante hace platos españoles muy deliciosos.,这家餐厅的厨师做的西班牙菜特别好吃。,cocinero_1.jpg,考试路径|A2|n,专四,地图,美国的；美国人,爱；热爱；喜爱,大创内容组_senses_table_tem4 7.19.xlsx
comer,v,n/a,A2,1,,吃；吃饭；用餐,,"En España, la gente suele comer la cena muy tarde, alrededor de las nueve o diez de la noche.",在西班牙，人们通常很晚吃晚餐，大概在晚上九点或十点。,comer_1.jpg,义项包|考试路径|A2|v,专四,中性定冠词；您；他；它,课程；科目,温度；气温,大创内容组_senses_table_tem4 7.17.xlsx
comida,n,f,A2,2,,西班牙午间正餐（文化特定时段词义）,,La comida en España se sirve entre las dos y las cuatro de la tarde.,西班牙的正餐一般在下午两点到四点之间供应。,comida_2.jpg,考试路径|A2|n,专四,紧张的；焦虑,每年的；一年一度的,便宜的；廉价的,大创内容组_senses_table_tem4 7.18.xlsx
comprar,v,n/a,A2,1,,买；购买；采购,,"Voy al supermercado todos los sábados para comprar frutas, verduras y otros alimentos frescos.",我每周六都会去超市买水果、蔬菜和其他新鲜食材。,comprar_1.jpg,义项包|考试路径|A2|v,专四,电的；电力的,需要；必需；需求,不及格；挂科,大创内容组_senses_table_tem4 7.17.xlsx
comprender,v,n/a,A2,1,,理解；明白；领会,,El profesor explica con claridad para que todos los alumnos comprendan la lección nueva.,老师讲解得很清楚，以便所有学生都能理解新课文。,comprender_1.jpg,考试路径|A2|v,专四,美国的；美国人,历史；故事；经历,黄色的；黄色,大创内容组_senses_table_tem4 7.19.xlsx
conducir,v,n/a,A2,1,,驾驶；开车,,Mi hermano mayor aprendió a conducir cuando cumplió dieciocho años en España.,我哥哥在西班牙满十八岁时学会了开车。,conducir_1.jpg,考试路径|A2|v,专四,标题；题目；头衔,木材；木料,沙子；沙土,大创内容组_senses_table_tem4 7.20.xlsx
conjugación,n,f,A2,1,,动词变位,,Para dominar la conjugación irregular conviene practicar en voz alta y escribir oraciones nuevas.,要掌握不规则变位，宜出声练习并写出新句子。,conjugacion_1.jpg,考试路径|A2|n,专四,自然；大自然；本性,感到；处于某种状态；年龄,目的地；终点,大创内容组_senses_table_tem4_with_images.xlsx
conocer,v,n/a,A2,1,,认识；结识；了解（人）,,Conocí a mi mejor amiga en el primer año de la carrera universitaria de español.,我在西语专业大学一年级认识了我最好的朋友。,conocer_1.jpg,考试路径|A2|v,专四,沙漠,账单；算账,缝；缝制,大创内容组_senses_table_tem4 7.17.xlsx
conocerse,v,n/a,A2,1,,互相认识；见面；相识,,Mis padres se conocieron en la universidad cuando estudiaban literatura española.,我的父母在大学学习西班牙文学时相识。,conocerse_1.jpg,考试路径|A2|v,专四,凉爽的；清新的,建筑师,沙子；沙土,大创内容组_senses_table_tem4 7.17.xlsx
contestar,v,n/a,A2,1,,回答；答复,,El estudiante contestó todas las preguntas del examen con seguridad y rapidez.,学生自信而迅速地回答了考试中的所有问题。,contestar_1.jpg,考试路径|A2|v,专四,平静的；安静的,那个；那事（中性）,神奇的；奇妙的；极好的,大创内容组_senses_table_tem4 9.9.xlsx
contra,prep,n/a,A2,1,,反对；对抗；与…相反；逆,,"Todos los estudiantes votaron a favor de la propuesta, nadie votó en contra de ella.",所有学生都投票赞成该提案，没有人投反对票。,contra_1.jpg,考试路径|A2|prep,专四,笛子,女式衬衫,理解；明白；懂得,大创内容组_senses_table_tem4 9.9.xlsx
conversar,v,n/a,A2,1,,交谈；谈话,,Los estudiantes conversaron sobre sus planes para las vacaciones de verano en el café.,学生们在咖啡馆里谈论暑假的计划。,conversar_1.jpg,考试路径|A2|v,专四,会；懂得；掌握,照相机；摄像机,哪个（疑问）,大创内容组_senses_table_tem4 9.9.xlsx
copa,n,f,A2,1,,高脚杯；酒杯；奖杯,,"Durante la cena de gala, los invitados brindaron con copas de vino tinto.",在晚宴上，客人们用红酒高脚杯干杯。,copa_1.jpg,考试路径|A2|n,专四,美的；美好的；漂亮的,教师；教授（大学）,节；盛会；会演,大创内容组_senses_table_tem4 9.9.xlsx
copiar,v,n/a,A2,1,,复制；抄写,,Los estudiantes copiaron los ejemplos de la pizarra en sus cuadernos durante la clase.,学生们在课堂上把黑板上的例子抄到笔记本里。,copiar_1.jpg,考试路径|A2|v,专四,千米；公里,美元,穿（鞋）,大创内容组_senses_table_tem4 9.9.xlsx
corbata,n,f,A2,1,,领带,,El director de la empresa siempre lleva una corbata azul oscuro con su traje gris.,公司主管总是戴一条深蓝色领带配他的灰色西装。,corbata_1.jpg,考试路径|A2|n,专四,救护车,暖气；供暖,第四,大创内容组_senses_table_tem4 9.9.xlsx
correcto,adj,n/a,A2,1,,正确的,,Es importante utilizar la conjugación correcta de los verbos para expresarse claramente.,使用动词的正确变位来清晰表达是很重要的。,correcto_1.jpg,考试路径|A2|adj,专四,充满；填写；填补；吃饱,字母表,驴,大创内容组_senses_table_tem4 9.9.xlsx
correo,n,m,A2,1,,邮件；信函,,Envié un correo electrónico al profesor para preguntarle sobre la fecha del examen final.,我发了一封电子邮件给老师，询问期末考试的日期。,correo_1.jpg,考试路径|A2|n,专四,哎呀！(表示痛苦、惊吓、遗憾等),糖果；甜食,想要；希望；打算,大创内容组_senses_table_tem4 9.9.xlsx
correo,n,n/a,A2,2,,邮政；邮局,,Los estudiantes fueron al correo para enviar sus solicitudes a las universidades extranjeras.,学生们去邮局向国外大学邮寄他们的申请材料。,correo_2.jpg,考试路径|A2|n,专四,舞蹈,冒险；探险；奇遇,领带,大创内容组_senses_table_tem4 9.9.xlsx
correr,v,n/a,A2,1,,跑；奔跑；跑步,,Cada mañana corro por el parque para mantener la salud y despejar la mente antes de estudiar.,每天早上我都会在公园跑步，保持健康，也能在学习前理清思路。,correr_1.jpg,考试路径|A2|v,专四,街区；城区,讨人喜欢的；亲切,热；炎热,大创内容组_senses_table_tem4 7.17.xlsx
cortar,v,n/a,A2,1,,切割；切开,,La profesora cortó el papel en varios trozos para la actividad de la clase de arte.,老师把纸剪成几块，用于美术课的活动。,cortar_1.jpg,考试路径|A2|v,专四,环境；氛围,洗；清洗；洗涤,百万,大创内容组_senses_table_tem4 9.9.xlsx
cortina,n,f,A2,1,,窗帘,,Cada mañana abro la cortina de mi habitación para que entre la luz del sol.,每天早上我拉开房间的窗帘，让阳光透进来。,cortina_1.jpg,考试路径|A2|n,专四,学习；学会；习得,快的；迅速的；敏捷的,地点；地方；位置,大创内容组_senses_table_tem4 9.9.xlsx
coser,v,n/a,A2,1,,缝；缝制,,Mi abuela me enseñó a coser botones cuando era pequeño y todavía recuerdo sus consejos.,我奶奶在我小时候教过我缝扣子，至今我还记得她的指导。,coser_1.jpg,考试路径|A2|v,专四,在那儿；往那儿（较远处）,使费力；使困难（搭配me/te等）,护士,大创内容组_senses_table_tem4 9.9.xlsx
costa,n,f,A2,1,,海岸；沿岸,,La costa de Andalucía es famosa por sus largas playas de arena fina y dorada.,安达卢西亚海岸以其绵长细软的金色沙滩而闻名。,costa_1.jpg,考试路径|A2|n,专四,认为；以为,位于；处于；身在,思考；想；思索,大创内容组_senses_table_tem4 7.20.xlsx
costar,v,n/a,A2,1,,花费（金钱）,,"Este diccionario de español me costó treinta euros, pero ha sido una inversión excelente.",这本西班牙语词典花了我三十欧元，但这是一笔很值的投资。,costar_1.jpg,考试路径|A2|v,专四,互相认识；见面；相识,花园；公园,几乎不；刚刚,大创内容组_senses_table_tem4 9.9.xlsx
costar,v,n/a,A2,2,,使费力；使困难（搭配me/te等）,,"Me cuesta mucho entender el subjuntivo, pero practico todos los días para mejorarlo.",理解虚拟式对我来说很困难，但我每天练习来提高。,costar_2.jpg,考试路径|A2|v,专四,停车；停放,写作；作文；编辑部,触摸；触碰；摸,大创内容组_senses_table_tem4 9.9.xlsx
costumbre,n,f,A2,1,,习俗；习惯,,"Es costumbre en muchos países hispanos saludar con dos besos entre amigos, aunque varía por región.",许多西语国家朋友间流行贴两下脸颊打招呼，不过各地区有差异。,costumbre_1.jpg,考试路径|A2|n,专四,快的；迅速的；敏捷的,触摸；触碰；摸,得宠的；特别喜欢的,大创内容组_senses_table_tem4_with_images.xlsx
creer,v,n/a,A2,2,,认为；以为,,¿Crees que debería practicar más la pronunciación o el vocabulario para el examen?,你认为我备考应该多练发音还是词汇？,creer_2.jpg,考试路径|A2|v,专四,罐头；听头,长的；长久的；长度,发烧；发热,大创内容组_senses_table_tem4 9.9.xlsx
crema,n,f,A2,1,,奶油,,"Para hacer este pastel, necesitas mezclar la crema con el azúcar y la harina cuidadosamente.",要做这个蛋糕，你需要把奶油、糖和面粉仔细混合。,crema_1.jpg,考试路径|A2|n,专四,关掉；熄灭（灯/火）,食欲；胃口,艺术；美术；技艺,大创内容组_senses_table_tem4 9.9.xlsx
cuaderno,n,m,A2,1,,笔记本；练习本,,Compré un cuaderno nuevo para apuntar todo el vocabulario nuevo de español.,我买了一个新本子，用来记所有新的西语单词。,cuaderno_1.jpg,考试路径|A2|n,专四,通知；告知,机场,洗漱；梳洗,大创内容组_senses_table_tem4 7.18.xlsx
cuadro,n,m,A2,1,,画；图画；场面,,El cuadro que cuelga en la sala de la universidad representa una escena histórica de la ciudad.,挂在学校大厅的那幅画描绘了这座城市的一个历史场景。,cuadro_1.jpg,考试路径|A2|n,专四,长的；长久的；长度,火腿,需要；必需；需求,大创内容组_senses_table_tem4 9.9.xlsx
cualquiera,n,n/a,A2,1,,任何的；任何一个,,"Puedes elegir cualquier tema para tu trabajo final, siempre que esté relacionado con el español.",你可以选择任何主题来完成期末作业，只要和西班牙语有关。,cualquiera_1.jpg,考试路径|A2|n,专四,不同的；有差异的,带来；拿来；携来,说；讲；说话；交谈,大创内容组_senses_table_tem4 9.9.xlsx
cuarenta,adj,n/a,A2,1,,四十,,En la clase de español hay cuarenta estudiantes de diferentes nacionalidades y culturas.,西班牙语班上有来自不同国家和文化的四十名学生。,cuarenta_1.jpg,考试路径|A2|adj,专四,口头的,邮件；信函,重音；（书面）尖音符,大创内容组_senses_table_tem4 9.9.xlsx
cuarto,adj,n/a,A2,1,,第四,,El cuarto capítulo del libro trata sobre la historia de la lengua española en América.,这本书的第四章讲述的是西班牙语在美洲的历史。,cuarto_1.jpg,考试路径|A2|adj,专四,气候；氛围,使疲倦；使劳累,书；书籍；著作,大创内容组_senses_table_tem4 9.9.xlsx
cuarto,n,m,A2,2,,四分之一；一刻钟,,"Son las tres y cuarto, todavía tenemos tiempo para repasar antes del examen.",三点一刻了，考试前我们还有时间复习。,cuarto_2.jpg,考试路径|A2|n,专四,玩具；玩物,学习；学会；习得,写；书写；写作,大创内容组_senses_table_tem4 9.9.xlsx
cuarto,n,m,A2,3,,房间,,"Cada estudiante tiene su propio cuarto en la residencia universitaria, con baño privado.",大学宿舍里每个学生都有自己的房间，带独立卫生间。,cuarto_3.jpg,考试路径|A2|n,专四,狗叫；吠,行李箱；手提箱,建筑师,大创内容组_senses_table_tem4 9.9.xlsx
cubano,n,n/a,A2,1,,古巴的；古巴人,,"El ritmo cubano es muy contagioso, y todos los estudiantes bailaron en la fiesta de fin de curso.",古巴的节奏很有感染力，期末派对上所有学生都跳起舞来。,cubano_1.jpg,考试路径|A2|n,专四,整理；安排,那个（远指，形容词）,走路；步行,大创内容组_senses_table_tem4 9.9.xlsx
cuchara,n,f,A2,1,,勺子,,"Para comer la sopa, necesitas una cuchara grande y un tazón bien caliente.",喝汤时，你需要一把大勺子和一个热腾腾的碗。,cuchara_1.jpg,考试路径|A2|n,专四,校园,复习；温习,首都，首府,大创内容组_senses_table_tem4 9.9.xlsx
cuchillo,n,m,A2,1,,刀,,El cocinero cortó las verduras con un cuchillo muy afilado para preparar la ensalada.,厨师用一把非常锋利的刀切蔬菜来做沙拉。,cuchillo_1.jpg,考试路径|A2|n,专四,衣柜；立柜,积极的；活跃,家；家庭；住所,大创内容组_senses_table_tem4 9.9.xlsx
cuello,n,m,A2,1,,脖子,,El profesor lleva una bufanda de lana alrededor del cuello para protegerse del frío invernal.,老师脖子上围了一条羊毛围巾来抵御冬天的寒冷。,cuello_1.jpg,考试路径|A2|n,专四,困难的；难的,摩托车,形状；图形,大创内容组_senses_table_tem4 9.9.xlsx
cuenta,n,f,A2,1,,账户；户头,,Abrí una cuenta en el banco para gestionar mis gastos de estudio durante toda la carrera.,我在银行开了一个账户，用来管理整个大学期间的学习开支。,cuenta_1.jpg,考试路径|A2|n,专四,工作；劳动；上班,职业；专业；行业,脱下；摘掉,大创内容组_senses_table_tem4 7.19.xlsx
cuenta,n,f,A2,2,,账单；算账,,Pide la cuenta al camarero cuando termines de cenar con tus compañeros de clase.,和同学们吃完晚饭后，向服务员要账单。,cuenta_2.jpg,考试路径|A2|n,专四,云；云朵,生物学,文化的,大创内容组_senses_table_tem4 7.19.xlsx
cuento,n,m,A2,1,,故事；短篇小说；童话,,Mi abuela me cuenta un cuento diferente todas las noches antes de que me duerma.,我奶奶每晚我睡觉前都给我讲一个不同的故事。,cuento_1.jpg,考试路径|A2|n,专四,整理；安排,放入；塞进,脖子,大创内容组_senses_table_tem4 7.18.xlsx
cuestión,n,f,A2,1,,问题；议题,,La cuestión principal del debate es cómo mejorar la enseñanza del español en las escuelas.,辩论的核心问题是如何改进学校的西班牙语教学。,cuestion_1.jpg,考试路径|A2|n,专四,树,带来；拿来；携来,开心的；幸福的,大创内容组_senses_table_tem4 9.9.xlsx
cuidar,v,n/a,A2,1,,照顾；照料,,Los estudiantes más responsables suelen cuidar el material de la biblioteca con mucho respeto.,更有责任心的学生通常会怀着敬重之心爱护图书馆的资料。,cuidar_1.jpg,考试路径|A2|v,专四,秩序；顺序；条理,足够；足以,下雨；降雨,大创内容组_senses_table_tem4 9.9.xlsx
cuidarse,v,n/a,A2,1,,保重；照顾自己,,La profesora siempre nos dice que debemos cuidarnos y descansar lo suficiente durante los exámenes.,老师总是说我们应该在考试期间照顾好自己，保证足够休息。,cuidarse_1.jpg,考试路径|A2|v,专四,学科；科目,狼,兴趣；关注,大创内容组_senses_table_tem4 9.9.xlsx
culpa,n,f,A2,1,,过错；罪过,,El estudiante admitió su culpa por no haber entregado el trabajo a tiempo.,该学生承认了没有按时交作业的过错。,culpa_1.jpg,考试路径|A2|n,专四,穿（鞋）,东方；东边,任何的；任何一个,大创内容组_senses_table_tem4 9.9.xlsx
cultura,n,f,A2,1,,文化,,"Conocer la cultura hispana te ayuda a entender chistes, gestos y referencias en series y películas.",了解西语文化能帮你听懂玩笑、手势以及影视剧里的典故。,cultura_1.jpg,考试路径|A2|n,专四,长椅；长凳,目的地；终点,极好的；极妙的,大创内容组_senses_table_tem4_with_images.xlsx
cultural,adj,n/a,A2,1,,文化的,,La universidad organiza actividades culturales para que los estudiantes conozcan otras tradiciones.,大学组织文化活动，让学生们了解其他传统。,cultural_1.jpg,考试路径|A2|adj,专四,山谷；谷地,狼,与…同时；在…时候,大创内容组_senses_table_tem4 9.9.xlsx
cumpleaños,n,m,A2,1,,生日,,Preparamos un pequeño regalo para el cumpleaños de nuestra compañera.,我们为同学的生日准备了一份小礼物。,cumpleanos_1.jpg,考试路径|A2|n,专四,艺术；美术；技艺,使；让；令；造成,马达；发动机；动力,大创内容组_senses_table_tem4 7.18.xlsx
curiosidad,n,f,A2,1,,好奇心,,La curiosidad por aprender cosas nuevas es una de las cualidades más valiosas en un estudiante.,对学习新事物的好奇心是学生最宝贵的品质之一。,curiosidad_1.jpg,考试路径|A2|n,专四,电的；电力的,有；拥有；持有,口信；电文；信息,大创内容组_senses_table_tem4 9.9.xlsx
curioso,adj,n/a,A2,1,,好奇的；好打听的,,Mi profesor es curioso y siempre está aprendiendo palabras nuevas en varios idiomas.,我的老师充满好奇心，总在学习不同语言的新词汇。,curioso_1.jpg,考试路径|A2|adj,专四,搞错；弄错,入夜；天黑,器械；仪器；乐器；工具,大创内容组_senses_table_tem4 9.9.xlsx
cuál,pron,n/a,A2,1,,哪个（疑问）,,¿Cuál de estos libros de gramática es el más adecuado para preparar el examen de español?,这些语法书中哪一本最适合准备西班牙语考试？,cual_1.jpg,考试路径|A2|pron,专四,蚊子,兴趣；关注,摘要；概要,大创内容组_senses_table_tem4 9.9.xlsx
cuándo,adv,n/a,A2,1,,什么时候（疑问）,,¿Cuándo vas a empezar a preparar tu viaje de estudios a un país hispanohablante?,你什么时候开始准备去西语国家的游学之旅？,cuando_1.jpg,考试路径|A2|adv,专四,使用；运用,平静的；安静的,便宜的；廉价的,大创内容组_senses_table_tem4 9.9.xlsx
cuñado,n,n/a,A2,1,,配偶的兄弟姐妹；兄弟姐妹的配偶,,Mi cuñado vive en Barcelona y trabaja como profesor de historia en una universidad.,我的姐夫（或妹夫、大舅子等）住在巴塞罗那，在一所大学做历史老师。,cunado_1.jpg,考试路径|A2|n,专四,几乎不；刚刚,大象,居住；住在；生活,大创内容组_senses_table_tem4 9.9.xlsx
cámara,n,f,A2,1,,照相机；摄像机,,El periodista llevaba una cámara profesional para capturar imágenes del evento cultural.,这位记者带着一台专业相机来拍摄文化活动的照片。,camara_1.jpg,考试路径|A2|n,专四,作者；作家；创作者,小写字母,使费力；使困难（搭配me/te等）,大创内容组_senses_table_tem4 7.31.xlsx
danza,n,f,A2,1,,舞蹈,,La danza flamenca es una de las expresiones artísticas más famosas de la cultura española.,弗拉门戈舞蹈是西班牙文化中最著名的艺术表现形式之一。,danza_1.jpg,考试路径|A2|n,专四,理解；明白；领会,支持,身体的；体力的,大创内容组_senses_table_tem4 9.9.xlsx
dato,n,m,A2,1,,数据；资料,,Los datos demuestran que el español es una de las lenguas más estudiadas en el mundo.,数据显示，西班牙语是世界上学习人数最多的语言之一。,dato_1.jpg,考试路径|A2|n,专四,收纳；保存,彩虹,墨西哥的；墨西哥人,大创内容组_senses_table_tem4 9.9.xlsx
debajo,adv,n/a,A2,1,,在下面；底下,,Las llaves están debajo de la mochila que dejaste en la silla de la clase.,钥匙在你留在教室椅子上的书包下面。,debajo_1.jpg,考试路径|A2|adv,专四,大自然的；天然的；自然的；理所当然的,牙齿,玩；玩耍；参加体育比赛；赌博；开玩笑,大创内容组_senses_table_tem4 9.9.xlsx
deber,v,n/a,A2,1,,应该；应当；必须,,Debes terminar los deberes antes de ver la televisión por la noche.,你应该在晚上看电视之前完成作业。,deber_1.jpg,考试路径|A2|v,专四,使费力；使困难（搭配me/te等）,奶油,吃午餐,大创内容组_senses_table_tem4 7.17.xlsx
deberes,n,m,A2,1,,作业（常用复数）,,Los deberes de esta semana son escuchar un podcast y escribir un resumen de cien palabras.,这周的作业是听一段播客，并写一百字左右的摘要。,deberes_1.jpg,考试路径|A2|n,专四,在高处；在上面；向上,学习；学习过程,提问；询问；问,大创内容组_senses_table_tem4_with_images.xlsx
decir,v,n/a,A2,1,,说；讲；告诉；讲述,,Mi profesor siempre dice que la práctica es la clave para aprender español bien.,我的老师总是说，练习是学好西班牙语的关键。,decir_1.jpg,义项包|考试路径|A2|v,专四,漂亮的；好看的,六月,极好的；极妙的,大创内容组_senses_table_tem4 7.17.xlsx
decir,v,n/a,A2,2,,意味着；意思是；表示,,"La palabra ""amigo"" en español decir una persona que te quiere y te ayuda siempre.",西班牙语里的 “amigo” 这个词，意思是一个永远关心你、帮助你的人。,decir_2.jpg,考试路径|A2|v,专四,四月,需要；必需；需求,西方；西边,大创内容组_senses_table_tem4 7.17.xlsx
dedo,n,m,A2,1,,手指,,Señaló con el dedo la palabra que no entendía en el texto de español.,他用手指着西语课文里不认识的单词。,dedo_1.jpg,考试路径|A2|n,专四,节日；派对；庆祝活动,阿根廷的；阿根廷人,反对；对抗；与…相反；逆,大创内容组_senses_table_tem4 9.9.xlsx
dejar,v,n/a,A2,1,,放下；留下,,Deja tu mochila en el banco y ven conmigo un momento.,把书包放长椅上，跟我过来一下。,dejar_1.jpg,考试路径|A2|v,专四,街道；马路；街,在里面；在内部,气候；氛围,大创内容组_senses_table_tem4 7.19.xlsx
delante,adv,n/a,A2,1,,在前面；前方,,El profesor camina delante de todos los alumnos en la excursión.,徒步出游时老师走在所有学生前面。,delante_1.jpg,考试路径|A2|adv,专四,一半的；中间的；平均的；有点儿；中间；环境；手段,进入；入口,机器；机械；机件；机车,大创内容组_senses_table_tem4 7.18.xlsx
delgado,adj,n/a,A2,1,,瘦的；细的；薄的,,"El profesor de español es alto y delgado, y siempre lleva una sonrisa amable en el rostro.",西班牙语老师又高又瘦，脸上总是挂着亲切的微笑。,delgado_1.jpg,考试路径|A2|adj,专四,希望；想要,邮寄；发送,帮助；好处；恩惠；宠爱,大创内容组_senses_table_tem4 9.9.xlsx
delicioso,adj,n/a,A2,1,,极好吃的；可口的,,"Esta tortilla de patatas está deliciosa, ¿puedes darme la receta?",这个土豆饼太好吃了，你能把食谱给我吗？,delicioso_1.jpg,考试路径|A2|adj,专四,袋子；包,钱；金钱；资金,邀请；请柬,大创内容组_senses_table_tem4 7.20.xlsx
demasiado,n,n/a,A2,1,,过分的；太,,El profesor piensa que los estudiantes dedican demasiado tiempo a las redes sociales y poco al estudio.,老师认为学生们花太多时间在社交媒体上，花在学习上的时间却太少。,demasiado_1.jpg,考试路径|A2|n,专四,认真的；严肃,酒吧；小餐馆,扔；投；放；倒；流出,大创内容组_senses_table_tem4 9.9.xlsx
demás,adj,n/a,A2,1,,其余的；其他的,,"Mientras unos estudiantes leen en voz alta, los demás escuchan atentamente y toman notas.",当一些学生大声朗读时，其余的人则认真听讲并做笔记。,demas_1.jpg,考试路径|A2|adj,专四,非常；很；大量地,小的；细小的；无足轻重的,不同的；有差异的,大创内容组_senses_table_tem4 9.9.xlsx
dentro,adv,n/a,A2,1,,在里面；在内部,,Guarda todas las palabras nuevas dentro de tu cuaderno para repasarlas cuando sea necesario.,把所有生词都记在你的笔记本里，以便需要时随时复习。,dentro_1.jpg,考试路径|A2|adv,专四,卧室；宿舍,公园；园区,理解；明白；领会,大创内容组_senses_table_tem4 9.9.xlsx
deporte,n,m,A2,1,,体育运动,,Hacer deporte regularmente ayuda a los estudiantes a mantener la concentración en sus estudios.,经常做体育运动有助于学生保持对学习的注意力集中。,deporte_1.jpg,考试路径|A2|n,专四,月亮,认为；以为,疲倦；厌烦,大创内容组_senses_table_tem4 9.9.xlsx
derecho,n,m,A2,1,,权利,,Todos los estudiantes tienen derecho a utilizar las instalaciones deportivas de la universidad.,所有学生都有权利使用大学的体育设施。,derecho_1.jpg,考试路径|A2|n,专四,爱；热爱；喜爱,那个（远指，形容词）,困难的；难的,大创内容组_senses_table_tem4 7.19.xlsx
derecho,adj,n/a,A2,3,,直的；笔直的,,Camina todo derecho por esta calle y verás la biblioteca al final a la izquierda.,沿着这条街直走，你会看到图书馆在尽头左侧。,derecho_3.jpg,考试路径|A2|adj,专四,地点；地方；位置,宏伟的；壮丽的；极好的,吃晚餐,大创内容组_senses_table_tem4 7.19.xlsx
desayunar,v,n/a,A2,1,,吃早餐,,"Antes de ir a clase, desayuno un café con leche y dos tostadas.",上课之前，我喝一杯咖啡牛奶、吃两片吐司当早餐。,desayunar_1.jpg,考试路径|A2|v,专四,虽然；尽管,赢得；获胜；赢,支持,大创内容组_senses_table_tem4 7.20.xlsx
descansar,v,n/a,A2,1,,休息；歇息；放松,,"Después de estudiar muchas horas seguidas, necesitas descansar un poco los ojos.",连续学习好几个小时之后，你需要让眼睛休息一下。,descansar_1.jpg,考试路径|A2|v,专四,阿拉伯的；阿拉伯人；阿拉伯语,电影；影片；胶卷,星；星体,大创内容组_senses_table_tem4 7.17.xlsx
desear,v,n/a,A2,1,,希望；想要,,Deseo viajar a España para conocer su cultura y mejorar mi español al mismo tiempo.,我希望去西班牙旅行，了解那里的文化，同时提高我的西班牙语。,desear_1.jpg,考试路径|A2|v,专四,电的；电力的,剩下；剩余；留有,聪明的；机灵的；准备好的,大创内容组_senses_table_tem4 9.9.xlsx
desierto,n,m,A2,1,,沙漠,,El desierto de Tabernas en España es el único desierto de toda Europa.,西班牙的塔韦纳斯沙漠是整个欧洲唯一的沙漠。,desierto_1.jpg,考试路径|A2|n,专四,学习；研究；攻读,形状；图形,食欲；胃口,大创内容组_senses_table_tem4 7.20.xlsx
despacio,adv,n/a,A2,1,,缓慢地；慢慢地,,El profesor habla despacio para que todos los estudiantes puedan entender la explicación.,老师讲得很慢，以便所有学生都能听懂讲解。,despacio_1.jpg,考试路径|A2|adv,专四,墨西哥的；墨西哥人,推；推动,衣箱；大箱子,大创内容组_senses_table_tem4 9.13.xlsx
despedirse,v,n/a,A2,1,,告别；道别,,Los estudiantes se despiden del profesor al terminar la última clase del semestre.,学期最后一节课结束时，学生们向老师道别。,despedirse_1.jpg,考试路径|A2|v,专四,聪明的；机灵的；准备好的,物主；户主；主人,节；盛会；会演,大创内容组_senses_table_tem4 7.20.xlsx
despertar,v,n/a,A2,1,,叫醒；唤醒,,Mi madre me despierta todas las mañanas a las siete en punto.,我妈妈每天早上七点整叫醒我。,despertar_1.jpg,考试路径|A2|v,专四,时间表；课表,墨西哥的；墨西哥人,椅子；座椅,大创内容组_senses_table_tem4 7.20.xlsx
despertarse,v,n/a,A2,1,,醒来；睡醒；起床,,Me despierto todos los días a las siete de la mañana con el sonido de la alarma.,我每天早上七点被闹钟的声音叫醒。,despertarse_1.jpg,考试路径|A2|v,专四,文化,推；推动,交给；交付,大创内容组_senses_table_tem4 7.17.xlsx
destino,n,m,A2,1,,目的地；终点,,"Nuestro destino final es la ciudad de Granada, famosa por su Alhambra.",我们的最终目的地是格拉纳达市，以其阿尔罕布拉宫而闻名。,destino_1.jpg,考试路径|A2|n,专四,缓慢地；慢慢地,扔；投；放；倒；流出,北方；北边,大创内容组_senses_table_tem4 7.20.xlsx
detrás,adv,n/a,A2,1,,在后面；后方,,Mi mochila está detrás de la silla del aula de español.,我的书包放在西语教室椅子后面。,detras_1.jpg,考试路径|A2|adv,专四,有能力的；能够的,告别；道别,第四,大创内容组_senses_table_tem4 7.18.xlsx
devolver,v,n/a,A2,1,,归还；回报；回馈,,Debes devolver los libros a la biblioteca antes de que termine el plazo de préstamo.,你必须在借阅期限结束前把书还给图书馆。,devolver_1.jpg,考试路径|A2|v,专四,缺席；缺勤,得宠的；特别喜欢的,教师；师傅；大师；导师,大创内容组_senses_table_tem4 9.13.xlsx
diario,n,n/a,A2,1,,每日的；日报；日记,,Mi padre lee el diario todas las mañanas para estar informado de las noticias internacionales.,我父亲每天早上读报纸，了解国际新闻。,diario_1.jpg,考试路径|A2|n,专四,形状；图形,沙漠,事情；事务,大创内容组_senses_table_tem4 9.13.xlsx
dibujar,v,n/a,A2,1,,绘画；画,,Los estudiantes dibujaron un mapa conceptual para organizar las ideas del texto leído.,学生们画了一幅概念图来整理所读文章的思路。,dibujar_1.jpg,考试路径|A2|v,专四,面貌；外表,时间；时光；工夫,博物馆；博物院,大创内容组_senses_table_tem4 9.13.xlsx
diccionario,n,m,A2,1,,词典,,"Cuando dudes del sentido, consulta un diccionario bilingüe y también un ejemplo en contexto.",对词义不确定时，查双语词典并看一个语境例句。,diccionario_1.jpg,考试路径|A2|n,专四,认真的；严肃,字母表,丈夫,大创内容组_senses_table_tem4_with_images.xlsx
diciembre,n,m,A2,1,,十二月,,Diciembre trae las fiestas navideñas en todos los países hispanos.,十二月所有西语国家迎来圣诞节日。,diciembre_1.jpg,考试路径|A2|n,专四,天亮；天明,食欲；胃口,发烧；发热,大创内容组_senses_table_tem4 7.18.xlsx
dictado,n,m,A2,1,,听写,,Hacemos un dictado cada semana para mejorar la ortografía y la comprensión auditiva en español.,我们每周进行一次听写，以提高西班牙语的拼写和听力理解能力。,dictado_1.jpg,考试路径|A2|n,专四,教师；教授（大学）,笤帚；扫帚,切割；切开,大创内容组_senses_table_tem4 7.16.xlsx
diente,n,m,A2,1,,牙齿,,Es importante cepillarse los dientes después de cada comida para mantener una buena salud bucal.,为了保持口腔健康，每餐后刷牙很重要。,diente_1.jpg,考试路径|A2|n,专四,二月,没耐心的；急躁,赢得；获胜；赢,大创内容组_senses_table_tem4 9.13.xlsx
diferencia,n,f,A2,1,,差异；区别；差额,,La diferencia principal entre estos dos textos es el registro formal e informal que utilizan.,这两篇文章的主要区别在于它们所使用的正式与非正式语域。,diferencia_1.jpg,考试路径|A2|n,专四,救护车,教育；训练,自己的；本人的,大创内容组_senses_table_tem4 7.19.xlsx
diferente,adj,n/a,A2,1,,不同的；有差异的,,"Cada estudiante tiene un estilo diferente de aprender español, por eso es importante ser flexible.",每个学生都有不同的西班牙语学习风格，因此灵活很重要。,diferente_1.jpg,考试路径|A2|adj,专四,享受；享有,疼；疼痛,角；街角；拐角,大创内容组_senses_table_tem4 9.13.xlsx
difícil,adj,n/a,A2,1,,困难的；难的,,"Para muchos estudiantes, la gramática del subjuntivo es la parte más difícil del español.",对许多学生来说，虚拟式语法是西班牙语中最难的部分。,dificil_1.jpg,考试路径|A2|adj,专四,生病的；不舒服的；邪恶的,得宠的；特别喜欢的,复习,大创内容组_senses_table_tem4 9.13.xlsx
dinero,n,m,A2,1,,钱；金钱；资金,,Ahorro dinero todos los meses para poder viajar el próximo verano por varios países de Europa.,我每个月都存钱，为了明年夏天能去欧洲好几个国家旅行。,dinero_1.jpg,考试路径|A2|n,专四,展示；出示；显示,蚊子,数量；数额,大创内容组_senses_table_tem4 7.17.xlsx
diploma,n,m,A2,1,,文凭；证书,,"Al finalizar el curso, la universidad entregó un diploma a cada estudiante de intercambio.",课程结束时，大学向每位交换生颁发了证书。,diploma_1.jpg,考试路径|A2|n,专四,机场,大蒜,跟随；跟着；追随,大创内容组_senses_table_tem4 9.13.xlsx
dirección,n,f,A2,1,,方向,,El profesor indicó la dirección correcta para llegar a la biblioteca desde la facultad.,老师指出了从学院到图书馆的正确方向。,direccion_1.jpg,考试路径|A2|n,专四,出去；离开；出门,通过（考试）,电影；影片；胶卷,大创内容组_senses_table_tem4 9.13.xlsx
dirección,n,f,A2,2,,地址,,Escribe tu dirección completa en el formulario de inscripción al curso de español.,在西班牙语课程报名表上写下你的完整地址。,direccion_2.jpg,考试路径|A2|n,专四,农民；乡下人,沙漠,课；课程；班级,大创内容组_senses_table_tem4 9.13.xlsx
director,n,n/a,A2,1,,领导人；主任；导演,,El director del departamento de español anunció nuevas becas para los estudiantes.,西班牙语系主任宣布了新的学生奖学金。,director_1.jpg,考试路径|A2|n,专四,错误；过失,邮寄；发送,片刻；瞬间,大创内容组_senses_table_tem4 9.13.xlsx
discutir,v,n/a,A2,1,,讨论；争论,,Los estudiantes discutieron sobre el tema del medio ambiente durante toda la clase de español.,学生们整节西班牙语课都在讨论环境问题。,discutir_1.jpg,考试路径|A2|v,专四,语言；语种,自由的；不受约束的；空闲的,使厌烦；使无聊；感到厌烦；感到无聊,大创内容组_senses_table_tem4 9.13.xlsx
diseñador,n,n/a,A2,1,,设计师,,La diseñadora gráfica hizo el cartel para el evento cultural de la facultad.,平面设计师为学院的文化活动制作了海报。,disenador_1.jpg,考试路径|A2|n,专四,书桌；普通桌子,巨大的,思考；想；思索,大创内容组_senses_table_tem4 7.19.xlsx
disfrazarse,v,n/a,A2,1,,化装；乔装打扮,,"Para la fiesta de fin de curso, los estudiantes se disfrazaron de personajes de la literatura española.",为了期末派对，学生们化装成了西班牙文学中的人物。,disfrazarse_1.jpg,考试路径|A2|v,专四,升（体积单位）,投；扔；掷,跟随；跟着；追随,大创内容组_senses_table_tem4 9.13.xlsx
disfrutar,v,n/a,A2,1,,享受；享有,,Los estudiantes disfrutan de las actividades culturales que organiza la universidad cada mes.,学生们享受大学每个月组织的文化活动。,disfrutar_1.jpg,考试路径|A2|v,专四,开心的；幸福的,脱下；摘掉,柠檬；柠檬树,大创内容组_senses_table_tem4 9.13.xlsx
distancia,n,f,A2,1,,距离,,La distancia entre la biblioteca y la facultad de filología es de solo cinco minutos caminando.,图书馆和文学院之间的距离步行只需五分钟。,distancia_1.jpg,考试路径|A2|n,专四,起床；起身；站起来,警察；警方,快的；迅速的；敏捷的,大创内容组_senses_table_tem4 9.13.xlsx
distinto,adj,n/a,A2,1,,不同的；多样的,,"Cada estudiante tiene un estilo distinto de aprender, por eso hay que respetar los ritmos.",每个学生都有不同的学习风格，因此要尊重各自的节奏。,distinto_1.jpg,考试路径|A2|adj,专四,狗叫；吠,交通信号灯,文件；证件,大创内容组_senses_table_tem4 9.13.xlsx
divertido,adj,n/a,A2,1,,有趣的；好玩的,,La clase de conversación es muy divertida por los juegos lingüísticos.,口语课的语言小游戏十分有趣。,divertido_1.jpg,考试路径|A2|adj,专四,叫醒；唤醒,写作；作文；编辑部,人；个人；人物,大创内容组_senses_table_tem4 7.18.xlsx
divertirse,v,n/a,A2,1,,开心；消遣,,Los estudiantes se divierten mucho en las fiestas culturales que organiza la facultad.,学生们在学院组织的文化派对上玩得很开心。,divertirse_1.jpg,考试路径|A2|v,专四,城市；都市；城,千米；公里,阅读；读物,大创内容组_senses_table_tem4 9.13.xlsx
documento,n,m,A2,1,,文件；证件,,"Para inscribirte en el curso, debes presentar todos los documentos necesarios en la secretaría.",要报名参加课程，你必须在秘书处提交所有必要的文件。,documento_1.jpg,考试路径|A2|n,专四,日历；月历,玩具娃娃,这；这个（中性）,大创内容组_senses_table_tem4 9.13.xlsx
doler,v,n/a,A2,1,,疼；疼痛,,Me duele la cabeza después de estudiar tantas horas seguidas sin descansar.,连续学习这么多小时没有休息，我头疼。,doler_1.jpg,考试路径|A2|v,专四,大写字母,木材；木料,向后；朝后；在后边；以前（时间上）,大创内容组_senses_table_tem4 9.13.xlsx
dolor,n,m,A2,1,,疼痛；疼,,"Si tienes dolor de garganta, bebe mucha agua tibia y descansa la voz.",如果你嗓子疼，多喝温水，少说话。,dolor_1.jpg,考试路径|A2|n,专四,市场；集市,地毯,圆珠笔；水性笔,大创内容组_senses_table_tem4 7.18.xlsx
domingo,n,m,A2,1,,周日,,El domingo me quedo en casa para repasar todos los apuntes.,周日我在家复习全部课堂笔记。,domingo_1.jpg,考试路径|A2|n,专四,作家；作者,归还；回报；回馈,进入；入口,大创内容组_senses_table_tem4 7.18.xlsx
dominicano,n,n/a,A2,1,,多米尼加的；多米尼加人,,Mi profesor de baile es dominicano y nos enseñó los pasos básicos del merengue.,我的舞蹈老师是多米尼加人，他教了我们梅伦格舞的基本舞步。,imagesdominicano_1.jpg,考试路径|A2|n,专四,能够；可以；会,教；教授；教导,收据；凭条,大创内容组_senses_table_tem4 9.13.xlsx
dormir,v,n/a,A2,1,,睡觉；入睡；休眠,,Normalmente duermo ocho horas todas las noches para descansar bien el cuerpo.,通常我每晚睡八个小时来让身体好好休息。,dormir_1.jpg,考试路径|A2|v,专四,铅笔,昨晚,戒指；环形；环,大创内容组_senses_table_tem4 7.17.xlsx
dormirse,v,n/a,A2,1,,睡着；入睡,,El estudiante se durmió en la biblioteca mientras leía un libro de gramática española.,这名学生在图书馆读西班牙语语法书时睡着了。,dormirse_1.jpg,考试路径|A2|v,专四,告别；道别,汽车；小汽车,差异；区别；差额,大创内容组_senses_table_tem4 9.13.xlsx
dormitorio,n,m,A2,1,,卧室；宿舍,,"Cada estudiante tiene su propio dormitorio en la residencia universitaria, con escritorio y armario.",每个学生在大学宿舍里都有自己的卧室，配有书桌和衣柜。,dormitorio_1.jpg,考试路径|A2|n,专四,工作；职业；就业,亲吻,过分的；太,大创内容组_senses_table_tem4 9.13.xlsx
doscientos,adj,n/a,A2,1,,二百,,La biblioteca de la universidad tiene más de doscientos libros en español para los estudiantes.,大学图书馆有二百多本西班牙语书籍供学生使用。,doscientos_1.jpg,考试路径|A2|adj,专四,起床；起身；站起来,古巴的；古巴人,灯；照明装置,大创内容组_senses_table_tem4 9.13.xlsx
ducha,n,f,A2,1,,淋浴,,"Después de hacer deporte, me doy una ducha rápida antes de ir a la biblioteca.",运动之后，我去图书馆之前快速冲了个澡。,ducha_1.jpg,考试路径|A2|n,专四,美的；美好的；漂亮的,沙漠,树,大创内容组_senses_table_tem4 9.13.xlsx
dueño,n,n/a,A2,1,,物主；户主；主人,,El dueño del libro olvidado en el aula vino a buscarlo a la secretaría de la facultad.,那本忘在教室里的书的主人来到学院秘书处找它。,dueno_1.jpg,考试路径|A2|n,专四,音乐的；音乐；乐师；音乐家,极好的；极妙的,宏伟的；壮丽的；极好的,大创内容组_senses_table_tem4 9.13.xlsx
dulce,adj,n/a,A2,1,,甜的；甜美的,,Los churros con chocolate son un dulce típico que se toma mucho en España.,蘸热巧克力的西班牙油条是很典型的甜点。,dulce_1.jpg,考试路径|A2|adj,专四,小船；小艇,胃；肚子,博物馆；博物院,大创内容组_senses_table_tem4 7.20.xlsx
dulce（补充）,n,m,A2,2,,糖果；甜食,,Los estudiantes comparten dulces típicos españoles durante la fiesta de fin de curso.,学生们在期末派对上分享西班牙特色甜食。,dulce_2.jpg,考试路径|A2|n,专四,任何的；任何一个,西方；西边,海；海洋,大创内容组_senses_table_tem4 9.13.xlsx
durante,prep,n/a,A2,1,,在…期间,,"Durante el semestre, los estudiantes deben leer al menos tres novelas en español.",在这个学期期间，学生们必须至少读三本西班牙语小说。,durante_1.jpg,考试路径|A2|prep,专四,提问；询问；问,质量；品质,东方；东边,大创内容组_senses_table_tem4 9.13.xlsx
durar,v,n/a,A2,1,,持续；存在；耐久,,La conferencia sobre literatura hispanoamericana duró más de dos horas.,关于拉美文学的讲座持续了两个多小时。,durar_1.jpg,考试路径|A2|v,专四,距离,彩虹,街区；城区,大创内容组_senses_table_tem4 9.13.xlsx
día,n,m,A2,1,,天；日子,,Cada día repaso veinte palabras nuevas para ampliar mi vocabulario.,我每天复习二十个新词扩充词汇量。,dia_1.jpg,义项包|考试路径|A2|n,专四,食欲；胃口,打扫；清洁；清理,植物,大创内容组_senses_table_tem4 7.18.xlsx
dólar,n,m,A2,1,,美元,,"El precio del libro en dólares era más barato que en euros, así que lo compré online.",这本书的美元价格比欧元便宜，所以我在网上买了。,dolar_1.jpg,考试路径|A2|n,专四,推；推动,取暖；让自己暖和,缺少；缺乏；不够,大创内容组_senses_table_tem4 9.13.xlsx
echar,v,n/a,A2,1,,扔；投；放；倒；流出,,El profesor echó una mirada rápida a los apuntes antes de empezar la clase.,老师在开始上课前快速看了一眼笔记。,echar_1.jpg,考试路径|A2|v,专四,似乎；好像；看起来,展示；出示；显示,认识；结识；了解（人）,大创内容组_senses_table_tem4 9.13.xlsx
ecuatoriano,n,n/a,A2,1,,厄瓜多尔的；厄瓜多尔人,,Mi compañero ecuatoriano me enseñó algunas palabras en quechua durante el descanso.,我的厄瓜多尔同学在课间教了我一些克丘亚语单词。,ecuatoriano_1.jpg,考试路径|A2|n,专四,支付；付款,海；海洋,街道；马路；街,大创内容组_senses_table_tem4 9.13.xlsx
edad,n,f,A2,1,,年龄,,La edad mínima para participar en el concurso de debate es de dieciocho años.,参加辩论比赛的最低年龄是十八岁。,edad_1.jpg,考试路径|A2|n,专四,害羞的；腼腆,字；字母,复习,大创内容组_senses_table_tem4 9.13.xlsx
educar,v,n/a,A2,1,,教育；训练,,Los profesores deben educar a los estudiantes con paciencia y respeto.,老师们必须以耐心和尊重教育学生。,educar_1.jpg,考试路径|A2|v,专四,作业（常用复数）,复制；抄写,需要；必需；需求,大创内容组_senses_table_tem4 9.13.xlsx
eh,int,n/a,A2,1,,哎（用于招呼、提醒、加强语气等）,,¡Eh! No olvides tu cuaderno de español sobre la mesa de la biblioteca.,哎！别忘了你放在图书馆桌上的西班牙语笔记本。,eh_1.jpg,考试路径|A2|int,专四,疼痛；疼,海；海洋,提问；询问；问,大创内容组_senses_table_tem4 9.13.xlsx
ejemplo,n,m,A2,1,,典范；榜样；例子,,El profesor nos dio varios ejemplos para entender mejor el uso del subjuntivo.,老师给了我们几个例子来更好地理解虚拟式的用法。,ejemplo_1.jpg,考试路径|A2|n,专四,方式；方法；形式；举止,玩；玩耍；参加体育比赛；赌博；开玩笑,周六,大创内容组_senses_table_tem4 9.13.xlsx
electricidad,n,f,A2,1,,电；电流,,"La electricidad de la biblioteca se cortó durante la tormenta, así que estudiamos con velas.",暴风雨期间图书馆停电了，所以我们点蜡烛学习。,electricidad_1.jpg,考试路径|A2|n,专四,学校,笔记本；练习本,知道；了解；得知,大创内容组_senses_table_tem4 9.13.xlsx
elefante,n,m,A2,1,,大象,,El elefante africano es el animal terrestre más grande que existe en el mundo.,非洲象是世界上现存最大的陆地动物。,elefante_1.jpg,考试路径|A2|n,专四,工人；劳动者；工作者,出现,冬天,大创内容组_senses_table_tem4 9.13.xlsx
eléctrico,adj,n/a,A2,1,,电的；电力的,,Los coches eléctricos son cada vez más comunes en las ciudades europeas.,电动汽车在欧洲城市越来越常见。,electrico_1.jpg,考试路径|A2|adj,专四,自己的；本人的,虾,袜子,大创内容组_senses_table_tem4 9.13.xlsx
emocionado,adj,n/a,A2,1,,激动的；兴奋的,,Estoy emocionado porque voy a participar en el intercambio lingüístico el próximo mes.,我特别激动，下个月就要参加语言交换活动了。,emocionado_1.jpg,考试路径|A2|adj,专四,钥匙,支付；付款,开关,大创内容组_senses_table_tem4 7.18.xlsx
empezar,v,n/a,A2,1,,开始；着手；启动,,Vamos a empezar la clase con una canción en español para relajarnos.,我们用一首西班牙语歌曲开始这节课，放松一下。,empezar_1.jpg,考试路径|A2|v,专四,权利,四分之一；一刻钟,几乎不；刚刚,大创内容组_senses_table_tem4 7.17.xlsx
empleado,n,n/a,A2,1,,职员；员工；雇员,,Los empleados de la oficina empiezan a trabajar a las nueve de la mañana.,办公室的员工早上九点开始上班。,empleado_1.jpg,考试路径|A2|n,专四,苍蝇,洗；清洗；洗涤,喜欢；使喜爱；中意,大创内容组_senses_table_tem4 7.19.xlsx
empleo,n,m,A2,1,,工作；职业；就业,,Muchos estudiantes buscan su primer empleo después de terminar la universidad.,很多学生大学毕业后找第一份工作。,empleo_1.jpg,考试路径|A2|n,专四,缺少；缺乏；不够,害怕；恐惧；担心；忧虑,方法；方式；式样,大创内容组_senses_table_tem4 7.19.xlsx
empresa,n,f,A2,1,,公司；企业,,Mi hermana trabaja en una empresa de comercio internacional muy grande.,我姐姐在一家很大的国际贸易公司上班。,empresa_1.jpg,考试路径|A2|n,专四,回答；答复；回应,自己的；本人的,睡着；入睡,大创内容组_senses_table_tem4 7.19.xlsx
empujar,v,n/a,A2,1,,推；推动,,Los estudiantes empujaron las mesas hacia la pared para dejar espacio en el aula.,学生们把桌子推向墙壁，以腾出教室空间。,empujar_1.jpg,考试路径|A2|v,专四,开关,疲倦；厌烦,搞错；弄错,大创内容组_senses_table_tem4 9.13.xlsx
enamorarse,v,n/a,A2,1,,爱上；喜欢上,,La estudiante se enamoró del español después de leer su primera novela en el idioma.,这名学生在读了第一本西班牙语小说后就爱上了这门语言。,enamorarse_1.jpg,考试路径|A2|v,专四,罐头；听头,特别的；特殊的,动物的；动物,大创内容组_senses_table_tem4 9.13.xlsx
encantar,v,n/a,A2,1,,非常喜欢；迷住；极喜爱,,A mi hermana le encanta viajar por países nuevos y conocer culturas diferentes de todo el mundo.,我姐姐特别喜欢去新的国家旅行，了解世界各地不同的文化。,encantar_1.jpg,考试路径|A2|v,专四,节省；节约；储蓄；存钱,高度,袖子,大创内容组_senses_table_tem4 7.17.xlsx
encender,v,n/a,A2,1,,点燃；打开（电器）,,"Por favor, enciende la luz del aula porque está demasiado oscuro para leer.",请打开教室的灯，因为太暗了没法看书。,encender_1.jpg,考试路径|A2|v,专四,圣诞节,坏地；糟糕地；坏事；邪恶；损害,水平；等级,大创内容组_senses_table_tem4 9.13.xlsx
encima,adv,n/a,A2,1,,在上面；身上,,Dejé los apuntes encima de la mesa y ahora no los encuentro.,我把笔记放在桌子上了，现在找不到了。,encima_1.jpg,考试路径|A2|adv,专四,地毯,擦去；删除,数据；资料,大创内容组_senses_table_tem4 9.13.xlsx
encontrar,v,n/a,A2,1,,找到；发现；碰见,,Ayer encontré mis llaves perdidas debajo del sofá grande de la sala.,昨天我在客厅的大沙发下面找到了我丢失的钥匙。,encontrar_1.jpg,考试路径|A2|v,专四,记录；记下,差异；区别；差额,面颊,大创内容组_senses_table_tem4 7.17.xlsx
encontrarse,v,n/a,A2,1,,位于；处于；身在,,El museo más famoso de toda la ciudad se encuentra en el centro histórico antiguo.,这座城市最有名的博物馆位于古老的历史中心。,encontrarse_1.jpg,考试路径|A2|v,专四,打招呼；问候；致意,在前面；前方,听；倾听；聆听,大创内容组_senses_table_tem4 7.17.xlsx
enero,n,m,A2,1,,一月,,En enero hace mucho frío y debemos llevar abrigo grueso a la facultad.,一月份天气很冷，我们去学院要穿厚外套。,enero_1.jpg,考试路径|A2|n,专四,玩；玩耍；参加体育比赛；赌博；开玩笑,口信；电文；信息,穿衣服；穿衣；打扮,大创内容组_senses_table_tem4 7.18.xlsx
enfermedad,n,f,A2,1,,疾病；病症,,"Esta enfermedad es muy común en invierno, así que abrígate bien.",这种病冬天很常见，你要多穿点保暖。,enfermedad_1.jpg,考试路径|A2|n,专四,校园,哪个（疑问）,邮件；信函,大创内容组_senses_table_tem4 7.18.xlsx
enfermero,n,n/a,A2,1,,护士,,Los enfermeros del hospital trabajan mucho para cuidar bien a los pacientes.,医院的护士们工作很辛苦，悉心照料病人。,enfermero_1.jpg,考试路径|A2|n,专四,邮政；邮局,铅笔,遥远；很远,大创内容组_senses_table_tem4 7.19.xlsx
enfermo,n,n/a,A2,1,,生病的；病人,,El estudiante enfermo no pudo asistir al examen y tendrá que recuperarlo la próxima semana.,生病的学生无法参加考试，下周需要补考。,enfermo_1.jpg,考试路径|A2|n,专四,四分之一；一刻钟,放下；留下,外国的；外国人；外国；国外,大创内容组_senses_table_tem4 9.13.xlsx
enorme,adj,n/a,A2,1,,巨大的,,El esfuerzo de los estudiantes fue enorme y lograron terminar el proyecto a tiempo.,学生们的努力是巨大的，他们按时完成了项目。,enorme_1.jpg,考试路径|A2|adj,专四,在…期间,打招呼；问候；致意,在那儿；往那儿（较远处）,大创内容组_senses_table_tem4 9.13.xlsx
enseñar,v,n/a,A2,1,,教；教授；教导,,Mi abuela me enseña a cocinar platos tradicionales de nuestra familia muy ricos.,我奶奶教我做我们家非常好吃的传统菜肴。,ensenar_1.jpg,考试路径|A2|v,专四,家；家庭；住所,书桌；普通桌子,凉爽的；清新的,大创内容组_senses_table_tem4 7.17.xlsx
entender,v,n/a,A2,1,,理解；明白；懂得,,"No entiendo muy bien este ejercicio de gramática española, ¿podrías explicármelo?",我不太懂这道西班牙语语法题，你能给我讲讲吗？,entender_1.jpg,考试路径|A2|v,专四,变化；改变,书架；货架；隔板,存在；有,大创内容组_senses_table_tem4 7.17.xlsx
entrada,n,f,A2,1,,进入；入口,,La entrada a la biblioteca está al lado del edificio de la facultad de filología.,图书馆的入口在文学院大楼旁边。,entrada_1.jpg,考试路径|A2|n,专四,玩具；玩物,摘要；概要,扬声器；喇叭,大创内容组_senses_table_tem4 9.13.xlsx
entrar,v,n/a,A2,1,,进入；进去；入场,,"Por favor, entre en la sala de reuniones y siéntese donde usted quiera.",请进会议室，您随便找个地方坐就好。,entrar_1.jpg,考试路径|A2|v,专四,糖果；甜食,卡车,好奇的；好打听的,大创内容组_senses_table_tem4 7.17.xlsx
entregar,v,n/a,A2,1,,交给；交付,,Los estudiantes deben entregar el ensayo antes del viernes a la profesora.,学生们必须在周五之前把论文交给老师。,entregar_1.jpg,考试路径|A2|v,专四,疲倦；厌烦,意大利的；意大利人；意大利语,缺席；缺勤,大创内容组_senses_table_tem4 9.13.xlsx
enviar,v,n/a,A2,1,,派；派遣,,La universidad envió a varios estudiantes de intercambio a España este semestre.,大学这学期派了几名交换生去西班牙。,enviar_1.jpg,考试路径|A2|v,专四,公司；企业,长的；长久的；长度,词汇,大创内容组_senses_table_tem4 9.16.xlsx
enviar,v,n/a,A2,2,,邮寄；发送,,Debes enviar tu solicitud de inscripción por correo electrónico antes del viernes.,你必须在周五之前通过电子邮件发送报名申请。,enviar_2.jpg,考试路径|A2|v,专四,出现,学习；学习过程,吃午餐,大创内容组_senses_table_tem4 9.16.xlsx
equipaje,n,m,A2,1,,行李；行装,,No olvides poner la etiqueta con tu nombre en todo el equipaje antes de facturarlo.,托运前别忘了在所有行李上挂上写有你名字的标签。,equipaje_1.jpg,考试路径|A2|n,专四,讨论；争论,邮件；信函,噪音；声响,大创内容组_senses_table_tem4 7.20.xlsx
equipo,n,m,A2,1,,团队；队,,El equipo de debate de la universidad ganó el campeonato nacional de español.,大学辩论队赢得了全国西班牙语锦标赛。,equipo_1.jpg,考试路径|A2|n,专四,移动；使活动；摇动；促使；运动,硬币；货币,添加；增加,大创内容组_senses_table_tem4 9.16.xlsx
equivocar,v,n/a,A2,1,,搞错；弄错,,El profesor equivocó la fecha del examen y tuvo que disculparse con los estudiantes.,老师搞错了考试日期，不得不向学生们道歉。,equivocar_1.jpg,考试路径|A2|v,专四,词汇,洗漱；梳洗,街区；城区,大创内容组_senses_table_tem4 9.16.xlsx
equivocarse,v,n/a,A2,1,,搞错；弄错,,Me equivoqué al escribir la dirección y envié el paquete a la ciudad equivocada.,我写地址时搞错了，把包裹寄到了错误的城市。,equivocarse_1.jpg,考试路径|A2|v,专四,叫；呼喊；称呼,食欲；胃口,电脑；笔记本电脑,大创内容组_senses_table_tem4 9.16.xlsx
error,n,m,A2,1,,错误；过失,,"Cometer errores es normal al aprender un idioma, lo importante es corregirlos.",学习语言时犯错误是正常的，重要的是改正它们。,error_1.jpg,考试路径|A2|n,专四,拿走；去掉；移除,驾驶；开车,二月,大创内容组_senses_table_tem4 9.16.xlsx
escalera,n,f,A2,1,,楼梯,,La escalera que lleva a la biblioteca tiene veinte escalones de mármol.,通往图书馆的楼梯有二十级大理石台阶。,escalera_1.jpg,考试路径|A2|n,专四,儿童的；幼稚的；孩子气的,冒险；探险；奇遇,年老的；老人,大创内容组_senses_table_tem4 9.16.xlsx
escoba,n,f,A2,1,,笤帚；扫帚,,Cada estudiante debe usar la escoba para limpiar su área de trabajo al final del taller.,每个学生在工作坊结束时都必须用扫帚打扫自己的区域。,escoba_1.jpg,考试路径|A2|n,专四,鸟；禽,楼梯,整理；收拾；安排；布置,大创内容组_senses_table_tem4 9.16.xlsx
escoger,v,n/a,A2,1,,挑选；选择,,Los estudiantes pueden escoger entre varias asignaturas optativas según sus intereses.,学生们可以根据自己的兴趣在几门选修课中进行选择。,escoger_1.jpg,考试路径|A2|v,专四,洗漱；梳洗,儿童的；幼稚的；孩子气的,时间；时光；工夫,大创内容组_senses_table_tem4 9.16.xlsx
escribir,v,n/a,A2,1,,写；书写；写作,,Los estudiantes deben escribir un ensayo de 500 palabras sobre su vida universitaria.,学生们需要写一篇 500 字的关于大学生活的短文。,escribir_1.jpg,义项包|考试路径|A2|v,专四,平静的；安静的,驴,关掉；熄灭（灯/火）,大创内容组_senses_table_tem4 7.17.xlsx
escrito,adj,n/a,A2,1,,书面的,,"El examen escrito evalúa ortografía, coherencia y el uso correcto de conectores.",笔试考查拼写、连贯性与连接词的正确使用。,escrito_1.jpg,考试路径|A2|adj,专四,固定；使牢固；保证；确保,职业生涯；生涯；奔跑,机场,大创内容组_senses_table_tem4_with_images.xlsx
escritor,n,n/a,A2,1,,作家；作者,,Mi escritor favorito es un autor hispanoamericano muy famoso.,我最喜欢的作家是一位非常有名的拉美作家。,escritor_1.jpg,考试路径|A2|n,专四,博物馆；博物院,风；气流,衣柜；立柜,大创内容组_senses_table_tem4 7.19.xlsx
escuchar,v,n/a,A2,1,,听；倾听；聆听,,Me gusta escuchar música tranquila mientras estudio para concentrarme mucho mejor.,我学习的时候喜欢听舒缓的音乐来更好地集中注意力。,escuchar_1.jpg,义项包|考试路径|A2|v,专四,二月,出现,雨；雨水,大创内容组_senses_table_tem4 7.17.xlsx
escuela,n,f,A2,1,,学校,,La escuela de idiomas de la universidad ofrece cursos de español para todos los niveles.,大学的语言学校为所有水平提供西班牙语课程。,escuela_1.jpg,义项包|考试路径|A2|n,专四,刀,饼干；松糕,过分的；太,大创内容组_senses_table_tem4 9.16.xlsx
ese,adj,n/a,A2,1,,那个（远指，形容词）,,Ese libro que tienes en la mano es el que recomendó el profesor de literatura.,你手里的那本书就是文学老师推荐的那本。,ese_1.jpg,考试路径|A2|adj,专四,那个；那事（中性）,诸位；他们；她们；它们（间接补语）,差异；区别；差额,大创内容组_senses_table_tem4 9.16.xlsx
eso,pron,n/a,A2,1,,那个；那事（中性）,,Eso que dijiste sobre el subjuntivo me ayudó mucho a entenderlo.,你关于虚拟式说的那番话对我理解它帮助很大。,eso_1.jpg,考试路径|A2|pron,专四,打扮；整理自己；收拾,蜜；蜂蜜；甜蜜,形状；图形,大创内容组_senses_table_tem4 9.16.xlsx
espacio,n,m,A2,1,,空间；空地,,La biblioteca tiene un espacio muy amplio para estudiar en grupo.,图书馆有一个非常宽敞的空间供小组学习。,espacio_1.jpg,考试路径|A2|n,专四,糖果；甜食,人；个人；人物,木材；木料,大创内容组_senses_table_tem4 9.16.xlsx
espalda,n,f,A2,1,,背；背部,,"Después de cargar tantos libros, me duele mucho la espalda.",搬了这么多书之后，我背很疼。,espalda_1.jpg,考试路径|A2|n,专四,缺乏；不足,购物车；手推车,洗澡；沐浴；泡澡,大创内容组_senses_table_tem4 9.16.xlsx
especial,adj,n/a,A2,1,,特别的；特殊的,,Hoy es un día especial porque es el cumpleaños de nuestra profesora de español.,今天是个特别的日子，因为是我们西班牙语老师的生日。,especial_1.jpg,考试路径|A2|adj,专四,器械；仪器；乐器；工具,狮子,帮助；好处；恩惠；宠爱,大创内容组_senses_table_tem4 9.16.xlsx
esperar,v,n/a,A2,1,,等待；等候；等,,Voy a esperarte en la entrada principal del parque a las cinco de la tarde.,我下午五点在公园正门等你。,esperar_1.jpg,考试路径|A2|v,专四,丑的；糟糕的；丑恶的,硬币；货币,意大利的；意大利人；意大利语,大创内容组_senses_table_tem4 7.17.xlsx
esposo,n,n/a,A2,1,,丈夫；妻子,,Mi esposo y yo estudiamos español juntos para comunicarnos mejor en nuestros viajes.,我丈夫和我一起学西班牙语，以便旅行时更好地交流。,esposo_1.jpg,考试路径|A2|n,专四,大象,理解；明白；领会,年老的；老人,大创内容组_senses_table_tem4 9.16.xlsx
esquina,n,f,A2,1,,角；街角；拐角,,"La biblioteca está en la esquina de la calle principal, al lado del café.",图书馆在主街的拐角处，咖啡馆旁边。,esquina_1.jpg,考试路径|A2|n,专四,百万,千克；公斤,摔倒；跌到,大创内容组_senses_table_tem4 9.16.xlsx
estadounidense,n,n/a,A2,1,,美国的；美国人,,Mi profesor de inglés es estadounidense y también habla español con fluidez.,我的英语老师是美国人，他西班牙语也说得很流利。,estadounidense_1.jpg,考试路径|A2|n,专四,发生；出现；到来,教师；师傅；大师；导师,尝试；尽力,大创内容组_senses_table_tem4 9.16.xlsx
estanque,n,m,A2,1,,池塘；蓄水池,,Los patos nadan tranquilamente en el estanque del parque universitario.,鸭子在大学公园的池塘里平静地游着。,estanque_1.jpg,考试路径|A2|n,专四,问题；议题,课程；功课；教导；教训,长椅；长凳,大创内容组_senses_table_tem4 9.16.xlsx
estante,n,m,A2,1,,书架；货架；隔板,,Coloca los libros de español en el estante superior para tenerlos siempre a mano.,把西班牙语书放在最上层的书架上，以便随时取用。,estante_1.jpg,考试路径|A2|n,专四,邮政；邮局,房子；房屋；建筑,哭；流泪；伤心,大创内容组_senses_table_tem4 9.16.xlsx
este,n,m,A2,1,,东方；东边,,El sol sale por el este y se oculta por el oeste cada día.,太阳每日从东方升起，西方落下。,este_1.jpg,考试路径|A2|n,专四,药片；药丸,目的地；终点,思考；想；思索,大创内容组_senses_table_tem4 7.18.xlsx
esto,pron,n/a,A2,1,,这；这个（中性）,,Esto que te voy a contar es un secreto que debes guardar.,我要告诉你的这件事是一个你必须保守的秘密。,esto_1.jpg,考试路径|A2|pron,专四,欧元,想要；希望；打算,老板；上司；主管,大创内容组_senses_table_tem4 9.16.xlsx
estrella,n,f,A2,1,,星；星体,,"En una noche despejada, se pueden ver miles de estrellas desde la azotea de la residencia.",在晴朗的夜晚，从宿舍楼顶可以看到成千上万颗星星。,estrella_1.jpg,考试路径|A2|n,专四,唱；唱歌；演唱,挑选；选择,厄瓜多尔的；厄瓜多尔人,大创内容组_senses_table_tem4 9.16.xlsx
estudiar,v,n/a,A2,1,,学习；研究；攻读,,Mis compañeros y yo estudiamos español todos los días en la sala de clase.,我和同学们每天在教室里学习西班牙语。,estudiar_1.jpg,义项包|考试路径|A2|v,专四,物主；户主；主人,带；携带；随身带,增加；增长；提高,大创内容组_senses_table_tem4 7.17.xlsx
estupendo,adj,n/a,A2,1,,极好的；极妙的,,El profesor nos dio una idea estupenda para mejorar nuestro proyecto de investigación.,老师给了我们一个极好的主意来改进我们的研究项目。,estupendo_1.jpg,考试路径|A2|adj,专四,缺乏；不足,搞错；弄错,丑的；糟糕的；丑恶的,大创内容组_senses_table_tem4 9.16.xlsx
estómago,n,m,A2,1,,胃；肚子,,No comas nada muy pesado antes del examen que te dolerá el estómago.,考试前别吃太油腻的东西，会胃疼的。,estomago_1.jpg,考试路径|A2|n,专四,胡须；下巴,人；个人；人物,自由的；不受约束的；空闲的,大创内容组_senses_table_tem4 7.18.xlsx
euro,n,m,A2,1,,欧元,,El libro de español me costó veinte euros en la librería del centro.,那本西班牙语书在市中心书店花了我二十欧元。,euro_1.jpg,考试路径|A2|n,专四,老板；上司；主管,正确的,树,大创内容组_senses_table_tem4 9.16.xlsx
europeo,n,n/a,A2,1,,欧洲的；欧洲人,,La universidad tiene convenios con varias instituciones europeas para intercambios.,大学与多家欧洲机构有交换协议。,europeo_1.jpg,考试路径|A2|n,专四,行李；行装,地毯,假期；休假,大创内容组_senses_table_tem4 9.16.xlsx
examen,n,m,A2,1,,考试,,"El examen de español incluirá comprensión lectora, redacción corta y un ejercicio de vocabulario.",西语考试将包括阅读理解、短文写作和一道词汇题。,examen_1.jpg,考试路径|A2|n,专四,菜单,身体的；体力的,使连接；汇集；积聚；聚集,大创内容组_senses_table_tem4_with_images.xlsx
excelente,adj,n/a,A2,1,,优秀的；极好的,,La presentación de los estudiantes fue excelente y recibieron felicitaciones del profesor.,学生们的展示非常优秀，受到了老师的表扬。,excelente_1.jpg,考试路径|A2|adj,专四,海；海洋,驴,聪明的；机灵的；准备好的,大创内容组_senses_table_tem4 9.16.xlsx
existir,v,n/a,A2,1,,存在；有,,Existen muchas oportunidades para practicar español fuera del aula universitaria.,在大学课堂之外存在许多练习西班牙语的机会。,existir_1.jpg,考试路径|A2|v,专四,玩笑；戏弄,权利,遥远；很远,大创内容组_senses_table_tem4 9.16.xlsx
experiencia,n,f,A2,1,,经验；经历；阅历,,Viajar a España fue una experiencia inolvidable que me ayudó a mejorar mi español.,去西班牙旅行是一次难忘的经历，帮助我提高了西班牙语。,experiencia_1.jpg,考试路径|A2|n,专四,成分；配料,感到；处于某种状态；年龄,咸的；含盐的,大创内容组_senses_table_tem4 9.16.xlsx
explicar,v,n/a,A2,1,,解释；讲解；说明,,¿Puedes explicarme otra vez este ejercicio de matemáticas tan complicado y difícil?,你能再给我讲一遍这道这么复杂困难的数学题吗？,explicar_1.jpg,考试路径|A2|v,专四,牙齿,儿童的；幼稚的；孩子气的,打扫；清洁；清理,大创内容组_senses_table_tem4 7.17.xlsx
expresar,n,n/a,A2,1,,表示；表达；讲述,,Los estudiantes expresan sus opiniones en español durante los debates de clase.,学生们在课堂辩论中用西班牙语表达自己的观点。,expresar_1.jpg,考试路径|A2|n,专四,花费（金钱）,领导人；主任；导演,方法；方式；式样,大创内容组_senses_table_tem4 9.16.xlsx
extranjero,n,n/a,A2,1,,外国的；外国人；外国；国外,,Muchos estudiantes extranjeros vienen a España para aprender español y conocer la cultura.,许多外国学生来西班牙学习西班牙语并了解文化。,extranjero_1.jpg,考试路径|A2|n,专四,搞错；弄错,每日的；日报；日记,秩序；顺序；条理,大创内容组_senses_table_tem4 9.16.xlsx
falda,n,f,A2,1,,裙子；山坡,,La estudiante llevaba una falda azul y una blusa blanca para la presentación.,这名学生穿着蓝色裙子和白色衬衫做展示。,falda_1.jpg,考试路径|A2|n,专四,周年纪念日,空气,每日的；日报；日记,大创内容组_senses_table_tem4 9.16.xlsx
falta,n,f,A2,1,,缺席；缺勤,,El profesor anotó mi falta de asistencia porque llegué quince minutos tarde a clase.,老师记了我一次缺席，因为我上课迟到了十五分钟。,falta_1.jpg,考试路径|A2|n,专四,锤子,考试,程度；等级,大创内容组_senses_table_tem4 7.19.xlsx
falta,n,f,A2,2,,缺乏；不足,,Hay una falta grave de vocabulario básico entre los estudiantes que empiezan el nivel intermedio.,刚开始中级学习的学生严重缺乏基础词汇量。,falta_2.jpg,考试路径|A2|n,专四,瓶子；瓶,遥远；很远,问题；议题,大创内容组_senses_table_tem4 7.19.xlsx
faltar,v,n/a,A2,1,,缺少；缺乏；不够,,Me faltan dos euros para comprar el libro que quiero tanto para estudiar español.,我想买那本西语学习用书还差两欧元。,faltar_1.jpg,考试路径|A2|v,专四,体育运动,睡着；入睡,外国的；外国人；外国；国外,大创内容组_senses_table_tem4 7.17.xlsx
familia,n,f,A2,1,,家庭；家人；家族,,Los domingos siempre comemos juntos toda la familia en casa de los abuelos maternos.,周日我们全家总是在外婆家一起吃饭。,familia_1.jpg,义项包|考试路径|A2|n,专四,坐下；就座,难过的；悲伤的,什么时候（疑问）,大创内容组_senses_table_tem4 7.17.xlsx
familiar,n,n/a,A2,1,,家庭的；熟悉的；家人；亲眷,,El ambiente familiar de la residencia ayuda a los estudiantes a sentirse en casa.,宿舍的家庭氛围帮助学生们感到像在家一样。,familiar_1.jpg,考试路径|A2|n,专四,安静；沉默,四月,巨大的,大创内容组_senses_table_tem4 9.16.xlsx
famoso,adj,n/a,A2,1,,著名的；出名的,,El Museo del Prado es famoso por albergar obras maestras de pintores españoles.,普拉多博物馆因收藏西班牙画家的杰作而闻名。,famoso_1.jpg,考试路径|A2|adj,专四,有；拥有；持有,去；走；前往；到,艺术家；艺人,大创内容组_senses_table_tem4 9.16.xlsx
farmacia,n,f,A2,1,,药店；药房,,"Pasa por la farmacia y compra unas pastillas para el dolor de cabeza, por favor.",麻烦你顺路去药店买点头疼药。,farmacia_1.jpg,考试路径|A2|n,专四,吃早餐,在后面；后方,来；来到；过来,大创内容组_senses_table_tem4 7.18.xlsx
favor,n,m,A2,1,,帮助；好处；恩惠；宠爱,,¿Puedes hacerme el favor de explicarme esta regla gramatical una vez más?,你能帮我再解释一遍这条语法规则吗？,favor_1.jpg,考试路径|A2|n,专四,很多的；大量的；许多的,老板；上司；主管,十一月,大创内容组_senses_table_tem4 9.16.xlsx
favorito,adj,n/a,A2,1,,得宠的；特别喜欢的,,Mi asignatura favorita es la literatura española porque me encanta leer novelas.,我最喜欢的科目是西班牙文学，因为我喜欢读小说。,favorito_1.jpg,考试路径|A2|adj,专四,开心；消遣,明信片,地址,大创内容组_senses_table_tem4 9.16.xlsx
febrero,n,m,A2,1,,二月,,Febrero es el mes más corto del año y a veces tiene un día más en bisiesto.,二月是一年中最短的月份，闰年有时多一天。,febrero_1.jpg,考试路径|A2|n,专四,三月,开心；消遣,背；背部,大创内容组_senses_table_tem4 7.18.xlsx
fecha,n,f,A2,1,,日期；日子,,Anota la fecha de entrega del trabajo en tu agenda personal.,在个人记事本记下作业提交日期。,fecha_1.jpg,考试路径|A2|n,专四,解释；讲解；说明,阿拉伯的；阿拉伯人；阿拉伯语,大西洋的,大创内容组_senses_table_tem4 7.18.xlsx
felicidad,n,f,A2,1,,幸福；高兴；顺利,,La felicidad de los estudiantes se refleja en sus caras cuando aprueban el examen.,学生们通过考试时，幸福洋溢在脸上。,felicidad_1.jpg,考试路径|A2|n,专四,乘客；旅客,邮寄；发送,摩托车,大创内容组_senses_table_tem4 9.16.xlsx
feliz,adj,n/a,A2,1,,开心的；幸福的,,Me siento muy feliz cuando estudio español con mis compañeros en grupo.,和同学们组队学习西语时，我感到特别开心。,feliz_1.jpg,考试路径|A2|adj,专四,缓慢地；慢慢地,关闭；关上；合上,圆珠笔；水性笔,大创内容组_senses_table_tem4 7.18.xlsx
feo,adj,n/a,A2,1,,丑的；糟糕的；丑恶的,,"El edificio nuevo de la facultad es un poco feo, pero las aulas son muy cómodas.",学院的新楼有点丑，但教室非常舒适。,feo_1.jpg,考试路径|A2|adj,专四,爱上；喜欢上,房间,口袋,大创内容组_senses_table_tem4 9.16.xlsx
festival,n,m,A2,1,,节；盛会；会演,,El festival de cine español de la universidad proyecta películas durante toda la semana.,大学的西班牙语电影节整周都在放映电影。,festival_1.jpg,考试路径|A2|n,专四,尝试；尽力,设计师,周日,大创内容组_senses_table_tem4 9.16.xlsx
fiebre,n,f,A2,1,,发烧；发热,,"Tengo fiebre de 38 grados, así que no puedo ir a clase hoy.",我发烧 38 度，所以今天没法去上课了。,fiebre_1.jpg,考试路径|A2|n,专四,运转；运行；进展；进行,派；派遣,实验室；化验室,大创内容组_senses_table_tem4 7.18.xlsx
fiesta,n,f,A2,1,,节日；派对；庆祝活动,,La fiesta de San Fermín en Pamplona es muy famosa en todo el mundo por los encierros.,潘普洛纳的圣费尔明节因为奔牛活动举世闻名。,fiesta_1.jpg,考试路径|A2|n,专四,容易的；舒适的；容易地,思考；想；思索,一月,大创内容组_senses_table_tem4 7.18.xlsx
figura,n,f,A2,1,,形状；图形,,Dibuja una figura geométrica como un círculo o un cuadrado para empezar el ejercicio.,画一个几何图形，比如圆形或正方形，来开始这个练习。,figura_1.jpg,考试路径|A2|n,专四,器械；仪器；乐器；工具,猴子,奶油,大创内容组_senses_table_tem4 7.19.xlsx
fila,n,f,A2,1,,行；排；队列,,Los estudiantes hicieron una fila ordenada para entrar a la biblioteca.,学生们排成整齐的队伍进入图书馆。,fila_1.jpg,考试路径|A2|n,专四,距离,开始；着手；启动,左边的；左侧的；左手；左边；左派,大创内容组_senses_table_tem4 9.16.xlsx
flauta,n,f,A2,1,,笛子,,Mi compañera de clase toca la flauta en el grupo de música de la universidad.,我的同班同学在大学乐队里吹笛子。,flauta_1.jpg,考试路径|A2|n,专四,云；云朵,神奇的；奇妙的；极好的,交通信号灯,大创内容组_senses_table_tem4 9.16.xlsx
fondo,n,m,A2,1,,底部；深处,,Las palabras importantes están al fondo de la página para que los estudiantes las repasen.,重要的单词在页面底部，方便学生们复习。,fondo_1.jpg,考试路径|A2|n,专四,芒果；芒果树,观点；意见,进入；进去；入场,大创内容组_senses_table_tem4 7.19.xlsx
forma,n,f,A2,1,,形式；形状；外形；方式,,La forma de aprender español más eficaz es practicar todos los días.,学习西班牙语最有效的方式是每天练习。,forma_1.jpg,考试路径|A2|n,专四,苦的；苦涩的,驴,死；逝世；结束；消逝；渴望；酷爱,大创内容组_senses_table_tem4 9.16.xlsx
fresco,adj,n/a,A2,1,,凉爽的；清新的,,Por la mañana el aire es fresco y agradable para dar un paseo por el parque.,早晨的空气凉爽宜人，适合在公园里散步。,fresco_1.jpg,考试路径|A2|adj,专四,意大利的；意大利人；意大利语,枕头；椅垫,目录；表格；名单；清单,大创内容组_senses_table_tem4 7.20.xlsx
frío,n,m,A2,1,,冷；寒冷,,"En enero hace mucho frío en Madrid, así que lleva abrigo grueso.",马德里一月份特别冷，你要穿厚外套。,frio_1.jpg,考试路径|A2|n,专四,甜的；甜美的,鼓掌,充满；填写；填补；吃饱,大创内容组_senses_table_tem4 7.18.xlsx
fácil,n,n/a,A2,1,,容易的；舒适的；容易地,,Este ejercicio de gramática es fácil si has estudiado los verbos irregulares.,如果你学过不规则动词，这道语法练习就很容易。,facil_1.jpg,考试路径|A2|n,专四,大声地,意大利的；意大利人；意大利语,优秀的；极好的,大创内容组_senses_table_tem4 9.16.xlsx
físico,adj,n/a,A2,1,,身体的；体力的,,Hacer ejercicio regular mejora la salud física y mental de los estudiantes.,定期锻炼可以改善学生的身心健康。,fisico_1.jpg,考试路径|A2|adj,专四,年老的；老人,气候；氛围,冷；寒冷,大创内容组_senses_table_tem4 9.16.xlsx
fósforo,n,m,A2,1,,火柴,,En el laboratorio no se permite usar fósforos por razones de seguridad.,出于安全原因，实验室不允许使用火柴。,fosforo_1.jpg,考试路径|A2|n,专四,多米尼加的；多米尼加人,错误；过失,问题；议题,大创内容组_senses_table_tem4 9.16.xlsx
ganar,v,n/a,A2,1,,赢得；获胜；赢,,Ellos ganaron el primer premio en el concurso de ciencia nacional de este año.,他们在今年的全国科学竞赛中获得了一等奖。,ganar_1.jpg,考试路径|A2|v,专四,主题；题目；话题,配偶的兄弟姐妹；兄弟姐妹的配偶,优秀的；极好的,大创内容组_senses_table_tem4 7.17.xlsx
grado,n,m,A2,1,,程度；等级,,El grado de dificultad de este texto es adecuado para estudiantes de nivel intermedio.,这篇文本的难度程度对中级学生来说正合适。,grado_1.jpg,考试路径|A2|n,专四,有趣的；好玩的,农村；田野,木材；木料,大创内容组_senses_table_tem4 7.19.xlsx
gramática,n,f,A2,1,,语法,,Repasamos la gramática del subjuntivo con ejemplos de la vida diaria y no solo con reglas abstractas.,我们用日常生活例句复习虚拟式语法，而不只背抽象规则。,gramatica_1.jpg,考试路径|A2|n,专四,意味着；意思是；表示,星；星体,加热；使变热,大创内容组_senses_table_tem4_with_images.xlsx
guardar,v,n/a,A2,1,,收纳；保存,,Guarda todas tus tarjetas en esta carpeta azul.,把你的卡片都收进这个蓝色文件夹。,guardar_1.jpg,考试路径|A2|v,专四,较好的；更好的；最好的；较好地；宁可,腕；手腕,自然；大自然；本性,大创内容组_senses_table_tem4 7.19.xlsx
gustar,v,n/a,A2,1,,喜欢；使喜爱；中意,,Me gusta mucho leer libros de novela histórica en mi tiempo libre de los fines de semana.,我周末空闲的时候非常喜欢读历史小说。,gustar_1.jpg,考试路径|A2|v,专四,桌布,表示；表达；讲述,瓶子；瓶,大创内容组_senses_table_tem4 7.17.xlsx
hablar,v,n/a,A2,1,,说；讲；说话；交谈,,Yo hablo español con mis compañeros todos los días para practicar mi pronunciación.,我每天都和同学说西班牙语，练习我的发音。,hablar_1.jpg,义项包|考试路径|A2|v,专四,收据；凭条,冬天,整理；收拾；安排；布置,大创内容组_senses_table_tem4 7.17.xlsx
hacer,v,n/a,A2,1,,做；干；制作；从事,,Todos los días hago mi tarea de español después de cenar en mi habitación.,我每天晚饭后都在自己的房间里做西班牙语作业。,hacer_1.jpg,义项包|考试路径|A2|v,专四,诸位；他们；她们；它们（间接补语）,加热；使变热,西方；西边,大创内容组_senses_table_tem4 7.17.xlsx
hacer,v,n/a,A2,2,,使；让；令；造成,,El profesor hace que todos los estudiantes participen en la conversación en clase.,老师让所有学生都参与到课堂的对话中来。,hacer_2.jpg,考试路径|A2|v,专四,学校,戒指；环形；环,放入；塞进,大创内容组_senses_table_tem4 7.17.xlsx
historia,n,f,A2,1,,历史；故事；经历,,Estudiar la historia de América Latina es muy interesante para los estudiantes de español.,学习拉丁美洲历史对西语专业学生来说非常有意思。,historia_1.jpg,考试路径|A2|n,专四,昆虫,漂亮的；好看的,在那儿；往那儿（较远处）,大创内容组_senses_table_tem4 7.18.xlsx
horario,n,m,A2,1,,时间表；课表,,"Según mi horario, tengo clase de gramática por la mañana y taller de conversación por la tarde.",根据我的课表，上午有语法课，下午有口语工作坊。,horario_1.jpg,考试路径|A2|n,专四,多米尼加的；多米尼加人,与…同时；在…时候,听；听到；听见,大创内容组_senses_table_tem4_with_images.xlsx
hostal,n,m,A2,1,,旅馆；客栈,,Nos alojamos en un hostal familiar durante nuestra visita a la ciudad de Granada.,我们在参观格拉纳达市期间住在一家家庭旅馆。,hostal_1.jpg,考试路径|A2|n,专四,两者；双方,狗叫；吠,空气,大创内容组_senses_table_tem4 7.20.xlsx
idioma,n,m,A2,1,,语言；语种,,El español es el segundo idioma más hablado del mundo por número de hablantes nativos.,按母语使用者数量计算，西班牙语是世界第二大语言。,idioma_1.jpg,考试路径|A2|n,专四,池塘；蓄水池,卡车,电梯,大创内容组_senses_table_tem4 7.18.xlsx
impaciente,adj,n/a,A2,1,,没耐心的；急躁,,Es impaciente y no espera a que los demás terminen sus frases.,他性子急躁，不等别人把话说完就打断。,impaciente_1.jpg,考试路径|A2|adj,专四,快的；迅速的；敏捷的,办公室；办事处,跑；奔跑；跑步,大创内容组_senses_table_tem4 7.18.xlsx
importar,v,n/a,A2,1,,重要；要紧；在乎,,Lo más importante para mí es la salud de toda mi familia y de mis amigos más cercanos.,对我来说最重要的是家人和亲密朋友的健康。,importar_1.jpg,考试路径|A2|v,专四,疾病；病症,在…期间,留下；待着；停留,大创内容组_senses_table_tem4 7.17.xlsx
infantil,adj,n/a,A2,1,,儿童的；幼稚的；孩子气的,,La literatura infantil en español tiene autores muy creativos y divertidos.,西班牙语儿童文学有非常富有创意和有趣的作家。,infantil_1.jpg,考试路径|A2|adj,专四,投；扔；掷,机场,下雨；降雨,大创内容组_senses_table_tem4 9.26.xlsx
inglés,n,n/a,A2,1,,英国的；英国人；英语,,"Mi compañero inglés estudia español y yo estudio inglés, así que practicamos juntos.",我的英国同学学西班牙语，我学英语，所以我们一起练习。,ingles_1.jpg,考试路径|A2|n,专四,健康；身体状况,国际象棋,开始；着手；启动,大创内容组_senses_table_tem4 9.26.xlsx
ingrediente,n,m,A2,1,,成分；配料,,"Para hacer una paella auténtica necesitas ingredientes frescos como arroz, mariscos y azafrán.",做正宗海鲜饭需要新鲜食材，如大米、海鲜和藏红花。,ingrediente_1.jpg,考试路径|A2|n,专四,唱；唱歌；演唱,口袋,倒下；掉落；坠落；下跌,大创内容组_senses_table_tem4 9.26.xlsx
inolvidable,adj,n/a,A2,1,,难忘的,,El viaje de estudios a España fue una experiencia inolvidable para todos.,去西班牙的游学旅行对所有人来说都是一次难忘的经历。,inolvidable_1.jpg,考试路径|A2|adj,专四,纸币；票据,周围；在四周,阿根廷的；阿根廷人,大创内容组_senses_table_tem4 9.26.xlsx
insecto,n,m,A2,1,,昆虫,,Los insectos son esenciales para la polinización de las plantas.,昆虫对植物的授粉至关重要。,insecto_1.jpg,考试路径|A2|n,专四,数学,叫醒；唤醒,售货员；卖方,大创内容组_senses_table_tem4 9.26.xlsx
instituto,n,m,A2,1,,学院；专科学校；研究院,,Mi hermana estudia en un instituto de idiomas para aprender español.,我姐姐在一所语言学院学习西班牙语。,instituto_1.jpg,考试路径|A2|n,专四,天；日子,打扮；整理自己；收拾,很少；几乎不；稍微,大创内容组_senses_table_tem4 9.26.xlsx
instrumento,n,m,A2,1,,器械；仪器；乐器；工具,,La guitarra es un instrumento muy popular entre los estudiantes de español.,吉他是西班牙语学生中非常受欢迎的乐器。,instrumento_1.jpg,考试路径|A2|n,专四,起来！起来吧！,距离,人；个人；人物,大创内容组_senses_table_tem4 9.26.xlsx
inteligente,adj,n/a,A2,1,,聪明的,,Es una estudiante muy inteligente que aprende rápido y ayuda a sus compañeros.,她是一个非常聪明的学生，学得快还帮助同学。,inteligente_1.jpg,考试路径|A2|adj,专四,害怕；吃惊,海岸；沿岸,课程；科目,大创内容组_senses_table_tem4 9.26.xlsx
intentar,v,n/a,A2,1,,尝试；尽力,,Intento repasar treinta verbos nuevos cada tarde.,我每天下午尽力复习三十个新动词。,intentar_1.jpg,考试路径|A2|v,专四,口信；电文；信息,驴,玻利维亚的；玻利维亚人,大创内容组_senses_table_tem4 7.19.xlsx
interesar,n,n/a,A2,1,,使感兴趣；使参与；感兴趣；关心,,La cultura hispanoamericana interesa mucho a los estudiantes de español.,拉美文化让西班牙语学生非常感兴趣。,interesar_1.jpg,考试路径|A2|n,专四,解决方案；解答；办法,学习；学会；习得,能够；可以；会,大创内容组_senses_table_tem4 9.26.xlsx
interruptor,n,m,A2,1,,开关,,El interruptor de la luz del aula está al lado de la puerta.,教室的电灯开关在门旁边。,interruptor_1.jpg,考试路径|A2|n,专四,点燃；打开（电器）,漂亮的；好看的,昆虫,大创内容组_senses_table_tem4 9.26.xlsx
interés,n,m,A2,1,,兴趣；关注,,Desde niño mostró un gran interés por las lenguas extranjeras y sus diferentes culturas.,从孩提时代起他就对外语及其不同文化表现出极大的兴趣。,interes_1.jpg,考试路径|A2|n,专四,问题；议题,画；图画；场面,聪明的,大创内容组_senses_table_tem4 7.19.xlsx
invierno,n,m,A2,1,,冬天,,"En invierno, los estudiantes prefieren estudiar en la biblioteca porque hace frío.",冬天，学生们更喜欢在图书馆学习，因为外面很冷。,invierno_1.jpg,考试路径|A2|n,专四,结束；完成；终止,体育运动,邮寄；发送,大创内容组_senses_table_tem4 9.26.xlsx
invitación,n,f,A2,1,,邀请；请柬,,Recibí una invitación para asistir a la conferencia sobre literatura hispanoamericana.,我收到了一份参加拉美文学会议的邀请函。,invitacion_1.jpg,考试路径|A2|n,专四,地铁,卧室；宿舍,留下；待着；停留,大创内容组_senses_table_tem4 7.20.xlsx
invitar,v,n/a,A2,1,,邀请；请客,,Mi compañera me invitó a su fiesta de cumpleaños el próximo sábado.,我的同学邀请我参加她下周六的生日派对。,invitar_1.jpg,考试路径|A2|v,专四,故事；短篇小说；童话,地毯,聪明的；机灵的；准备好的,大创内容组_senses_table_tem4 7.20.xlsx
ir,v,n/a,A2,1,,去；走；前往；到,,Mañana voy a ir al museo de arte español con mi clase para hacer un trabajo.,明天我要和班级一起去西班牙艺术博物馆做一个作业。,ir_1.jpg,义项包|考试路径|A2|v,专四,公路；郊外道路,西班牙午间正餐（文化特定时段词义）,较好的；更好的；最好的；较好地；宁可,大创内容组_senses_table_tem4 7.17.xlsx
ir,v,n/a,A2,2,,进行；进展；处于某种状态,,¿Cómo va tu estudio de español este semestre? ¿Tienes dificultades?,你这学期的西班牙语学习进展怎么样？有什么困难吗？,ir_2.jpg,考试路径|A2|v,专四,兴趣；关注,空气,出去；离开；出门,大创内容组_senses_table_tem4 7.17.xlsx
italiano,n,n/a,A2,1,,意大利的；意大利人；意大利语,,"Mi compañero italiano estudia español y yo estudio italiano, así que practicamos juntos.",我的意大利同学学西班牙语，我学意大利语，所以我们一起练习。,italiano_1.jpg,考试路径|A2|n,专四,会议；聚会,每日的；日报；日记,国际象棋,大创内容组_senses_table_tem4 9.26.xlsx
izquierdo,n,n/a,A2,1,,左边的；左侧的；左手；左边；左派,,El aula de español está en el ala izquierda del edificio de la facultad.,西班牙语教室在学院大楼的左翼。,izquierdo_1.jpg,考试路径|A2|n,专四,周一,漂亮的；好看的,街道；马路；街,大创内容组_senses_table_tem4 9.26.xlsx
jabón,n,m,A2,1,,肥皂,,Es importante lavarse las manos con jabón antes de comer en la cafetería.,在食堂吃饭前用肥皂洗手很重要。,jabon_1.jpg,考试路径|A2|n,专四,公园；园区,丑的；糟糕的；丑恶的,抽屉,大创内容组_senses_table_tem4 9.26.xlsx
jamón,n,m,A2,1,,火腿,,El jamón ibérico es uno de los productos más famosos de la gastronomía española.,伊比利亚火腿是西班牙美食中最著名的产品之一。,jamon_1.jpg,考试路径|A2|n,专四,到达；抵达；到,稻子；大米,那个（远指，代词）,大创内容组_senses_table_tem4 9.26.xlsx
japonés,n,n/a,A2,1,,日本的；日本人；日语,,"Mi compañero japonés estudia español y yo estudio japonés, así que practicamos juntos.",我的日本同学学西班牙语，我学日语，所以我们一起练习。,japones_1.jpg,考试路径|A2|n,专四,高脚杯；酒杯；奖杯,音乐的；音乐；乐师；音乐家,一点儿；稍微,大创内容组_senses_table_tem4 9.26.xlsx
jardín,n,m,A2,1,,花园；公园,,El jardín de la universidad tiene muchas flores y es perfecto para leer.,大学的花园里有很多花，非常适合阅读。,jardin_1.jpg,考试路径|A2|n,专四,支付；付款,命令；指令,大蒜,大创内容组_senses_table_tem4 9.26.xlsx
jefe,n,n/a,A2,1,,老板；上司；主管,,Mi jefe me pidió que entregara el informe antes del final de esta semana.,我的主管要求我这周结束前提交报告。,jefe_1.jpg,考试路径|A2|n,专四,看；看见；看到,互相认识；见面；相识,脱下；摘掉,大创内容组_senses_table_tem4 7.19.xlsx
juego,n,m,A2,1,,游戏；赌博；比赛；运动,,El juego de vocabulario en clase ayudó a los estudiantes a memorizar palabras nuevas.,课堂上的词汇游戏帮助学生们记住了新单词。,juego_1.jpg,考试路径|A2|n,专四,工作；职业；活儿,错误；过失,放下；留下,大创内容组_senses_table_tem4 9.26.xlsx
jugar,v,n/a,A2,1,,玩；玩耍；参加体育比赛；赌博；开玩笑,,Los estudiantes juegan al fútbol en el campus todos los viernes por la tarde.,学生们每周五下午在校园里踢足球。,jugar_1.jpg,考试路径|A2|v,专四,听写,持续；存在；耐久,找到；发现；碰见,大创内容组_senses_table_tem4 9.26.xlsx
jugo,n,m,A2,1,,汁；液,,El jugo de naranja natural es una bebida muy saludable para el desayuno.,鲜榨橙汁是早餐中非常健康的饮品。,jugo_1.jpg,考试路径|A2|n,专四,使费力；使困难（搭配me/te等）,地址,公司；企业,大创内容组_senses_table_tem4 9.26.xlsx
juguete,n,m,A2,1,,玩具；玩物,,Los juguetes educativos ayudan a los niños a aprender idiomas de forma divertida.,教育玩具帮助孩子们以有趣的方式学习语言。,juguete_1.jpg,考试路径|A2|n,专四,美的；美好的；漂亮的,旅行；旅程,受欢迎的；欢迎,大创内容组_senses_table_tem4 9.26.xlsx
junio,n,m,A2,1,,六月,,En junio finalizan todas las clases y empezamos los exámenes finales.,六月所有课程结束，我们开始期末考。,junio_1.jpg,考试路径|A2|n,专四,（大学）本科专业；学业,说；讲；说话；交谈,听说；得知；听到消息,大创内容组_senses_table_tem4 7.18.xlsx
juntar,n,n/a,A2,1,,使连接；汇集；积聚；聚集,,Los estudiantes se juntaron en la biblioteca para estudiar en grupo.,学生们聚集在图书馆进行小组学习。,juntar_1.jpg,考试路径|A2|n,专四,等待；等候；等,有耐心的；忍耐,位于；处于；身在,大创内容组_senses_table_tem4 9.26.xlsx
kilo,n,m,A2,1,,千克；公斤,,Compré un kilo de naranjas en el mercado para hacer zumo natural.,我在市场买了一公斤橙子来做鲜榨果汁。,kilo_1.jpg,考试路径|A2|n,专四,经验；经历；阅历,打扫；清洁；清理,穿上；戴上,大创内容组_senses_table_tem4 10.3.xlsx
kilogramo,n,m,A2,1,,千克；公斤,,Para esta receta necesitas medio kilogramo de harina y doscientos gramos de azúcar.,这个食谱需要半公斤面粉和两百克糖。,kilogramo_1.jpg,考试路径|A2|n,专四,旗帜,命令；委托；委派；寄发,电影；影片；胶卷,大创内容组_senses_table_tem4 10.3.xlsx
kilómetro,n,m,A2,1,,千米；公里,,"La universidad está a solo dos kilómetros de mi casa, así que voy caminando.",大学离我家只有两公里，所以我步行去。,kilometro_1.jpg,考试路径|A2|n,专四,哭；流泪；伤心,家具,国际象棋,大创内容组_senses_table_tem4 10.3.xlsx
labio,n,m,A2,1,,唇；嘴唇,,"Para pronunciar bien la «b» y la «v» en español, hay que mover mucho los labios.",要发好西班牙语的“b”和“v”，需要大量活动嘴唇。,labio_1.jpg,考试路径|A2|n,专四,给…洗澡；浸入,认为；以为；觉得,脱下；摘掉,大创内容组_senses_table_tem4 10.3.xlsx
laboratorio,n,m,A2,1,,实验室；化验室,,Los estudiantes de química pasan muchas horas en el laboratorio cada semana.,化学专业的学生每周要在实验室度过很多小时。,laboratorio_1.jpg,考试路径|A2|n,专四,告别；道别,年老的；老人,虾,大创内容组_senses_table_tem4 10.3.xlsx
lado,n,m,A2,1,,边；旁边；侧；面,,"El aula de español está al lado de la biblioteca, en el mismo edificio.",西班牙语教室在图书馆旁边，在同一栋楼里。,lado_1.jpg,考试路径|A2|n,专四,女式衬衫,鼓掌,词汇,大创内容组_senses_table_tem4 10.3.xlsx
ladrar,v,n/a,A2,1,,狗叫；吠,,El perro del vecindario ladra cada vez que alguien pasa cerca de la casa.,每当有人经过房子附近时，邻居的狗就会叫。,ladrar_1.jpg,考试路径|A2|v,专四,课程；科目,汁；液,安静；沉默,大创内容组_senses_table_tem4 10.3.xlsx
largo,n,n/a,A2,1,,长的；长久的；长度,,El pasillo de la biblioteca es muy largo y tiene estanterías a ambos lados.,图书馆的走廊很长，两侧都有书架。,largo_1.jpg,考试路径|A2|n,专四,哪个（疑问）,在下面；底下,认识；结识；了解（人）,大创内容组_senses_table_tem4 10.3.xlsx
lata,n,f,A2,1,,罐头；听头,,Abrimos una lata de atún para preparar la ensalada de la cena.,我们开了一罐金枪鱼来做晚餐沙拉。,lata_1.jpg,考试路径|A2|n,专四,思考；想；思索,得宠的；特别喜欢的,带来；拿来；携来,大创内容组_senses_table_tem4 10.3.xlsx
lavar,v,n/a,A2,1,,洗；清洗；洗涤,,Tengo que lavar toda la ropa sucia antes de que empiece la semana que viene.,我得在下周开始之前把所有脏衣服洗掉。,lavar_1.jpg,考试路径|A2|v,专四,小写字母,驾驶；开车,吃；吃饭；用餐,大创内容组_senses_table_tem4 7.17.xlsx
lección,n,f,A2,1,,课程；功课；教导；教训,,La lección de hoy trata sobre el uso del subjuntivo en español.,今天的课程是关于西班牙语虚拟式的用法。,leccion_1.jpg,考试路径|A2|n,专四,房子；房屋；建筑,三月,问候；打招呼,大创内容组_senses_table_tem4 10.3.xlsx
lectura,n,f,A2,1,,阅读；读物,,La lectura diaria es una de las mejores formas de ampliar el vocabulario.,每日阅读是扩大词汇量的最佳方式之一。,lectura_1.jpg,考试路径|A2|n,专四,运转；运行；进展；进行,使厌烦；使无聊；感到厌烦；感到无聊,零；零点,大创内容组_senses_table_tem4 10.3.xlsx
leer,v,n/a,A2,1,,读；阅读；朗读,,Me gusta leer novelas en español en mi tiempo libre para ampliar mi vocabulario.,我空闲时间喜欢读西班牙语小说，来扩大我的词汇量。,leer_1.jpg,义项包|考试路径|A2|v,专四,欧元,笛子,配偶的兄弟姐妹；兄弟姐妹的配偶,大创内容组_senses_table_tem4 7.17.xlsx
lejos,adv,n/a,A2,1,,遥远；很远,,El pueblo natal de mi madre está muy lejos de esta ciudad.,妈妈的老家离这座城市很远。,lejos_1.jpg,考试路径|A2|adv,专四,哪个（疑问）,工人；劳动者；工作者,生物学,大创内容组_senses_table_tem4 7.18.xlsx
lengua,n,f,A2,1,,舌头；语言,,La lengua española es hablada por más de quinientos millones de personas.,西班牙语被超过五亿人使用。,lengua_1.jpg,考试路径|A2|n,专四,口信；电文；信息,生日,地址,大创内容组_senses_table_tem4 10.3.xlsx
les,pron,n/a,A2,1,,诸位；他们；她们；它们（间接补语）,,Les expliqué a los estudiantes cómo usar el diccionario en línea.,我向学生们解释了如何使用在线词典。,les_1.jpg,考试路径|A2|pron,专四,页；页面；张,在后面；后方,买；购买；采购,大创内容组_senses_table_tem4 10.3.xlsx
letra,n,f,A2,1,,字；字母,,La letra «ñ» es única del alfabeto español y no existe en otros idiomas.,字母“ñ”是西班牙语字母表独有的，其他语言中没有。,letra_1.jpg,考试路径|A2|n,专四,动词变位,停车；停放,圆珠笔；水性笔,大创内容组_senses_table_tem4 10.3.xlsx
levantarse,v,n/a,A2,1,,起床；起身；站起来,,Yo me levanto a las 7 de la mañana todos los días para desayunar antes de ir a clase.,我每天早上 7 点起床，上课前吃早饭。,levantarse_1.jpg,考试路径|A2|v,专四,下雪；降雪,洗；清洗；洗涤,文化的,大创内容组_senses_table_tem4 7.17.xlsx
león,n,n/a,A2,1,,狮子,,El león es considerado el rey de la selva y aparece en muchas fábulas.,狮子被认为是森林之王，出现在许多寓言中。,leon_1.jpg,考试路径|A2|n,专四,特别的；特殊的,交谈；谈话,房间,大创内容组_senses_table_tem4 10.3.xlsx
libre,adj,n/a,A2,1,,自由的；不受约束的；空闲的,,Los estudiantes son libres de elegir las asignaturas optativas que prefieran.,学生们可以自由选择他们喜欢的选修课。,libre_1.jpg,考试路径|A2|adj,专四,书店,建筑师,回答；答复,大创内容组_senses_table_tem4 10.3.xlsx
librería,n,f,A2,1,,书店,,Compré un diccionario de español en la librería del centro de la ciudad.,我在市中心的书店买了一本西班牙语词典。,libreria_1.jpg,考试路径|A2|n,专四,罐头；听头,不同的；多样的,读；阅读；朗读,大创内容组_senses_table_tem4 10.3.xlsx
libro,n,m,A2,1,,书；书籍；著作,,Todos los días leo un libro de novelas españolas antes de dormir.,我每天睡觉前都会读一本西班牙小说书。,libro_1.jpg,义项包|考试路径|A2|n,专四,得宠的；特别喜欢的,口信；电文；信息,目录；表格；名单；清单,大创内容组_senses_table_tem4 7.17.xlsx
limpiar,v,n/a,A2,1,,打扫；清洁；清理,,Todos los sábados limpiamos toda la casa juntos en familia con mucha alegría.,每个周六我们全家都开开心心地一起打扫整个房子。,limpiar_1.jpg,考试路径|A2|v,专四,瓶子；瓶,较好的；更好的；最好的；较好地；宁可,到达；抵达；到,大创内容组_senses_table_tem4 7.17.xlsx
limón,n,m,A2,1,,柠檬；柠檬树,,El limón es un ingrediente esencial en muchos platos de la cocina mediterránea.,柠檬是地中海烹饪中许多菜肴的重要食材。,limon_1.jpg,考试路径|A2|n,专四,服务员；侍者,圣诞节,秩序；顺序；条理,大创内容组_senses_table_tem4 10.3.xlsx
lindo,adj,n/a,A2,1,,漂亮的,,"El campus de la universidad es muy lindo en primavera, con flores por todas partes.",大学校园在春天非常漂亮，到处都是花。,lindo_1.jpg,考试路径|A2|adj,专四,展示；出示；显示,充满；填写；填补；吃饱,出现,大创内容组_senses_table_tem4 10.3.xlsx
lista,n,f,A2,1,,目录；表格；名单；清单,,La profesora publicó la lista de los estudiantes que aprobaron el examen.,老师公布了通过考试的学生名单。,lista_1.jpg,考试路径|A2|n,专四,圣诞节,方向,移动；使活动；摇动；促使；运动,大创内容组_senses_table_tem4 10.3.xlsx
listo,adj,n/a,A2,1,,聪明的；机灵的；准备好的,,El estudiante listo terminó el ejercicio antes que los demás.,这个聪明的学生比别人先完成了练习。,listo_1.jpg,考试路径|A2|adj,专四,扔；投；放；倒；流出,柠檬；柠檬树,衬衫,大创内容组_senses_table_tem4 10.3.xlsx
litro,n,m,A2,1,,升（体积单位）,,Compré dos litros de leche en el supermercado para toda la semana.,我在超市买了两升牛奶供一整周用。,litro_1.jpg,考试路径|A2|n,专四,大自然的；天然的；自然的；理所当然的,话筒；麦克风,洗漱；梳洗,大创内容组_senses_table_tem4 10.3.xlsx
llamar,v,n/a,A2,1,,叫；呼喊；称呼,,Mi madre me llama desde la cocina para ir a comer la cena que ya está lista.,我妈妈从厨房叫我去吃已经做好的晚饭。,llamar_1.jpg,考试路径|A2|v,专四,增加；增长；提高,持续；存在；耐久,大象,大创内容组_senses_table_tem4 7.17.xlsx
llamar,v,n/a,A2,2,,打电话；致电,,Voy a llamar a mi amigo para preguntar si viene a la fiesta de cumpleaños hoy.,我要给我朋友打电话问他今天来不来生日派对。,llamar_2.jpg,考试路径|A2|v,专四,市长；镇长,糖果；甜食,汽车；小汽车,大创内容组_senses_table_tem4 7.17.xlsx
llamarse,v,n/a,A2,1,,名叫；叫做；称为,,El nuevo compañero de clase se llama Carlos y viene de la ciudad de Buenos Aires.,新来的同班同学叫卡洛斯，来自布宜诺斯艾利斯。,llamarse_1.jpg,义项包|考试路径|A2|v,专四,宏伟的；壮丽的；极好的,衣柜；立柜,器械；仪器；乐器；工具,大创内容组_senses_table_tem4 7.17.xlsx
llave,n,f,A2,1,,钥匙,,No olvides coger la llave de la residencia antes de salir por la mañana.,早上出门前别忘了拿宿舍的钥匙。,llave_1.jpg,考试路径|A2|n,专四,厄瓜多尔的；厄瓜多尔人,正确的,黄色的；黄色,大创内容组_senses_table_tem4 7.19.xlsx
llegar,v,n/a,A2,1,,到达；抵达；到,,El tren de Madrid llegará a la estación central a las tres de la tarde.,从马德里来的火车将于下午三点到达中央车站。,llegar_1.jpg,考试路径|A2|v,专四,邮件；信函,小的；细小的；无足轻重的,公司；企业,大创内容组_senses_table_tem4 7.17.xlsx
llenar,n,n/a,A2,1,,充满；填写；填补；吃饱,,Los estudiantes llenaron el aula para escuchar la conferencia sobre literatura.,学生们挤满了教室来听文学讲座。,llenar_1.jpg,考试路径|A2|n,专四,使疲倦；使劳累,好奇的；好打听的,唇；嘴唇,大创内容组_senses_table_tem4 10.3.xlsx
llevar,v,n/a,A2,1,,带；携带；随身带,,No olvides llevar el paraguas porque hoy va a llover mucho por la tarde.,别忘了带伞，因为今天下午会下大雨。,llevar_1.jpg,考试路径|A2|v,专四,问题；议题,绘画；画,明信片,大创内容组_senses_table_tem4 7.17.xlsx
llevar,v,n/a,A2,2,,穿着；戴着；佩戴,,Ella lleva un vestido rojo muy bonito para la fiesta de cumpleaños de su amiga.,她穿了一条很漂亮的红裙子去参加朋友的生日派对。,llevar_2.jpg,考试路径|A2|v,专四,美丽；美女,烹饪；做饭；做菜,喜欢；使喜爱；中意,大创内容组_senses_table_tem4 7.17.xlsx
llorar,v,n/a,A2,1,,哭；流泪；伤心,,La estudiante lloró de alegría cuando vio su nota final de español.,这名学生看到期末西班牙语成绩时喜极而泣。,llorar_1.jpg,考试路径|A2|v,专四,知道；了解；得知,彩虹,窗帘,大创内容组_senses_table_tem4 10.3.xlsx
llover,v,n/a,A2,1,,下雨；降雨,,"Cuando llueve mucho en Madrid, los estudiantes prefieren quedarse en casa.",马德里下大雨时，学生们宁愿待在家里。,llover_1.jpg,考试路径|A2|v,专四,亲吻,放入；塞进,难过的；悲伤的,大创内容组_senses_table_tem4 7.20.xlsx
lluvia,n,f,A2,1,,雨；雨水,,La lluvia de primavera es muy beneficiosa para los campos de cultivo.,春雨对农田非常有益。,lluvia_1.jpg,考试路径|A2|n,专四,讨人喜欢的；亲切,一点儿；稍微,极好吃的；可口的,大创内容组_senses_table_tem4 7.20.xlsx
lo,n,n/a,A2,1,,中性定冠词；您；他；它,,Lo mejor de estudiar en la universidad es conocer gente de todo el mundo.,上大学最好的事情是认识来自世界各地的人。,lo_1.jpg,考试路径|A2|n,专四,作家；作者,复习,玩具娃娃,大创内容组_senses_table_tem4 10.3.xlsx
lobo,n,m,A2,1,,狼,,El lobo es un animal que vive en manadas y es símbolo de la naturaleza salvaje.,狼是一种群居动物，是野性自然的象征。,lobo_1.jpg,考试路径|A2|n,专四,需要；必需；需求,学习；研究；攻读,使厌烦；使无聊；感到厌烦；感到无聊,大创内容组_senses_table_tem4 10.3.xlsx
lugar,n,m,A2,1,,地点；地方；位置,,La biblioteca es el lugar perfecto para estudiar en silencio durante los exámenes.,图书馆是考试期间安静学习的完美地点。,lugar_1.jpg,考试路径|A2|n,专四,器械；仪器；乐器；工具,著名的；出名的,校园,大创内容组_senses_table_tem4 10.3.xlsx
luna,n,f,A2,1,,月亮,,"En una noche despejada, la luna llena ilumina todo el campus universitario.",在晴朗的夜晚，满月照亮了整个大学校园。,luna_1.jpg,考试路径|A2|n,专四,芒果；芒果树,拿出；取出,四分之一；一刻钟,大创内容组_senses_table_tem4 10.3.xlsx
lunes,n,m,A2,1,,周一,,El lunes siempre tenemos clase de conversación oral.,每周一我们都有口语会话课。,lunes_1.jpg,考试路径|A2|n,专四,打招呼；问候；致意,这；这个（中性）,理由；原因,大创内容组_senses_table_tem4 7.18.xlsx
luz,n,f,A2,1,,光；光线；灯；光明,,La luz natural de la biblioteca es perfecta para leer sin cansar la vista.,图书馆的自然光非常适合阅读，不会让眼睛疲劳。,luz_1.jpg,考试路径|A2|n,专四,暖气；供暖,旅行；旅程,准备；预备,大创内容组_senses_table_tem4 10.3.xlsx
lámpara,n,f,A2,1,,灯；照明装置,,Necesito una lámpara de escritorio para estudiar por la noche sin molestar a mi compañero.,我需要一盏台灯，这样晚上学习就不会打扰室友。,lampara_1.jpg,考试路径|A2|n,专四,西方；西边,小说；长篇小说,出席；到场,大创内容组_senses_table_tem4 10.3.xlsx
lápiz,n,m,A2,1,,铅笔,,Escribe el resumen con lápiz para poder corregir los errores fácilmente.,用铅笔写摘要，这样容易改正错误。,lapiz_1.jpg,考试路径|A2|n,专四,听说；得知；听到消息,同一个的；相同的,海岸；沿岸,大创内容组_senses_table_tem4 10.3.xlsx
línea,n,f,A2,1,,线；排；列；字行；路线,,La línea del metro que va a la universidad pasa por el centro de la ciudad.,去大学的地铁线路经过市中心。,linea_1.jpg,考试路径|A2|n,专四,神奇的；奇妙的；极好的,领带,小说；长篇小说,大创内容组_senses_table_tem4 10.3.xlsx
madera,n,f,A2,1,,木材；木料,,La mesa de la biblioteca está hecha de madera de roble muy resistente.,图书馆的桌子是用非常结实的橡木制成的。,madera_1.jpg,考试路径|A2|n,专四,命令；委托；委派；寄发,天亮；天明,打扫；清洁；清理,大创内容组_senses_table_tem4 10.3.xlsx
maduro,adj,n/a,A2,1,,成熟的；成年的,,El estudiante maduro sabe organizar su tiempo y cumplir con sus responsabilidades.,成熟的学生知道如何安排时间并履行责任。,maduro_1.jpg,考试路径|A2|adj,专四,丈夫；妻子,听；听到；听见,项目；计划；方案,大创内容组_senses_table_tem4 10.3.xlsx
maestro,n,n/a,A2,1,,教师；师傅；大师；导师,,"El maestro de español nos enseña no solo gramática, sino también cultura.",西班牙语老师不仅教我们语法，还教文化。,maestro_1.jpg,考试路径|A2|n,专四,日历；月历,罐头；听头,阿拉伯的；阿拉伯人；阿拉伯语,大创内容组_senses_table_tem4 10.3.xlsx
magnífico,adj,n/a,A2,1,,宏伟的；壮丽的；极好的,,La universidad tiene un campus magnífico con edificios históricos y jardines.,大学有一个宏伟的校园，有历史建筑和花园。,magnifico_1.jpg,考试路径|A2|adj,专四,国际象棋,人；个人；人物,孩子；小伙子；姑娘,大创内容组_senses_table_tem4 10.3.xlsx
mal,n,n/a,A2,1,,坏地；糟糕地；坏事；邪恶；损害,,El estudiante se sintió mal después de comer algo en mal estado.,这名学生吃了变质的食物后感觉不舒服。,mal_1.jpg,考试路径|A2|n,专四,凉爽的；清新的,温度；气温,紧张的；焦虑,大创内容组_senses_table_tem4 10.3.xlsx
maleta,n,f,A2,1,,行李箱；手提箱,,Hice la maleta con ropa ligera porque el clima de la costa es cálido durante todo el año.,我收拾了轻便衣物，因为沿海地区全年气候温暖。,maleta_1.jpg,考试路径|A2|n,专四,小写字母,周年纪念日,邮寄；发送,大创内容组_senses_table_tem4 7.20.xlsx
malo,adj,n/a,A2,1,,坏的；不好的；糟糕的；差的,,La nota del examen fue muy mala porque no estudié lo suficiente antes.,这次考试的成绩非常差，因为我之前没有学够。,malo_1.jpg,义项包|考试路径|A2|adj,专四,问题；议题,神奇的；奇妙的；极好的,玻利维亚的；玻利维亚人,大创内容组_senses_table_tem4 7.17.xlsx
malo,adj,n/a,A2,2,,生病的；不舒服的；邪恶的,,No puedo ir a clase hoy porque me siento muy malo y tengo fiebre.,我今天不能去上课了，因为我感觉很不舒服，还发烧了。,malo_2.jpg,义项包|考试路径|A2|adj,专四,起床；起身；站起来,爱；喜爱；在乎,跑；奔跑；跑步,大创内容组_senses_table_tem4 7.17.xlsx
mandar,v,n/a,A2,1,,命令；委托；委派；寄发,,El profesor mandó a los estudiantes entregar el ensayo antes del viernes.,老师命令学生们在周五之前交论文。,mandar_1.jpg,考试路径|A2|v,专四,金属,丈夫；妻子,戏剧；剧院；舞台,大创内容组_senses_table_tem4 10.3.xlsx
manera,n,f,A2,1,,方式；方法；形式；举止,,La manera más eficaz de aprender español es practicar todos los días.,学习西班牙语最有效的方式是每天练习。,manera_1.jpg,考试路径|A2|n,专四,看；注视；瞧,国际象棋,照相机；摄像机,大创内容组_senses_table_tem4 10.3.xlsx
manga,n,f,A2,1,,袖子,,La camisa tiene las mangas demasiado largas y necesita un arreglo.,这件衬衫袖子太长了，需要改一下。,manga_1.jpg,考试路径|A2|n,专四,光；光线；灯；光明,工人；劳动者；工作者,会；懂得；掌握,大创内容组_senses_table_tem4 10.3.xlsx
mango,n,m,A2,1,,芒果；芒果树,,El mango es una fruta tropical muy dulce y jugosa.,芒果是一种非常甜且多汁的热带水果。,mango_1.jpg,考试路径|A2|n,专四,开心的；幸福的,疼痛；疼,丢失；遗失；弄丢,大创内容组_senses_table_tem4 10.3.xlsx
mantel,n,m,A2,1,,桌布,,La profesora puso un mantel limpio en la mesa antes de la comida de fin de curso.,老师在期末聚餐前把干净的桌布铺在桌上。,mantel_1.jpg,考试路径|A2|n,专四,脱下；摘掉,停车；停放,狼,大创内容组_senses_table_tem4 10.3.xlsx
mantequilla,n,f,A2,1,,黄油,,A los estudiantes les encanta untar mantequilla en el pan tostado del desayuno.,学生们喜欢在早餐的烤面包上抹黄油。,mantequilla_1.jpg,考试路径|A2|n,专四,感到；处于某种状态；年龄,周一,走路；步行,大创内容组_senses_table_tem4 10.3.xlsx
maní,n,m,A2,1,,花生,,El maní es un fruto seco muy popular en los mercados de América Latina.,花生在拉丁美洲的市场上是非常受欢迎的坚果。,mani_1.jpg,考试路径|A2|n,专四,使连接；汇集；积聚；聚集,公路；郊外道路,学习；学习过程,大创内容组_senses_table_tem4 10.3.xlsx
mapa,n,m,A2,1,,地图,,"En la clase de geografía, los estudiantes aprendieron a leer un mapa de España.",在地理课上，学生们学会了看西班牙地图。,mapa_1.jpg,考试路径|A2|n,专四,先前的；前面的,罐；瓶（容器）,作者；作家；创作者,大创内容组_senses_table_tem4 10.3.xlsx
mar,n,n/a,A2,1,,海；海洋,,El mar Mediterráneo baña las costas de España y muchos países más.,地中海冲刷着西班牙和许多其他国家的海岸。,mar_1.jpg,考试路径|A2|n,专四,自然；大自然；本性,八月,走路；步行,大创内容组_senses_table_tem4 10.3.xlsx
maravilloso,adj,n/a,A2,1,,神奇的；奇妙的；极好的,,El viaje de estudios a España fue una experiencia maravillosa para todos.,去西班牙的游学旅行对所有人来说都是一次奇妙的经历。,maravilloso_1.jpg,考试路径|A2|adj,专四,会议；聚会,行；排；队列,通过（考试）,大创内容组_senses_table_tem4 10.3.xlsx
marido,n,m,A2,1,,丈夫,,Mi marido y yo estudiamos español juntos para viajar por América Latina.,我丈夫和我一起学西班牙语，为了去拉丁美洲旅行。,marido_1.jpg,考试路径|A2|n,专四,稻子；大米,任何的；任何一个,困难的；难的,大创内容组_senses_table_tem4 10.3.xlsx
mariposa,n,f,A2,1,,蝴蝶；飞蛾,,La mariposa monarca migra miles de kilómetros cada año.,帝王蝶每年迁徙数千公里。,mariposa_1.jpg,考试路径|A2|n,专四,椅子；座椅,回答；答复,酒吧；小餐馆,大创内容组_senses_table_tem4 10.3.xlsx
martillo,n,m,A2,1,,锤子,,El carpintero usó un martillo para clavar los clavos en la madera.,木匠用锤子把钉子钉进木头。,martillo_1.jpg,考试路径|A2|n,专四,冷；寒冷,坐下；就座,程度；等级,大创内容组_senses_table_tem4 10.3.xlsx
marzo,n,m,A2,1,,三月,,En marzo empieza la primavera y salimos a pasear por el parque universitario.,三月春天来临，我们去大公园散步。,marzo_1.jpg,考试路径|A2|n,专四,有能力的；能够的,认识；结识；了解（人）,空气,大创内容组_senses_table_tem4 7.18.xlsx
matemática,n,f,A2,1,,数学,,Las matemáticas son fundamentales para entender la estadística en la investigación.,数学是理解研究中统计学的基础。,matematica_1.jpg,考试路径|A2|n,专四,持续；存在；耐久,自由的；不受约束的；空闲的,马达；发动机；动力,大创内容组_senses_table_tem4 10.3.xlsx
materia,n,f,A2,1,,学科；科目,,La materia que más me cuesta es la sintaxis porque tiene muchas reglas complejas.,最让我吃力的科目是句法学，因为它有很多复杂的规则。,materia_1.jpg,考试路径|A2|n,专四,说；讲；告诉；讲述,钥匙,狮子,大创内容组_senses_table_tem4 7.19.xlsx
matrícula,n,f,A2,1,,注册；学籍注册,,Antes del semestre debes completar la matrícula en la web de la universidad y pagar las tasas a tiempo.,学期开始前，你必须在学校网站上完成注册并按时缴纳学费。,matricula_1.jpg,考试路径|A2|n,专四,球；球体,暖气；供暖,十一月,大创内容组_senses_table_tem4_with_images.xlsx
mayo,n,m,A2,1,,五月,,El cinco de mayo es una fiesta tradicional muy conocida en países latinos.,五月五日是拉美国家非常有名的传统节日。,mayo_1.jpg,考试路径|A2|n,专四,害羞的；腼腆,千克；公斤,照相机；摄像机,大创内容组_senses_table_tem4 7.18.xlsx
mayor,adj,n/a,A2,1,,较大的；最大的；年长的；成年的,,Mi hermano mayor estudia español en la universidad de Salamanca.,我哥哥在萨拉曼卡大学学西班牙语。,mayor_1.jpg,考试路径|A2|adj,专四,口信；电文；信息,在前面；前方,开门；开业；开放,大创内容组_senses_table_tem4 10.3.xlsx
mayúscula,n,f,A2,1,,大写字母,,"En español, los días de la semana se escriben con minúscula, no con mayúscula.",在西班牙语中，星期几用小写字母书写，不用大写。,mayuscula_1.jpg,考试路径|A2|n,专四,职业生涯；生涯；奔跑,持续；存在；耐久,极好吃的；可口的,大创内容组_senses_table_tem4 10.3.xlsx
maíz,n,m,A2,1,,玉米,,El maíz es un alimento básico en muchos países de América Latina.,玉米是许多拉丁美洲国家的主食。,maiz_1.jpg,考试路径|A2|n,专四,笔记本；练习本,留下；待着；停留,约定；碰面；约好,大创内容组_senses_table_tem4 10.3.xlsx
medalla,n,f,A2,1,,奖章；纪念章,,El estudiante ganó una medalla de oro en el concurso nacional de español.,这名学生在全国西班牙语比赛中获得了金牌。,medalla_1.jpg,考试路径|A2|n,专四,楼梯,帮助；好处；恩惠；宠爱,典范；榜样；例子,大创内容组_senses_table_tem4 10.3.xlsx
medianoche,n,f,A2,1,,半夜；午夜,,Los estudiantes estudiaron hasta la medianoche para el examen final.,学生们学习到半夜准备期末考试。,medianoche_1.jpg,考试路径|A2|n,专四,电影；影片；胶卷,进入；入口,职员；员工；雇员,大创内容组_senses_table_tem4 10.3.xlsx
medio,n,n/a,A2,1,,一半的；中间的；平均的；有点儿；中间；环境；手段,,El estudiante encontró un medio eficaz para memorizar vocabulario rápidamente.,这名学生找到了一种快速记忆词汇的有效手段。,medio_1.jpg,考试路径|A2|n,专四,自然；大自然；本性,卧室；宿舍,使用；运用,大创内容组_senses_table_tem4 10.3.xlsx
mediodía,n,m,A2,1,,中午；正午,,"A mediodía, los estudiantes suelen comer en la cafetería de la universidad.",中午，学生们通常在大学食堂吃饭。,mediodia_1.jpg,考试路径|A2|n,专四,入夜；天黑,进行；进展；处于某种状态,山谷；谷地,大创内容组_senses_table_tem4 10.3.xlsx
mejilla,n,f,A2,1,,面颊,,La profesora le dio un beso en la mejilla al estudiante que ganó el concurso.,老师亲吻了赢得比赛学生的面颊。,mejilla_1.jpg,考试路径|A2|n,专四,孩子；小伙子；姑娘,某个；某些；一些（肯定/否定）,教；教授；教导,大创内容组_senses_table_tem4 10.3.xlsx
mejor,n,n/a,A2,1,,较好的；更好的；最好的；较好地；宁可,,Este método es mejor para aprender vocabulario que memorizar listas sin contexto.,这种方法比无语境地背单词表更适合学习词汇。,mejor_1.jpg,考试路径|A2|n,专四,线；排；列；字行；路线,口信；电文；信息,多米尼加的；多米尼加人,大创内容组_senses_table_tem4 10.3.xlsx
menor,adj,n/a,A2,1,,较小的；较少的；年幼的,,Mi hermana menor estudia en la misma facultad que yo.,我妹妹和我在同一个学院学习。,menor_1.jpg,考试路径|A2|adj,专四,点燃；打开（电器）,非常；很；大量地,办公室；办事处,大创内容组_senses_table_tem4 10.3.xlsx
mensaje,n,m,A2,1,,口信；电文；信息,,La profesora me envió un mensaje sobre el cambio de aula.,老师给我发了一条关于教室变动的信息。,mensaje_1.jpg,考试路径|A2|n,专四,爱上；喜欢上,十月,虽然；尽管,大创内容组_senses_table_tem4 10.3.xlsx
menudo,adj,n/a,A2,1,,小的；细小的；无足轻重的,,"Es un error menudo, pero conviene corregirlo para mejorar la redacción.",这是一个小错误，但最好改正以提高写作水平。,menudo_1.jpg,考试路径|A2|adj,专四,帮助；好处；恩惠；宠爱,肥皂,得宠的；特别喜欢的,大创内容组_senses_table_tem4 10.3.xlsx
menú,n,m,A2,1,,菜单,,"El menú del día en la cafetería incluye primer plato, segundo y postre.",食堂的今日菜单包括第一道菜、第二道菜和甜点。,menu_1.jpg,考试路径|A2|n,专四,害怕；恐惧；担心；忧虑,穿衣服；穿衣；打扮,开心的；幸福的,大创内容组_senses_table_tem4 10.3.xlsx
mercado,n,m,A2,1,,市场；集市,,El mercado municipal abre todos los días por la mañana y vende productos frescos.,农贸市场每天早上开放，出售新鲜产品。,mercado_1.jpg,考试路径|A2|n,专四,古巴的；古巴人,阿根廷的；阿根廷人,裙子；山坡,大创内容组_senses_table_tem4 7.20.xlsx
mesa,n,f,A2,1,,书桌；普通桌子,,Pon todos los libros sobre la mesa para ordenarlos después de terminar de estudiar.,把所有书都放在桌子上，学习完了再整理。,mesa_1.jpg,义项包|考试路径|A2|n,专四,雨；雨水,艺术；美术；技艺,居住；住在；生活,大创内容组_senses_table_tem4 7.18.xlsx
metal,n,m,A2,1,,金属,,El oro y la plata son metales preciosos muy valorados en joyería.,金和银是珠宝中非常受重视的贵金属。,metal_1.jpg,考试路径|A2|n,专四,外国的；外国人；外国；国外,山谷；谷地,口头的,大创内容组_senses_table_tem4 10.3.xlsx
meter,v,n/a,A2,1,,放入；塞进,,Mete todos los bolígrafos en el estuche antes de salir.,出门前把所有圆珠笔都放进笔袋。,meter_1.jpg,考试路径|A2|v,专四,甘薯；白薯,位于；处于；身在,电脑；笔记本电脑,大创内容组_senses_table_tem4 7.19.xlsx
metro,n,m,A2,2,,地铁,,"En Madrid, muchos estudiantes van a la universidad en metro.",在马德里，许多学生乘地铁去大学。,metro_2.jpg,考试路径|A2|n,专四,瘦的；细的；薄的,校园,口信；电文；信息,大创内容组_senses_table_tem4 10.3.xlsx
mexicano,n,n/a,A2,1,,墨西哥的；墨西哥人,,La comida mexicana es famosa por sus sabores intensos y variados.,墨西哥菜以其浓郁多样的风味而闻名。,mexicano_1.jpg,考试路径|A2|n,专四,饼干；松糕,照顾；照料,植物,大创内容组_senses_table_tem4 10.3.xlsx
micrófono,n,m,A2,1,,话筒；麦克风,,El profesor usó un micrófono para que todos los estudiantes escucharan la conferencia.,老师用了话筒，好让所有学生都能听到讲座。,microfono_1.jpg,考试路径|A2|n,专四,摔倒；跌到,成分；配料,归还；回报；回馈,大创内容组_senses_table_tem4 10.3.xlsx
miedo,n,m,A2,1,,害怕；恐惧；担心；忧虑,,Los estudiantes sintieron miedo antes del examen final de español.,学生们在西班牙语期末考试前感到害怕。,miedo_1.jpg,考试路径|A2|n,专四,没耐心的；急躁,千米；公里,气候；氛围,大创内容组_senses_table_tem4 10.3.xlsx
miel,n,f,A2,1,,蜜；蜂蜜；甜蜜,,La miel es un endulzante natural muy saludable para el desayuno.,蜂蜜是早餐中非常健康的天然甜味剂。,miel_1.jpg,考试路径|A2|n,专四,理解；明白；懂得,权利,器械；仪器；乐器；工具,大创内容组_senses_table_tem4 10.3.xlsx
mientras,n,n/a,A2,1,,与…同时；在…时候,,"Mientras los estudiantes leen, el profesor escribe ejemplos en la pizarra.",学生们阅读时，老师在黑板上写例子。,mientras_1.jpg,考试路径|A2|n,专四,持续；存在；耐久,打扮；整理自己；收拾,文件；证件,大创内容组_senses_table_tem4 10.3.xlsx
millón,n,m,A2,1,,百万,,Más de un millón de personas estudian español en todo el mundo.,全世界有超过一百万人在学习西班牙语。,millon_1.jpg,考试路径|A2|n,专四,缝；缝制,交给；交付,马达；发动机；动力,大创内容组_senses_table_tem4 10.3.xlsx
minúscula,n,f,A2,1,,小写字母,,"En español, los meses del año se escriben con minúscula inicial.",在西班牙语中，月份的首字母用小写。,minuscula_1.jpg,考试路径|A2|n,专四,教师；师傅；大师；导师,警察；警方,话筒；麦克风,大创内容组_senses_table_tem4 10.3.xlsx
mirar,v,n/a,A2,1,,看；注视；瞧,,Por las noches me gusta mirar las estrellas en el cielo desde el balcón de mi habitación.,晚上我喜欢从房间的阳台上看天上的星星。,mirar_1.jpg,考试路径|A2|v,专四,牙齿,注册；学籍注册,其余的；其他的,大创内容组_senses_table_tem4 7.17.xlsx
mismo,adj,n/a,A2,1,,同一个的；相同的,,Los dos estudiantes eligieron el mismo tema para el trabajo final.,两名学生为期末作业选了同一个主题。,mismo_1.jpg,考试路径|A2|adj,专四,十月,沙子；沙土,增加；增长；提高,大创内容组_senses_table_tem4 10.3.xlsx
moderno,adj,n/a,A2,1,,现代的；新式的；现代化的,,La universidad tiene un campus moderno con edificios inteligentes y tecnología avanzada.,大学有一个现代化的校园，有智能建筑和先进技术。,moderno_1.jpg,考试路径|A2|adj,专四,友谊；友情,准备；预备,会议；聚会,大创内容组_senses_table_tem4 10.3.xlsx
modo,n,m,A2,1,,方法；方式；式样,,La manera más eficaz de aprender español es practicar de modo constante.,学习西班牙语最有效的方法是持续练习。,modo_1.jpg,考试路径|A2|n,专四,城市；都市；城,银行,照顾；照料,大创内容组_senses_table_tem4 10.3.xlsx
momento,n,m,A2,1,,片刻；瞬间,,Espera un momento que termine de anotar esta regla gramatical.,稍等片刻，我把这条语法规则记完。,momento_1.jpg,考试路径|A2|n,专四,年龄,马上；立刻,不同的；有差异的,大创内容组_senses_table_tem4 7.18.xlsx
moneda,n,f,A2,1,,硬币；货币,,El billete de autobús cuesta uno con cincuenta y puedes pagar con monedas.,公交车票一欧元五十，你可以用硬币支付。,moneda_1.jpg,考试路径|A2|n,专四,花园；公园,留下；待着；停留,椅子；座椅,大创内容组_senses_table_tem4 7.20.xlsx
mono,n,n/a,A2,1,,猴子,,Los monos del zoológico son muy traviesos y les gusta interactuar con los visitantes.,动物园里的猴子非常调皮，喜欢和游客互动。,mono_1.jpg,考试路径|A2|n,专四,飞机,其余的；其他的,理解；明白；领会,大创内容组_senses_table_tem4 10.3.xlsx
morir,n,n/a,A2,1,,死；逝世；结束；消逝；渴望；酷爱,,El escritor murió a los noventa años dejando una obra literaria inmensa.,这位作家九十岁时逝世，留下了大量文学作品。,morir_1.jpg,考试路径|A2|n,专四,容易的；舒适的；容易地,街区；城区,美元,大创内容组_senses_table_tem4 10.3.xlsx
mosca,n,f,A2,1,,苍蝇,,Las moscas revolotean alrededor de la comida si no se tapa adecuadamente.,如果不盖好食物，苍蝇就会在周围飞来飞去。,mosca_1.jpg,考试路径|A2|n,专四,鼓掌,向后；朝后；在后边；以前（时间上）,收据；凭条,大创内容组_senses_table_tem4 10.3.xlsx
mosquito,n,m,A2,1,,蚊子,,Los mosquitos son muy molestos en verano y pueden transmitir enfermedades.,夏天蚊子很烦人，还可能传播疾病。,mosquito_1.jpg,考试路径|A2|n,专四,交谈；谈话,公路；郊外道路,街道；马路；街,大创内容组_senses_table_tem4 10.3.xlsx
mostrar,v,n/a,A2,1,,展示；出示；显示,,El profesor nos muestra muchas fotos interesantes de su viaje por todo el Perú.,老师给我们展示了很多他环游秘鲁旅行的有趣照片。,mostrar_1.jpg,考试路径|A2|v,专四,艺术；美术；技艺,面颊,气候；氛围,大创内容组_senses_table_tem4 7.17.xlsx
motocicleta,n,f,A2,1,,摩托车,,El estudiante va a la universidad en motocicleta para ahorrar tiempo.,这名学生骑摩托车去大学以节省时间。,motocicleta_1.jpg,考试路径|A2|n,专四,物主；户主；主人,理由；原因,脖子,大创内容组_senses_table_tem4 10.3.xlsx
motor,n,m,A2,1,,马达；发动机；动力,,El motor del coche hace un ruido extraño y necesita revisión.,汽车发动机发出奇怪的声音，需要检修。,motor_1.jpg,考试路径|A2|n,专四,漂亮的,没耐心的；急躁,进入；入口,大创内容组_senses_table_tem4 10.3.xlsx
mover,n,n/a,A2,1,,移动；使活动；摇动；促使；运动,,El viento movía las hojas de los árboles del campus suavemente.,风吹动校园里的树叶，轻轻摇曳。,mover_1.jpg,考试路径|A2|n,专四,文化,英国的；英国人；英语,学习；学会；习得,大创内容组_senses_table_tem4 10.3.xlsx
muchacho,n,n/a,A2,1,,孩子；小伙子；姑娘,,Los muchachos del barrio juegan al fútbol en la cancha de la universidad.,街区的孩子们在大学球场上踢足球。,muchacho_1.jpg,考试路径|A2|n,专四,四分之一；一刻钟,漂亮的,直的；笔直的,大创内容组_senses_table_tem4 10.3.xlsx
mucho,adj,n/a,A2,1,,很多的；大量的；许多的,,Tengo muchos amigos en la universidad que estudian conmigo todos los días.,我在大学里有很多朋友，每天都和我一起学习。,mucho_1.jpg,考试路径|A2|adj,专四,能够；可以；会,手指,学院；专科学校；研究院,大创内容组_senses_table_tem4 7.17.xlsx
mucho,adv,n/a,A2,2,,非常；很；大量地,,Me gusta mucho la literatura española porque las historias son muy interesantes.,我非常喜欢西班牙文学，因为里面的故事非常有趣。,mucho_2.jpg,考试路径|A2|adv,专四,入夜；天黑,邮寄；发送,存在；有,大创内容组_senses_table_tem4 7.17.xlsx
mueble,n,m,A2,1,,家具,,La sala de estudio de la residencia tiene muebles cómodos y modernos.,宿舍的自习室有舒适现代的家具。,mueble_1.jpg,考试路径|A2|n,专四,持续；存在；耐久,寻找；寻求；查找,艺术；美术；技艺,大创内容组_senses_table_tem4 10.3.xlsx
muro,n,m,A2,1,,墙；墙壁,,El muro de la facultad está decorado con murales de artistas locales.,学院的墙上装饰着当地艺术家的壁画。,muro_1.jpg,考试路径|A2|n,专四,词典,时间；时光；工夫,马上；立刻,大创内容组_senses_table_tem4 10.3.xlsx
museo,n,m,A2,1,,博物馆；博物院,,"Cuando visitamos Barcelona, fuimos al museo de Gaudí para ver sus obras arquitectónicas.",我们去巴塞罗那游玩的时候，去了高迪博物馆看他的建筑作品。,museo_1.jpg,考试路径|A2|n,专四,罐头；听头,困难的；难的,桌布,大创内容组_senses_table_tem4 7.18.xlsx
muñeca,n,f,A2,1,,腕；手腕,,La estudiante se torció la muñeca mientras jugaba al baloncesto.,这名学生打篮球时扭伤了手腕。,muneca_1.jpg,考试路径|A2|n,专四,甘薯；白薯,哎（用于招呼、提醒、加强语气等）,质量；品质,大创内容组_senses_table_tem4 10.3.xlsx
muñeca,n,f,A2,2,,玩具娃娃,,La niña llevó su muñeca favorita al primer día de clase.,小女孩带着她最喜欢的玩具娃娃去第一天上课。,muneca_2.jpg,考试路径|A2|n,专四,搞错；弄错,机场,开心的；幸福的,大创内容组_senses_table_tem4 10.3.xlsx
máquina,n,f,A2,1,,机器；机械；机件；机车,,La máquina de café de la biblioteca está averiada desde ayer.,图书馆的咖啡机从昨天起就坏了。,maquina_1.jpg,考试路径|A2|n,专四,绘画；画,海岸；沿岸,丈夫；妻子,大创内容组_senses_table_tem4 10.3.xlsx
método,n,m,A2,1,,方法；办法；方式,,Mi método preferido para aprender vocabulario nuevo es escribir frases originales.,我学习新词汇最喜欢的方法是写原创例句。,metodo_1.jpg,考试路径|A2|n,专四,工作；职业；就业,好奇的；好打听的,文化,大创内容组_senses_table_tem4 7.19.xlsx
músico,n,n/a,A2,1,,音乐的；音乐；乐师；音乐家,,El músico español tocó la guitarra en el acto cultural de la facultad.,这位西班牙音乐家在学院的文化活动中弹奏了吉他。,musico_1.jpg,考试路径|A2|n,专四,铅笔,学院；专科学校；研究院,旅馆；客栈,大创内容组_senses_table_tem4 10.3.xlsx
natural,adj,n/a,A2,1,,大自然的；天然的；自然的；理所当然的,,Es natural sentir nervios antes de un examen importante.,在重要考试前感到紧张是自然的。,natural_1.jpg,考试路径|A2|adj,专四,墨西哥的；墨西哥人,正确的,坏的；不好的；糟糕的；差的,大创内容组_senses_table_tem4 10.3.xlsx
naturaleza,n,f,A2,1,,自然；大自然；本性,,"Me gusta mucho pasar tiempo en la naturaleza, rodeado de árboles verdes y montañas.",我非常喜欢在大自然中待着，被青山绿树环绕。,naturaleza_1.jpg,考试路径|A2|n,专四,游客；旅游者,二百,教师；教授（大学）,大创内容组_senses_table_tem4 7.18.xlsx
necesitar,v,n/a,A2,1,,需要；必需；需求,,Necesitamos comprar más frutas y verduras frescas para toda la semana que viene.,我们需要为接下来一整周买更多新鲜的水果和蔬菜。,necesitar_1.jpg,义项包|考试路径|A2|v,专四,固定；使牢固；保证；确保,数学,大象,大创内容组_senses_table_tem4 7.17.xlsx
nervioso,adj,n/a,A2,1,,紧张的；焦虑,,Siempre estoy nervioso antes de empezar una prueba oral de español.,西语口语考试开始前，我总会十分紧张。,nervioso_1.jpg,考试路径|A2|adj,专四,学习；研究；攻读,手机；电话机,椅子；座椅,大创内容组_senses_table_tem4 7.18.xlsx
nevar,v,n/a,A2,1,,下雪；降雪,,En el norte de España nieva con frecuencia durante los meses de invierno.,西班牙北部冬季经常下雪。,nevar_1.jpg,考试路径|A2|v,专四,品尝；尝试,看；注视；瞧,儿童的；幼稚的；孩子气的,大创内容组_senses_table_tem4 7.20.xlsx
nieve,n,f,A2,1,,雪；积雪,,Los niños juegan con la nieve en el parque después de la tormenta.,暴风雪过后孩子们在公园里玩雪。,nieve_1.jpg,考试路径|A2|n,专四,任何的；任何一个,认识；结识；了解（人）,简短的；短暂的,大创内容组_senses_table_tem4 7.20.xlsx
nivel,n,m,A2,1,,水平；等级,,Mi nivel de español es B1: puedo desenvolverme en viajes y entender textos cotidianos.,我的西语水平是 B1：能应对旅行场景并理解日常文本。,nivel_1.jpg,考试路径|A2|n,专四,跟随；跟着；追随,周年纪念日,时间表；课表,大创内容组_senses_table_tem4_with_images.xlsx
norte,n,m,A2,1,,北方；北边,,El río corre desde el norte hasta el sur de toda la región.,这条河从该地区北部流向南部。,norte_1.jpg,考试路径|A2|n,专四,建筑；建筑学,难忘的,摔倒；跌到,大创内容组_senses_table_tem4 7.18.xlsx
noticia,n,f,A2,1,,新闻；消息,,Cada mañana leo una noticia breve en español para acostumbrarme a estructuras reales del idioma.,我每天早上读一篇西语短新闻，以熟悉真实语言结构。,noticia_1.jpg,考试路径|A2|n,专四,戒指；环形；环,大西洋的,语言；语种,大创内容组_senses_table_tem4_with_images.xlsx
novela,n,f,A2,1,,小说；长篇小说,,Me gusta mucho leer novelas de misterio en las tardes lluviosas de otoño.,我非常喜欢在秋天下雨的下午读悬疑小说。,novela_1.jpg,考试路径|A2|n,专四,博物馆；博物院,保重；照顾自己,边；边缘,大创内容组_senses_table_tem4 7.18.xlsx
noviembre,n,m,A2,1,,十一月,,Mi cumpleaños es el veinte de noviembre y haré una cena con compañeros.,我的生日是十一月二十号，和同学一起聚餐。,noviembre_1.jpg,考试路径|A2|n,专四,快速地；迅速地,受欢迎的；欢迎,死；逝世；结束；消逝；渴望；酷爱,大创内容组_senses_table_tem4 7.18.xlsx
nube,n,f,A2,1,,云；云朵,,Las nubes oscuras anuncian que va a llegar una tormenta por la tarde.,乌云预示着下午将有一场暴风雨。,nube_1.jpg,考试路径|A2|n,专四,客户；顾客；客人,买；购买；采购,写；书写；写作,大创内容组_senses_table_tem4 7.20.xlsx
número,n,m,A2,1,,数字；号码,,Anota mi número de teléfono para estudiar juntos los fines de semana.,记下我的手机号，周末我们一起学习。,numero_1.jpg,考试路径|A2|n,专四,观点；意见,车票；入场券；彩票,死；逝世；结束；消逝；渴望；酷爱,大创内容组_senses_table_tem4 7.18.xlsx
octubre,n,m,A2,1,,十月,,En octubre organizamos un concurso de poesía en lengua hispánica.,十月我们举办西语诗歌大赛。,octubre_1.jpg,考试路径|A2|n,专四,房子；房屋；建筑,地点；地方；位置,使用；运用,大创内容组_senses_table_tem4 7.18.xlsx
océano,n,m,A2,1,,海洋；大洋,,El océano Atlántico baña las costas occidentales de España y Portugal.,大西洋冲刷着西班牙和葡萄牙的西海岸。,oceano_1.jpg,考试路径|A2|n,专四,使疲倦；使劳累,品尝；尝试,放；放置；摆,大创内容组_senses_table_tem4 7.20.xlsx
oeste,n,m,A2,1,,西方；西边,,El parque grande está situado al oeste de nuestra ciudad universitaria.,大公园位于大学城西侧。,oeste_1.jpg,考试路径|A2|n,专四,著名的；出名的,纸币；票据,高脚杯；酒杯；奖杯,大创内容组_senses_table_tem4 7.18.xlsx
oficina,n,f,A2,1,,办公室；办事处,,Voy a la oficina todos los días en metro porque vivo muy lejos.,我每天坐地铁去上班，因为家住得很远。,oficina_1.jpg,考试路径|A2|n,专四,奶油,倒下；掉落；坠落；下跌,瘦的；细的；薄的,大创内容组_senses_table_tem4 7.19.xlsx
olvidar,v,n/a,A2,1,,遗忘（物品 / 内容）,,No olvides traer tu hoja de verbos mañana.,明天别忘了带动词清单。,olvidar_1.jpg,考试路径|A2|v,专四,教师；教授（大学）,健康；身体状况,派；派遣,大创内容组_senses_table_tem4 7.19.xlsx
opinión,n,f,A2,1,,观点；意见,,En el foro tienes que expresar tu opinión con respeto y respaldarla con al menos un ejemplo.,在论坛讨论中你需要礼貌地表达观点，并至少用一个例子支撑。,opinion_1.jpg,考试路径|A2|n,专四,赢得；获胜；赢,农村；田野,记录；记下,大创内容组_senses_table_tem4_with_images.xlsx
oral,adj,n/a,A2,1,,口头的,,La prueba oral dura diez minutos: presentas un tema y luego respondes preguntas del examinador.,口语考试约十分钟：先就一个主题发言，再回答考官提问。,oral_1.jpg,考试路径|A2|adj,专四,日期；日子,赢得；获胜；赢,驴,大创内容组_senses_table_tem4_with_images.xlsx
orden,n,f,A2,1,,秩序；顺序；条理,,Los estudiantes deben mantener el orden en la sala de estudio para concentrarse mejor.,学生们应该在自习室保持秩序，以便更好地集中注意力。,orden_1.jpg,考试路径|A2|n,专四,西班牙午间正餐（文化特定时段词义）,叫；呼喊；称呼,旅行；旅程,大创内容组_senses_table_tem4 7.19.xlsx
orden,n,m,A2,2,,命令；指令,,El profesor dio la orden de cerrar los libros y empezar el examen de vocabulario inmediatamente.,老师下达了合上书本、立即开始词汇考试的命令。,orden_2.jpg,考试路径|A2|n,专四,大象,美的；美好的；漂亮的,云；云朵,大创内容组_senses_table_tem4 7.19.xlsx
ordenador,n,m,A2,1,,电脑；笔记本电脑,,Uso el ordenador todos los días para hacer los trabajos de la facultad de español.,我每天都用电脑做西语学院的作业。,ordenador_1.jpg,考试路径|A2|n,专四,吃午餐,听；听到；听见,英国的；英国人；英语,大创内容组_senses_table_tem4 7.18.xlsx
ordenar,v,n/a,A2,1,,整理；安排,,Cada domingo ordeno mi escritorio y clasifico todos mis apuntes.,每周日我整理书桌，把所有笔记分类放好。,ordenar_1.jpg,考试路径|A2|v,专四,洗；清洗；洗涤,节；盛会；会演,职业生涯；生涯；奔跑,大创内容组_senses_table_tem4 7.20.xlsx
oír,v,n/a,A2,1,,听；听到；听见,,"En la clase de audición, oímos muchos diálogos en español de diferentes acentos.",在听力课上，我们听很多不同口音的西班牙语对话。,oir_1.jpg,考试路径|A2|v,专四,衣柜；立柜,游客；旅游者,阅读；读物,大创内容组_senses_table_tem4 7.17.xlsx
oír,v,n/a,A2,2,,听说；得知；听到消息,,Oí que el próximo semestre tendremos un profesor nuevo de conversación.,我听说下个学期我们会有一位新的口语老师。,oir_2.jpg,考试路径|A2|v,专四,艺术；美术；技艺,国际象棋,六月,大创内容组_senses_table_tem4 7.17.xlsx
paciente,adj,n/a,A2,1,,有耐心的；忍耐,,Para aprender idiomas hay que ser paciente con los propios errores.,学习语言，要对自己的错误保持耐心。,paciente_1.jpg,考试路径|A2|adj,专四,考试,博物馆；博物院,疼痛；疼,大创内容组_senses_table_tem4 7.18.xlsx
pago,n,m,A2,1,,支付；付款,,Puedes hacer el pago en efectivo o con tarjeta de crédito en esta tienda.,这家店里你可以用现金或信用卡付款。,pago_1.jpg,考试路径|A2|n,专四,美洲的；美洲人；美国的；美国人,在…期间,非常喜欢；迷住；极喜爱,大创内容组_senses_table_tem4 7.20.xlsx
parecer,v,n/a,A2,1,,似乎；好像；看起来,,Parece que va a llover pronto porque el cielo está muy gris y totalmente oscuro.,看起来很快就要下雨了，因为天空灰蒙蒙的一片阴沉。,parecer_1.jpg,考试路径|A2|v,专四,实验室；化验室,爱；热爱；喜爱,意大利的；意大利人；意大利语,大创内容组_senses_table_tem4 7.17.xlsx
parque,n,m,A2,1,,公园；园区,,Los domingos por la mañana mucha gente va al parque a pasear o hacer ejercicio físico.,周日早上很多人会去公园散步或者锻炼身体。,parque_1.jpg,考试路径|A2|n,专四,地点；地方；位置,坏的；不好的；糟糕的；差的,教师；师傅；大师；导师,大创内容组_senses_table_tem4 7.18.xlsx
pasajero,n,n/a,A2,1,,乘客；旅客,,Los pasajeros del vuelo esperan en la sala de embarque con sus tarjetas de abordar.,航班的乘客们手持登机牌在候机室等待登机。,pasajero_1.jpg,考试路径|A2|n,专四,注册；学籍注册,继续；接着；持续,便宜的；廉价的,大创内容组_senses_table_tem4 7.20.xlsx
pastilla,n,f,A2,1,,药片；药丸,,Una pastilla antes de dormir te ayudará a aliviar el dolor de cabeza.,睡前吃一片药，能帮你缓解头疼。,pastilla_1.jpg,考试路径|A2|n,专四,出席；到场,虽然；尽管,好奇的；好打听的,大创内容组_senses_table_tem4 7.18.xlsx
país,n,m,A2,1,,国家；国度,,México es un país con una cultura muy rica y una gastronomía deliciosa y variada.,墨西哥是一个文化非常丰富、美食多样又美味的国家。,pais_1.jpg,考试路径|A2|n,专四,小说；长篇小说,树,噪音；声响,大创内容组_senses_table_tem4 7.17.xlsx
película,n,f,A2,1,,电影；影片；胶卷,,El viernes pasado vimos una película española muy buena en el cine del centro ciudad.,上周五我们在市中心的电影院看了一部非常棒的西班牙电影。,pelicula_1.jpg,考试路径|A2|n,专四,现代的；新式的；现代化的,农民；乡下人,池塘；蓄水池,大创内容组_senses_table_tem4 7.18.xlsx
pensar,v,n/a,A2,1,,思考；想；思索,,Déjame pensar un momento antes de darte la respuesta final a esta pregunta.,让我想一下再给你这个问题的最终答复。,pensar_1.jpg,考试路径|A2|v,专四,吃早餐,罐；瓶（容器）,回答；答复,大创内容组_senses_table_tem4 7.17.xlsx
pensar,v,n/a,A2,2,,认为；以为；觉得,,Yo pienso que esta es la mejor opción para todos los miembros del equipo.,我认为这对团队所有成员来说都是最好的选择。,pensar_2.jpg,考试路径|A2|v,专四,云；云朵,打开；开启；翻开,天；日子,大创内容组_senses_table_tem4 7.17.xlsx
perder,v,n/a,A2,1,,丢失；遗失；弄丢,,"Si pierdes el pasaporte en el extranjero, tienes que ir inmediatamente a la embajada.",如果你在国外丢了护照，必须立刻去大使馆。,perder_1.jpg,考试路径|A2|v,专四,游客；旅游者,日期；日子,注册；学籍注册,大创内容组_senses_table_tem4 7.17.xlsx
perezoso,adj,n/a,A2,1,,懒惰的,,"Si eres perezoso con los deberes, tu nivel no mejorará nunca.",如果对待作业偷懒，你的水平永远无法提升。,perezoso_1.jpg,考试路径|A2|adj,专四,画；图画；场面,带来；拿来；携来,没耐心的；急躁,大创内容组_senses_table_tem4 7.18.xlsx
persona,n,f,A2,1,,人；个人；人物,,Es una persona muy amable y siempre ayuda a los demás sin pensarlo dos veces.,他是一个非常友善的人，总是毫不犹豫地帮助别人。,persona_1.jpg,考试路径|A2|n,专四,走路；步行,使用；运用,勺子,大创内容组_senses_table_tem4 7.17.xlsx
planta,n,f,A2,1,,植物,,Las plantas del jardín universitario necesitan riego diario durante todo el verano.,大学花园里的植物整个夏天都需要每日浇水。,planta_1.jpg,考试路径|A2|n,专四,工人；劳动者；工作者,糖果；糖块,数字；号码,大创内容组_senses_table_tem4 7.19.xlsx
plaza,n,f,A2,1,,广场；位子；职位,,La Plaza Mayor de Madrid es uno de los lugares más famosos de toda la ciudad entera.,马德里马约尔广场是整座城市最有名的地方之一。,plaza_1.jpg,考试路径|A2|n,专四,雪；积雪,难忘的,昨晚,大创内容组_senses_table_tem4 7.18.xlsx
poco,adj,n/a,A2,1,,少的；少量的；不多的,,Hay pocos estudiantes en el aula porque la mayoría están en la biblioteca.,教室里只有很少的学生，因为大多数人都在图书馆里。,poco_1.jpg,考试路径|A2|adj,专四,苍蝇,关闭；关上；合上,乘客；旅客,大创内容组_senses_table_tem4 7.17.xlsx
poco,adv,n/a,A2,2,,很少；几乎不；稍微,,Yo hablo poco español con mis compañeros porque tengo miedo de equivocarme.,我很少和同学说西班牙语，因为我害怕犯错。,poco_2.jpg,考试路径|A2|adv,专四,到达；抵达；到,开心；消遣,行；排；队列,大创内容组_senses_table_tem4 7.17.xlsx
poder,v,n/a,A2,1,,能够；可以；会,,¿Puedes ayudarme a llevar esta caja pesada hasta el tercer piso?,你能帮我把这个重箱子搬到三楼吗？,poder_1.jpg,义项包|考试路径|A2|v,专四,背；背部,百万,睡觉；入睡；休眠,大创内容组_senses_table_tem4 7.17.xlsx
policía,n,n/a,A2,1,,警察；警方,,"Si tienes algún problema en la calle, puedes pedir ayuda a un policía.",如果你在街上遇到麻烦，可以找警察求助。,policia_1.jpg,考试路径|A2|n,专四,电脑；笔记本电脑,枕头；椅垫,成分；配料,大创内容组_senses_table_tem4 7.19.xlsx
poner,v,n/a,A2,1,,放；放置；摆,,"Por favor, pon los libros sobre la mesa de la sala de estudio para usarlos luego.",请把书放在书房的桌子上，方便一会儿用。,poner_1.jpg,考试路径|A2|v,专四,池塘；蓄水池,看；看见；看到,著名的；出名的,大创内容组_senses_table_tem4 7.17.xlsx
ponerse,v,n/a,A2,1,,穿上；戴上,,"Hace mucho frío fuera, ponte el abrigo grueso antes de salir de casa ahora.",外面很冷，现在出门前穿上厚外套。,ponerse_1.jpg,考试路径|A2|v,专四,还；仍然,目录；表格；名单；清单,质量；品质,大创内容组_senses_table_tem4 7.17.xlsx
postal,n,f,A2,1,,明信片,,Envié una postal a mi familia desde cada ciudad que visité durante mi viaje.,我在旅行途中从每个城市都给家人寄了一张明信片。,postal_1.jpg,考试路径|A2|n,专四,简短的；短暂的,凉爽的；清新的,学习；研究；攻读,大创内容组_senses_table_tem4 7.20.xlsx
precio,n,m,A2,1,,价格；价钱,,El precio del aceite de oliva ha subido mucho en el último año.,橄榄油的价格在过去一年里涨了很多。,precio_1.jpg,考试路径|A2|n,专四,开始；着手；启动,一半的；中间的；平均的；有点儿；中间；环境；手段,搞错；弄错,大创内容组_senses_table_tem4 7.20.xlsx
preguntar,v,n/a,A2,1,,提问；询问；问,,"Si no entiendes algo, puedes preguntar al profesor en cualquier momento de la clase.",如果你有不懂的，可以在课堂上随时问老师。,preguntar_1.jpg,考试路径|A2|v,专四,树,十一月,风；气流,大创内容组_senses_table_tem4 7.17.xlsx
preparar,v,n/a,A2,1,,准备；预备,,Tengo que preparar la mochila con todos los libros antes de acostarme.,睡觉前我得把书包准备好，装上所有书。,preparar_1.jpg,考试路径|A2|v,专四,半夜；午夜,冬天,成熟的；成年的,大创内容组_senses_table_tem4 7.20.xlsx
probar,v,n/a,A2,1,,品尝；尝试,,Quiero probar la paella valenciana durante mi viaje a España.,我想在去西班牙旅行时品尝瓦伦西亚海鲜饭。,probar_1.jpg,考试路径|A2|v,专四,感到高兴；感到开心,左边的；左侧的；左手；左边；左派,驴,大创内容组_senses_table_tem4 7.20.xlsx
probarse,v,n/a,A2,1,,试穿,,"Antes de comprar este abrigo, tienes que probártelo para ver si te queda bien.",在买这件大衣之前，你得试穿看合不合身。,probarse_1.jpg,考试路径|A2|v,专四,派；派遣,存在；有,互相认识；见面；相识,大创内容组_senses_table_tem4 7.20.xlsx
profesión,n,f,A2,1,,职业；专业；行业,,La traducción es una profesión muy interesante para los que estudian idiomas.,对于学语言的人来说，翻译是一份很有意思的职业。,profesion_1.jpg,考试路径|A2|n,专四,著名的；出名的,搞错；弄错,稻子；大米,大创内容组_senses_table_tem4 7.19.xlsx
profesor,n,m,A2,1,,教师；教授（大学）,,El profesor de español explica las gramáticas con muchos ejemplos prácticos.,西班牙语老师用很多实用的例子讲解语法。,profesor_1.jpg,义项包|考试路径|A2|n,专四,暖气；供暖,成熟的；成年的,背；背部,大创内容组_senses_table_tem4 7.17.xlsx
propio,adj,n/a,A2,1,,自己的；本人的,,Cada estudiante debe escribir su propia opinión sin copiar la de los compañeros.,每个学生都应该写出自己的观点，不要抄袭同学的。,propio_1.jpg,考试路径|A2|adj,专四,邮件；信函,切割；切开,阅读；读物,大创内容组_senses_table_tem4 7.19.xlsx
proyecto,n,m,A2,1,,项目；计划；方案,,Nuestro grupo presentó un proyecto de aplicación para aprender vocabulario de español.,我们小组提交了一个西语背单词 APP 的项目方案。,proyecto_1.jpg,考试路径|A2|n,专四,问候；打招呼,糖果；糖块,古代的；古老的；旧的；过时的,大创内容组_senses_table_tem4 7.18.xlsx
página,n,f,A2,1,,页；页面；张,,Abre tu libro de español en la página ciento veinte para hacer el ejercicio de gramática.,把你的西语书翻到 120 页做语法练习。,pagina_1.jpg,考试路径|A2|n,专四,饼干；松糕,城市；都市；城,听；听到；听见,大创内容组_senses_table_tem4 7.18.xlsx
quedar,v,n/a,A2,1,,约定；碰面；约好,,Quedamos en la entrada del cine a las ocho de la tarde para ver la película nueva.,我们约好晚上八点在电影院门口碰面谈看新电影。,quedar_1.jpg,考试路径|A2|v,专四,感到；处于某种状态；年龄,支付；付款,勺子,大创内容组_senses_table_tem4 7.17.xlsx
quedar,v,n/a,A2,2,,剩下；剩余；留有,,Solo quedan tres días para que empiecen las vacaciones de verano tan esperadas.,万众期待的暑假开始就只剩三天了。,quedar_2.jpg,考试路径|A2|v,专四,命令；委托；委派；寄发,阿拉伯的；阿拉伯人；阿拉伯语,舞蹈,大创内容组_senses_table_tem4 7.17.xlsx
quedarse,v,n/a,A2,1,,留下；待着；停留,,Me quedo en casa hoy porque estoy un poco enfermo y necesito descansar mucho.,我今天待在家里，因为有点不舒服需要好好休息。,quedarse_1.jpg,考试路径|A2|v,专四,聪明的,四月,宏伟的；壮丽的；极好的,大创内容组_senses_table_tem4 7.17.xlsx
querer,v,n/a,A2,1,,想要；希望；打算,,Quiero viajar por toda España durante las vacaciones de verano de este año.,我想在今年暑假期间环游整个西班牙。,querer_1.jpg,义项包|考试路径|A2|v,专四,主题；题目；话题,倒下；掉落；坠落；下跌,灯；照明装置,大创内容组_senses_table_tem4 7.17.xlsx
querer,v,n/a,A2,2,,爱；喜爱；在乎,,Mis padres me quieren mucho y siempre me apoyan en todas mis decisiones.,我的父母很爱我，总是支持我所有的决定。,querer_2.jpg,考试路径|A2|v,专四,警察；警方,吃早餐,便宜的；廉价的,大创内容组_senses_table_tem4 7.17.xlsx
quitar,v,n/a,A2,1,,拿走；去掉；移除,,Quita los platos sucios de la mesa para lavarlos en la cocina ahora mismo.,把桌上的脏盘子拿走，马上去厨房洗了。,quitar_1.jpg,考试路径|A2|v,专四,作业（常用复数）,特别的；特殊的,房子；房屋；建筑,大创内容组_senses_table_tem4 7.17.xlsx
quitarse,v,n/a,A2,1,,脱下；摘掉,,Entra en casa y quítate los zapatos para no ensuciar el suelo recién limpiado.,进屋把鞋脱了，别弄脏刚拖干净的地板。,quitarse_1.jpg,考试路径|A2|v,专四,疼痛；疼,教育；训练,节省；节约；储蓄；存钱,大创内容组_senses_table_tem4 7.17.xlsx
razón,n,f,A2,1,,理由；原因,,La razón principal por la que estudio español es mi amor por la literatura latinoamericana.,我学习西班牙语的主要理由是我对拉美文学的热爱。,razon_1.jpg,考试路径|A2|n,专四,发烧；发热,学院；专科学校；研究院,爱上；喜欢上,大创内容组_senses_table_tem4 7.19.xlsx
recibo,n,m,A2,1,,收据；凭条,,Revisa el recibo antes de salir de la tienda para asegurarte de que todo está correcto.,离开商店前核对收据，确保一切无误。,recibo_1.jpg,考试路径|A2|n,专四,吓唬；使害怕,球；球体,触摸；触碰；摸,大创内容组_senses_table_tem4 7.20.xlsx
recoger,v,n/a,A2,1,,捡起；拾起,,Recojo el bolígrafo que se cayó al suelo.,我捡起掉在地上的圆珠笔。,recoger_1.jpg,考试路径|A2|v,专四,冬天,面颊,彩虹,大创内容组_senses_table_tem4 7.19.xlsx
recordar,v,n/a,A2,1,,回忆；记起,,Recuerdo todas las reglas de estas conjugaciones.,我还记得这些变位全部规则。,recordar_1.jpg,考试路径|A2|v,专四,凉爽的；清新的,考试,飞机,大创内容组_senses_table_tem4 7.19.xlsx
redacción,n,f,A2,1,,写作；作文；编辑部,,"Para mejorar la redacción en español, el profesor nos recomienda escribir un diario breve todas las noches.",为了提高西班牙语写作能力，老师建议我们每天晚上写一篇简短的日记。,redaccion_1.jpg,考试路径|A2|n,专四,节省；节约；储蓄；存钱,方式；方法；形式；举止,好奇心,大创内容组_senses_table_tem4 7.16.xlsx
repasar,v,n/a,A2,1,,复习；温习,,Siempre prefiero repasar todos mis apuntes de clase en un café tranquilo antes de entrar al aula.,我总是更喜欢在进入教室前，在安静的咖啡馆里复习我所有的课堂笔记。,repasar_1.jpg,考试路径|A2|v,专四,重要；要紧；在乎,口袋,观点；意见,大创内容组_senses_table_tem4 7.16.xlsx
repaso,n,m,A2,1,,复习,,Hacer un repaso rápido de la gramática antes de la prueba nos ayuda a evitar errors comunes.,在测试前快速复习一遍语法有助于我们避免常见的错误。,repaso_1.jpg,考试路径|A2|n,专四,黄油,建议；劝告；指导,时间；时光；工夫,大创内容组_senses_table_tem4 7.16.xlsx
responder,v,n/a,A2,1,,回答；答复；回应,,Tienes que responder todas las preguntas del examen en exactamente dos horas.,你必须在整整两个小时内回答完试卷上的所有问题。,responder_1.jpg,考试路径|A2|v,专四,跟随；跟着；追随,火柴,死；逝世；结束；消逝；渴望；酷爱,大创内容组_senses_table_tem4 7.17.xlsx
resumen,n,m,A2,1,,摘要；概要,,Primero leo el texto completo y luego escribo un resumen sin copiar frases largas del original.,我先通读全文，再写摘要，并且不照抄原文长句。,resumen_1.jpg,考试路径|A2|n,专四,吃；吃饭；用餐,穿上；戴上,市长；镇长,大创内容组_senses_table_tem4_with_images.xlsx
reunión,n,f,A2,1,,会议；聚会,,La reunión del club de español se celebra todos los jueves en el aula 302.,西语俱乐部会议每周四在302教室举行。,reunion_1.jpg,考试路径|A2|n,专四,同一个的；相同的,点燃；打开（电器）,小写字母,大创内容组_senses_table_tem4 7.20.xlsx
ruido,n,m,A2,1,,噪音；声响,,No soporto el ruido de las obras mientras estudio para los exámenes finales.,我受不了备考期末时工地传来的噪音。,ruido_1.jpg,考试路径|A2|n,专四,搞错；弄错,旅行；旅程,自由的；不受约束的；空闲的,大创内容组_senses_table_tem4 7.20.xlsx
rápido,adj,n/a,A2,1,,快的；迅速的；敏捷的,,Mi compañero de clase es muy rápido para responder las preguntas del profesor.,我的同学回答老师的问题非常快。,rapido_1.jpg,考试路径|A2|adj,专四,中午；正午,成熟的；成年的,疲倦；厌烦,大创内容组_senses_table_tem4 7.17.xlsx
rápido,adv,n/a,A2,2,,快速地；迅速地,,"Si no corremos rápido, llegaremos tarde a la clase de conversación.",如果我们不快点跑，口语课就要迟到了。,rapido_2.jpg,考试路径|A2|adv,专四,乘客；旅客,舞蹈,平静的；安静的,大创内容组_senses_table_tem4 7.17.xlsx
saber,v,n/a,A2,1,,知道；了解；得知,,¿Sabes dónde está la biblioteca principal de nuestra universidad nueva?,你知道我们新校区的主图书馆在哪里吗？,saber_1.jpg,考试路径|A2|v,专四,胡须；下巴,工作；职业；就业,差异；区别；差额,大创内容组_senses_table_tem4 7.17.xlsx
saber,v,n/a,A2,2,,会；懂得；掌握,,Ella sabe hablar tres idiomas extranjeros con mucha fluidez y naturalidad.,她能非常流利自然地说三门外语。,saber_2.jpg,考试路径|A2|v,专四,爱上；喜欢上,穿上；戴上,没耐心的；急躁,大创内容组_senses_table_tem4 7.17.xlsx
sabroso,adj,n/a,A2,1,,美味的；好吃的,,El gazpacho andaluz es muy sabroso y refrescante en los días de calor.,安达卢西亚凉汤在炎热的日子里非常美味又清爽。,sabroso_1.jpg,考试路径|A2|adj,专四,讨人喜欢的；亲切,害怕；吃惊,错误；过失,大创内容组_senses_table_tem4 7.20.xlsx
sacar,v,n/a,A2,1,,拿出；取出,,Saca los apuntes de la carpeta para empezar a repasar.,把笔记从文件夹拿出来开始复习。,sacar_1.jpg,考试路径|A2|v,专四,读；阅读；朗读,爱上；喜欢上,关闭；关上；合上,大创内容组_senses_table_tem4 7.19.xlsx
salado,adj,n/a,A2,1,,咸的；含盐的,,El jamón ibérico es salado pero tiene un sabor muy intenso y agradable.,伊比利亚火腿偏咸，但味道非常浓郁宜人。,salado_1.jpg,考试路径|A2|adj,专四,牙齿,丈夫,天亮；天明,大创内容组_senses_table_tem4 7.20.xlsx
salir,v,n/a,A2,1,,出去；离开；出门,,Voy a salir un rato para comprar pan y leche en la tienda de la esquina.,我要出去一会儿，去街角的商店买面包和牛奶。,salir_1.jpg,考试路径|A2|v,专四,看；看见；看到,正确的,接受；认可；同意,大创内容组_senses_table_tem4 7.17.xlsx
salud,n,f,A2,1,,健康；身体状况,,"Para mantener la salud, hay que dormir bien y hacer deporte cada semana.",要保持健康，就得睡好并且每周运动。,salud_1.jpg,考试路径|A2|n,专四,丈夫；妻子,家；家庭；住所,玩；玩耍；参加体育比赛；赌博；开玩笑,大创内容组_senses_table_tem4 7.18.xlsx
saludar,v,n/a,A2,1,,打招呼；问候；致意,,Cada mañana saludo a mis compañeros al entrar en el aula de español.,每天早晨我进西语教室时都向同学们打招呼。,saludar_1.jpg,考试路径|A2|v,专四,较好的；更好的；最好的；较好地；宁可,洗澡；沐浴；泡澡,学校,大创内容组_senses_table_tem4 7.20.xlsx
saludo,n,m,A2,1,,问候；打招呼,,Un saludo cordial a todos los compañeros que participan en el intercambio lingüístico.,向所有参加语言交换的同学们致以热情的问候。,saludo_1.jpg,考试路径|A2|n,专四,玻利维亚的；玻利维亚人,瘦的；细的；薄的,蝴蝶；飞蛾,大创内容组_senses_table_tem4 7.20.xlsx
seguir,v,n/a,A2,1,,继续；接着；持续,,Sigue estudiando español porque te hace falta mucha práctica diaria para mejorar.,继续学西班牙语吧，你需要很多日常练习才能进步。,seguir_1.jpg,考试路径|A2|v,专四,左边的；左侧的；左手；左边；左派,过分的；太,雪；积雪,大创内容组_senses_table_tem4 7.17.xlsx
seguir,v,n/a,A2,2,,跟随；跟着；追随,,Sigue a este guía y no te pierdas en el museo tan grande y lleno de salas.,跟着这位导游，别在这么大、展厅这么多的博物馆里走丢了。,seguir_2.jpg,考试路径|A2|v,专四,知道；了解；得知,旅馆；客栈,配偶的兄弟姐妹；兄弟姐妹的配偶,大创内容组_senses_table_tem4 7.17.xlsx
semáforo,n,m,A2,1,,交通信号灯,,"Al llegar al semáforo en rojo, todos los coches se detuvieron y esperaron el cambio.",到达红灯时，所有车辆都停下等待变灯。,semaforo_1.jpg,考试路径|A2|n,专四,语言；语种,面貌；外表,神奇的；奇妙的；极好的,大创内容组_senses_table_tem4 7.20.xlsx
sentarse,v,n/a,A2,1,,坐下；就座,,"Cuando entramos en el aula, todos debemos sentarnos en nuestros asientos correspondientes.",我们进教室的时候，所有人都必须坐在自己对应的座位上。,sentarse_1.jpg,考试路径|A2|v,专四,数量；数额,（大学）本科专业；学业,球；球体,大创内容组_senses_table_tem4 7.17.xlsx
septiembre,n,m,A2,1,,九月,,En septiembre volvemos a la universidad para empezar un nuevo curso.,九月我们回到大学开启新学年。,septiembre_1.jpg,考试路径|A2|n,专四,命令；委托；委派；寄发,丑的；糟糕的；丑恶的,等待；等候；等,大创内容组_senses_table_tem4 7.18.xlsx
serio,adj,n/a,A2,1,,认真的；严肃,,Mi tutor es serio con los ensayos que entregamos cada mes.,导师对我们每月提交的论文要求十分严格认真。,serio_1.jpg,考试路径|A2|adj,专四,那个（远指）,邀请；请客,外国的；外国人；外国；国外,大创内容组_senses_table_tem4 7.18.xlsx
silencio,n,m,A2,1,,安静；沉默,,En la biblioteca reina un silencio absoluto que permite concentrarse en la lectura.,图书馆里一片绝对的安静，让人能专心阅读。,silencio_1.jpg,考试路径|A2|n,专四,长的；长久的；长度,大写字母,自然；大自然；本性,大创内容组_senses_table_tem4 7.20.xlsx
silla,n,f,A2,1,,椅子；座椅,,Siéntate en esta silla y espera un momento a que termine la reunión de clase.,你坐在这把椅子上等一会儿，等班会结束。,silla_1.jpg,考试路径|A2|n,专四,窗帘,聪明的,历史；故事；经历,大创内容组_senses_table_tem4 7.18.xlsx
simpático,adj,n/a,A2,1,,讨人喜欢的；亲切,,Mi compañero de piso es muy simpático y siempre me ayuda con el vocabulario.,我的室友十分亲切，总会帮我梳理单词。,simpatico_1.jpg,考试路径|A2|adj,专四,旅行；旅程,八月,大象,大创内容组_senses_table_tem4 7.18.xlsx
solución,n,f,A2,1,,解决方案；解答；办法,,La solución del ejercicio de traducción está al final del libro de texto.,翻译练习的解答在教科书的末尾。,solucion_1.jpg,考试路径|A2|n,专四,唇；嘴唇,课；课程；班级,站台（火车站/地铁）,大创内容组_senses_table_tem4 7.19.xlsx
sur,n,m,A2,1,,南方；南边,,El sur de España tiene un clima mucho más cálido todo el año.,西班牙南部全年气候温暖很多。,sur_1.jpg,考试路径|A2|n,专四,戏剧；剧院；舞台,沙漠,书；书籍；著作,大创内容组_senses_table_tem4 7.18.xlsx
suspender,v,n/a,A2,1,,不及格；挂科,,"Suspendí el primer parcial, pero con tutorías y más práctica de escritura mejoré mucho en el final.",第一次期中我挂了，但通过辅导和更多写作练习，期末进步很大。,suspender_1.jpg,考试路径|A2|v,专四,袖子,文化,有耐心的；忍耐,大创内容组_senses_table_tem4_with_images.xlsx
sábado,n,m,A2,1,,周六,,Los sábados salimos a practicar el idioma en la ciudad.,每周六我们出城练习西班牙语。,sabado_1.jpg,考试路径|A2|n,专四,漂亮的；好看的,希望；想要,暖气；供暖,大创内容组_senses_table_tem4 7.18.xlsx
teatro,n,m,A2,1,,戏剧；剧院；舞台,,"El teatro español tiene una tradición muy larga, desde la época del Siglo de Oro español.",西班牙戏剧有着从黄金时代就开始的悠久传统。,teatro_1.jpg,考试路径|A2|n,专四,坏的；不好的；糟糕的；差的,聪明的；机灵的；准备好的,菜单,大创内容组_senses_table_tem4 7.18.xlsx
teléfono,n,m,A2,1,,手机；电话机,,Déjame tu número de teléfono para quedar y estudiar juntos el fin de semana.,把你电话号码给我吧，周末我们约着一起学习。,telefono_1.jpg,考试路径|A2|n,专四,楼梯,打开；开启；翻开,警察；警方,大创内容组_senses_table_tem4 7.18.xlsx
tema,n,m,A2,1,,主题；题目；话题,,El tema de nuestro trabajo de fin de curso es la cultura española contemporánea actual.,我们期末作业的主题是当代西班牙文化。,tema_1.jpg,考试路径|A2|n,专四,跑；奔跑；跑步,开心的；幸福的,数学,大创内容组_senses_table_tem4 7.18.xlsx
temperatura,n,f,A2,1,,温度；气温,,La temperatura media en esta ciudad es de veinte grados durante todo el año.,这座城市全年平均气温为二十度。,temperatura_1.jpg,考试路径|A2|n,专四,虾,玩具；玩物,能够；可以；会,大创内容组_senses_table_tem4 7.20.xlsx
tener,v,n/a,A2,1,,有；拥有；持有,,Yo tengo dos libros de gramática española y uno de vocabulario.,我有两本西班牙语语法书和一本词汇书。,tener_1.jpg,义项包|考试路径|A2|v,专四,钱；金钱；资金,机场,拿出；取出,大创内容组_senses_table_tem4 7.17.xlsx
tener,v,n/a,A2,2,,感到；处于某种状态；年龄,,Todos los estudiantes tienen mucha hambre después de las clases de la mañana.,所有学生上午的课结束后都感到非常饿。,tener_2.jpg,考试路径|A2|v,专四,面貌；外表,船；舰,行李箱；手提箱,大创内容组_senses_table_tem4 7.17.xlsx
terminar,v,n/a,A2,1,,结束；完成；终止,,Voy a terminar este trabajo antes de las seis de la tarde de este mismo día.,我会在今天下午六点之前完成这项工作。,terminar_1.jpg,考试路径|A2|v,专四,成熟的；成年的,教师；教授（大学）,领导人；主任；导演,大创内容组_senses_table_tem4 7.17.xlsx
tiempo,n,m,A2,1,,时间；时光；工夫,,No tengo mucho tiempo libre esta semana por los exámenes finales de la universidad.,这周期末考试我没什么空闲时间。,tiempo_1.jpg,考试路径|A2|n,专四,大道；宽阔主干道,形式；形状；外形；方式,关掉；熄灭（灯/火）,大创内容组_senses_table_tem4 7.17.xlsx
tiempo,n,m,A2,2,,天气；气象,,"El tiempo hoy es muy bueno, vamos a dar un paseo por el parque cercano a casa.",今天天气很好，我们去家附近的公园散散步吧。,tiempo_2.jpg,考试路径|A2|n,专四,发生；出现；到来,沙子；沙土,帮助；好处；恩惠；宠爱,大创内容组_senses_table_tem4 7.17.xlsx
tienda,n,f,A2,1,,商店；店铺,,Hay una tienda de productos ecológicos cerca de mi casa donde compro fruta.,我家附近有一家有机食品店，我在那里买水果。,tienda_1.jpg,考试路径|A2|n,专四,听；听到；听见,搞错；弄错,德国的；德国人；德语,大创内容组_senses_table_tem4 7.20.xlsx
tocar,v,n/a,A2,1,,触摸；触碰；摸,,No toques ese jarrón de cristal porque es muy frágil y se puede romper fácilmente.,别碰那个玻璃花瓶，它很脆弱，特别容易碎。,tocar_1.jpg,考试路径|A2|v,专四,位于；处于；身在,地点；地方；位置,字母表,大创内容组_senses_table_tem4 7.17.xlsx
trabajador,n,n/a,A2,1,,工人；劳动者；工作者,,Los trabajadores de esta empresa tienen vacaciones de un mes cada año.,这家公司的员工每年有一个月的假期。,trabajador_1.jpg,考试路径|A2|n,专四,兴趣；关注,玩；玩耍；参加体育比赛；赌博；开玩笑,十月,大创内容组_senses_table_tem4 7.19.xlsx
trabajar,v,n/a,A2,1,,工作；劳动；上班,,Mi padre trabaja en una empresa de informática desde hace más de diez años.,我父亲在一家 IT 公司工作已经十多年了。,trabajar_1.jpg,义项包|考试路径|A2|v,专四,笛子,底部；深处,线；排；列；字行；路线,大创内容组_senses_table_tem4 7.17.xlsx
trabajo,n,m,A2,1,,工作；职业；活儿,,Mi hermano encontró un trabajo muy bueno en una empresa internacional de la ciudad de Madrid.,我哥哥在马德里市的一家跨国公司找到了一份很好的工作。,trabajo_1.jpg,考试路径|A2|n,专四,瘦的；细的；薄的,地址,增加；增长；提高,大创内容组_senses_table_tem4 7.17.xlsx
traer,v,n/a,A2,1,,带来；拿来；携来,,"Por favor, trae tu cuaderno de apuntes a la clase de conversación de mañana.",请你明天上会话课的时候把笔记本带来。,traer_1.jpg,考试路径|A2|v,专四,木材；木料,复制；抄写,语言；语种,大创内容组_senses_table_tem4 7.17.xlsx
tranquilo,adj,n/a,A2,1,,平静的；安静的,,Busco un rincón tranquilo de la biblioteca para repasar mis apuntes sin ruido.,我找图书馆一处安静角落，不受打扰地复习笔记。,tranquilo_1.jpg,考试路径|A2|adj,专四,脖子,日本的；日本人；日语,老板；上司；主管,大创内容组_senses_table_tem4 7.18.xlsx
triste,adj,n/a,A2,1,,难过的；悲伤的,,Me pongo triste cuando no consigo aprobar un examen después de mucho estudio.,努力学习却没能通过考试时，我会感到难过。,triste_1.jpg,考试路径|A2|adj,专四,过分的；太,公园；园区,腕；手腕,大创内容组_senses_table_tem4 7.18.xlsx
turista,n,n/a,A2,1,,游客；旅游者,,Cada año llegan millones de turistas a España para disfrutar de su cultura y su clima.,每年有数百万游客来到西班牙享受其文化和气候。,turista_1.jpg,考试路径|A2|n,专四,噪音；声响,电影；影片；胶卷,页；页面；张,大创内容组_senses_table_tem4 7.20.xlsx
tímido,adj,n/a,A2,1,,害羞的；腼腆,,Mi compañero es tímido y no le gusta hablar en público con extraños.,我的同学很腼腆，不喜欢当众和陌生人说话。,timido_1.jpg,考试路径|A2|adj,专四,拿走；去掉；移除,数据；资料,体育运动,大创内容组_senses_table_tem4 7.18.xlsx
título,n,m,A2,1,,标题；题目；头衔,,¿Cuál es el título de la película que vimos el fin de semana pasado juntos en el cine?,我们上周末一起在电影院看的那部电影叫什么名字来着？,titulo_1.jpg,考试路径|A2|n,专四,约定；碰面；约好,节；盛会；会演,翼；翅膀,大创内容组_senses_table_tem4 7.18.xlsx
usar,v,n/a,A2,1,,使用；运用,,Uso este método para aprender verbos irregulares.,我用这个方法学习不规则动词。,usar_1.jpg,考试路径|A2|v,专四,昆虫,向后；朝后；在后边；以前（时间上）,吃；吃饭；用餐,大创内容组_senses_table_tem4 7.19.xlsx
vacaciones,n,f,A2,1,,假期；休假,,Las vacaciones de verano duran dos meses para los estudiantes universitarios.,大学生的暑假有两个月长。,vacaciones_1.jpg,考试路径|A2|n,专四,在上面；身上,课程；科目,复习,大创内容组_senses_table_tem4 7.19.xlsx
valle,n,m,A2,1,,山谷；谷地,,El valle del Jerte es famoso por sus cerezos en flor durante la primavera.,赫尔特山谷以其春天的樱桃花而闻名。,valle_1.jpg,考试路径|A2|n,专四,特别的；特殊的,讨论；争论,美洲的；美洲人；美国的；美国人,大创内容组_senses_table_tem4 7.20.xlsx
vendedor,n,n/a,A2,1,,售货员；卖方,,El vendedor me ofreció probar el queso antes de comprarlo.,售货员让我在购买之前先品尝一下奶酪。,vendedor_1.jpg,考试路径|A2|n,专四,环境；氛围,时间；时光；工夫,刀,大创内容组_senses_table_tem4 7.20.xlsx
venir,v,n/a,A2,1,,来；来到；过来,,Mi profesor viene a clase todos los días a las 8 de la mañana puntualmente.,我的老师每天早上 8 点准时来上课。,venir_1.jpg,义项包|考试路径|A2|v,专四,数学,大西洋的,饼干；松糕,大创内容组_senses_table_tem4 7.17.xlsx
venir,v,n/a,A2,2,,发生；出现；到来,,"Cuando viene el examen final, todos los estudiantes estudian muy duro.",期末考试到来的时候，所有学生都非常努力地学习。,venir_2.jpg,考试路径|A2|v,专四,整理；安排,十月,市场；集市,大创内容组_senses_table_tem4 7.17.xlsx
ver,v,n/a,A2,1,,看；看见；看到,,"Cuando camino por la calle, veo muchos carteles en español en las tiendas.",我在街上走的时候，能看到商店里很多西班牙语的标语。,ver_1.jpg,义项包|考试路径|A2|v,专四,睡觉；入睡；休眠,糖果；糖块,美味的；好吃的,大创内容组_senses_table_tem4 7.17.xlsx
ver,v,n/a,A2,2,,拜访；看望；探望,,Este fin de semana voy a ver a mi abuela que vive en el pueblo cercano.,这个周末我要去看望住在附近小镇的奶奶。,ver_2.jpg,考试路径|A2|v,专四,推；推动,记录；记下,认为；以为,大创内容组_senses_table_tem4 7.17.xlsx
vestirse,v,n/a,A2,1,,穿衣服；穿衣；打扮,,Los niños se visten solos antes de ir al colegio todas las mañanas de semana.,孩子们每个上学日的早上都自己穿衣服。,vestirse_1.jpg,考试路径|A2|v,专四,哭；流泪；伤心,丑的；糟糕的；丑恶的,照相机；摄像机,大创内容组_senses_table_tem4 7.17.xlsx
viajar,v,n/a,A2,1,,旅行；出行,,Me encanta viajar por América Latina para conocer su cultura y su gente.,我喜欢去拉丁美洲旅行，了解那里的文化和人民。,viajar_1.jpg,考试路径|A2|v,专四,生物学,跑；奔跑；跑步,寻找；寻求；查找,大创内容组_senses_table_tem4 7.20.xlsx
viaje,n,m,A2,1,,旅行；旅程,,El viaje de Madrid a Barcelona dura aproximadamente dos horas y media en tren.,从马德里到巴塞罗那的火车旅程大约两个半小时。,viaje_1.jpg,考试路径|A2|n,专四,目录；表格；名单；清单,在上面；身上,词典,大创内容组_senses_table_tem4 7.20.xlsx
viento,n,m,A2,1,,风；气流,,El viento fuerte derribó algunos árboles y ramas durante la noche.,夜间强风刮倒了一些树木和树枝。,viento_1.jpg,考试路径|A2|n,专四,那个（远指，形容词）,友善的；和蔼,墨西哥的；墨西哥人,大创内容组_senses_table_tem4 7.20.xlsx
vivir,v,n/a,A2,1,,居住；住在；生活,,Mis abuelos viven en un pueblo pequeño muy bonito cerca de la montaña.,我的祖父母住在山边一个非常美丽的小镇上。,vivir_1.jpg,义项包|考试路径|A2|v,专四,哎呀！(表示痛苦、惊吓、遗憾等),乘客；旅客,房子；房屋；建筑,大创内容组_senses_table_tem4 7.17.xlsx
vocabulario,n,m,A2,1,,词汇,,Ampliar el vocabulario te ayuda a entender mejor las noticias y a expresarte con más precisión.,扩大词汇量能帮你更好地读懂新闻，并更准确地表达自己。,vocabulario_1.jpg,考试路径|A2|n,专四,热；炎热,画；图画；场面,英国的；英国人；英语,大创内容组_senses_table_tem4_with_images.xlsx
árabe,n,n/a,A2,1,,阿拉伯的；阿拉伯人；阿拉伯语,,Mi compañero de clase es árabe y nos enseña palabras en su idioma cada día.,我的同班同学是阿拉伯人，他每天教我们一些他语言里的词汇。,arabe_1.jpg,考试路径|A2|n,专四,盒子；箱子；保险柜,使费力；使困难（搭配me/te等）,带；携带；随身带,大创内容组_senses_table_tem4 7.31.xlsx
árbol,n,m,A2,1,,树,,Los árboles del parque universitario ofrecen sombra y frescor durante el verano.,大学公园里的树在夏天提供树荫和凉爽。,arbol_1.jpg,考试路径|A2|n,专四,冷；寒冷,光；光线；灯；光明,数字；号码,大创内容组_senses_table_tem4 7.31.xlsx
ése,pron,n/a,A2,1,,那个（远指，代词）,,Ése es el estudiante que ganó el concurso de poesía en español.,那个就是赢得西班牙语诗歌比赛的学生。,ese_pron_1.jpg,考试路径|A2|pron,专四,故事；短篇小说；童话,游客；旅游者,工作；职业；就业,大创内容组_senses_table_tem4 9.16.xlsx
abogado,n,n/a,B1,1,,律师,,Mi tía es abogada y se dedica a los casos de derecho laboral.,我姑姑是律师，专门处理劳动法相关的案件。,abogado_1.jpg,考试路径|B1|n,专四,温和的；不冷不热的,吃点心；吃下午茶,缺席的；缺席者,大创内容组_senses_table_tem4 7.19.xlsx
acampar,v,n/a,B1,1,,露营；扎营,,Decidimos acampar en la montaña para disfrutar del paisaje natural sin ruido de ciudades.,我们决定在山里露营，享受没有城市噪音的自然风光。,acampar_1.jpg,考试路径|B1|v,专四,泥土；泥巴,文学的,领导人；负责人,大创内容组_senses_table_tem4 7.20.xlsx
acercar,v,n/a,B1,1,,挪近；使靠近,,Acerca el diccionario para leer mejor las definiciones.,把词典挪近方便看释义。,acercar_1.jpg,考试路径|B1|v,专四,相互的,资产阶级,使就坐；安排就座,大创内容组_senses_table_tem4 7.19.xlsx
acompañante,n,n/a,B1,1,,陪同者；同行人,,Viajar con un acompañante hace que el trayecto sea más entretenido y seguro.,和同行人一起旅行让旅程更有趣也更安全。,acompanante_1.jpg,考试路径|B1|n,专四,观赏；欣赏,文章；（报刊）文章,法律；法学,大创内容组_senses_table_tem4 7.20.xlsx
acordarse,v,n/a,B1,1,,想起（固定搭配 de）,,Me acuerdo perfectamente de todos estos verbos.,我清清楚楚记得所有这些动词。,acordarse_1.jpg,考试路径|B1|v,专四,走；行军；运转；进展；离开,使变容易；提供,疲劳；呼吸困难,大创内容组_senses_table_tem4 7.19.xlsx
afirmar,v,n/a,B1,1,,肯定；断言,,El profesor afirma que la práctica diaria es más importante que estudiar muchas horas de golpe.,老师断言，每日练习比一次性学习很多个小时更重要。,afirmar_1.jpg,考试路径|B1|v,专四,完成；实现,山；山林,开始；着手进行（事业/旅程）,大创内容组_senses_table_tem4 7.20.xlsx
agente,n,n/a,B1,1,,代理人；经纪人,,Su agente literario negoció el contrato para publicar su primera novela en español.,他的文学经纪人为他谈判了出版第一本西语小说的合同。,agente_1.jpg,考试路径|B1|n,专四,气氛；氛围,暴风雪；大风雪,绣；刺绣,大创内容组_senses_table_tem4 7.19.xlsx
agradecer,v,n/a,B1,1,,感谢；感激,,Quiero agradecer a mi tutor todo el apoyo que me ha ofrecido durante el año.,我想感谢导师在这一年里给予我的所有支持。,agradecer_1.jpg,考试路径|B1|v,专四,昏迷；晕倒,轴；轴线；中心,冠军,大创内容组_senses_table_tem4 7.20.xlsx
ahorro,n,m,B1,1,,节省；节约,,El ahorro de energía es fundamental para proteger el medio ambiente del planeta.,节约能源对于保护地球环境至关重要。,ahorro_1.jpg,考试路径|B1|n,专四,部长；大臣,演变；发展；进化,恐惧；惊慌,大创内容组_senses_table_tem4 7.30.xlsx
ahorro,n,m,B1,2,,积蓄；存款,,"Con sus ahorros de todo el año, pudo comprar un ordenador nuevo para la universidad.",用一整年的积蓄，他买了一台上大学用的新电脑。,ahorro_2.jpg,考试路径|B1|n,专四,宫廷；皇室,海的；海洋的,丑闻；风波,大创内容组_senses_table_tem4 7.30.xlsx
aire,n,m,B1,2,,外表；神态；样子,,Tiene un aire muy seguro de sí mismo cuando habla en público delante de todos.,他在所有人面前公开讲话时，给人一种非常自信的样子。,aire_2.jpg,考试路径|B1|n,专四,使冷却；变凉,（大学）学院,叫喊；感叹,大创内容组_senses_table_tem4 7.30.xlsx
aislar,v,n/a,B1,1,,隔离；隔绝,,El médico recomendó aislar al paciente para evitar que contagie a los demás enfermos.,医生建议隔离该患者，以免传染给其他病人。,aislar_1.jpg,考试路径|B1|v,专四,发票；账单,王冠；皇冠,同事；同僚,大创内容组_senses_table_tem4 7.30.xlsx
aislarse,v,n/a,B1,1,,脱离；孤立,,El estudiante se aisló de sus compañeros durante semanas para concentrarse en los exámenes.,这个学生几周以来都脱离同学，以便专注于考试。,aislarse_1.jpg,考试路径|B1|v,专四,一般的；总体的；普遍的,运动的；体育的,拆开；拆散,大创内容组_senses_table_tem4 7.30.xlsx
ajeno,adj,n/a,B1,1,,别人的；他人的,,No debes tomar las cosas ajenas sin permiso porque eso es una falta de respeto.,未经允许你不应该拿别人的东西，因为那是不尊重的行为。,ajeno_1.jpg,考试路径|B1|adj,专四,透镜；镜片；眼镜,不规则的；无规律的,中等的；中间的；一般的,大创内容组_senses_table_tem4 7.30.xlsx
ajeno,adj,n/a,B1,2,,无关的；不相干的,,"Este problema es ajeno a la asignatura de literatura, así que no lo vamos a tratar.",这个问题与文学课无关，所以我们不打算讨论它。,ajeno_2.jpg,考试路径|B1|adj,专四,影响；作用于,哭；哭泣,培训；能力培养,大创内容组_senses_table_tem4 7.30.xlsx
ajustar,v,n/a,B1,1,,使适合；使协调,,El profesor ajustó el nivel de las clases según el conocimiento de los estudiantes.,老师根据学生的知识水平调整了课程的难度等级。,ajustar_1.jpg,考试路径|B1|v,专四,非凡的；罕见的；特别的,采访；面试,以…为食；汲取营养,大创内容组_senses_table_tem4 7.30.xlsx
ajustarse,v,n/a,B1,1,,适应（搭配 a）,,Los nuevos estudiantes se ajustan rápidamente al ritmo de vida universitario.,新生很快适应了大学生活的节奏。,ajustarse_1.jpg,考试路径|B1|v,专四,回声；反响；余音,本质的；基本的；必要的,思考；反思；沉思,大创内容组_senses_table_tem4 7.30.xlsx
ajá,int,n/a,B1,1,,啊哈（表示满意、赞同、惊讶等）,,¡Ajá! Ahora entiendo cómo funciona esta regla gramatical tan complicada.,啊哈！现在我明白这个这么复杂的语法规则是怎么运作的了。,aja_1.jpg,考试路径|B1|int,专四,危机；拮据；困难时期,拼写,义务；责任；职责,大创内容组_senses_table_tem4 7.30.xlsx
alabar,n,n/a,B1,1,,赞扬；称赞,,El profesor alabó el esfuerzo de todos los alumnos por su excelente trabajo en grupo.,老师赞扬了所有学生小组作业的出色表现和努力付出。,alabar_1.jpg,考试路径|B1|n,专四,暗示；影射；提到,花蕾；芽（植物）,受教育；培养,大创内容组_senses_table_tem4 7.30.xlsx
alambre,n,m,B1,1,,金属丝；铁丝；电线,,El electricista usó un alambre de cobre para conectar el interruptor de la luz.,电工用一根铜线连接电灯开关。,alambre_1.jpg,考试路径|B1|n,专四,军事的；军队的；军人,极好的；额外的,摆脱；处理掉,大创内容组_senses_table_tem4 7.30.xlsx
alargar,v,n/a,B1,1,,拉长；延长,,El profesor decidió alargar la clase quince minutos para terminar la explicación.,老师决定把课延长十五分钟，以完成讲解。,alargar_1.jpg,考试路径|B1|v,专四,强盗；土匪；坏蛋,狡猾的；精明的,教育；训练；学问；指示；指令,大创内容组_senses_table_tem4 7.30.xlsx
alargar,v,n/a,B1,2,,加长（物体）,,El modista alargó el vestido añadiendo un volante en la parte inferior de la falda.,裁缝在裙子下摆加了一道荷叶边，把裙子加长了。,alargar_2.jpg,考试路径|B1|v,专四,节省；节约,提前（搭配 con）,麻醉,大创内容组_senses_table_tem4 7.30.xlsx
alargarse,v,n/a,B1,1,,离开；走开,,Se alargó del grupo sin decir nada y nadie supo dónde había ido.,他什么也没说就离开了小组，没有人知道他去哪里了。,alargarse_1.jpg,考试路径|B1|v,专四,美学的；美的,体面的；得体的,不友善的；讨人厌,大创内容组_senses_table_tem4 7.30.xlsx
alarma,n,f,B1,1,,警报；警铃,,La alarma del edificio sonó cuando alguien abrió la puerta de emergencia sin permiso.,有人未经许可打开紧急出口门时，大楼的警报响了。,alarma_1.jpg,考试路径|B1|n,专四,扔；抛；发射；发出,带子；带状物,有文化的；有教养的,大创内容组_senses_table_tem4 7.30.xlsx
alarma,n,f,B1,2,,恐惧；惊慌,,La noticia del terremoto causó alarma entre todos los habitantes de la ciudad costera.,地震的消息引起了沿海城市所有居民的惊慌。,alarma_2.jpg,考试路径|B1|n,专四,团体；同盟；联赛,箭；箭状物,散布；传开,大创内容组_senses_table_tem4 7.30.xlsx
alcanzar,v,n/a,B1,1,,达到；实现；够到,,"Con esfuerzo constante, puedes alcanzar un nivel avanzado de español en dos años.",通过持续的努力，你能在两年内达到高级西班牙语水平。,alcanzar_1.jpg,考试路径|B1|v,专四,海的；海洋的,分开；拆分,编年史；记录,大创内容组_senses_table_tem4 7.19.xlsx
alcohol,n,m,B1,1,,酒精（化学物）；烈性酒；含酒精饮品,,El alcohol es un producto muy útil para desinfectar heridas y superficies contaminadas.,酒精是消毒伤口和污染表面非常有用的产品。,alcohol_1.jpg,考试路径|B1|n,专四,养育；抚养,提供；贡献,值得的；相配的,大创内容组_senses_table_tem4 7.30.xlsx
alejar,v,n/a,B1,1,,使远离；使疏远,,El mal entendido alejó a los dos amigos que antes eran inseparables.,误会疏远了两个以前形影不离的朋友。,alejar_1.jpg,考试路径|B1|v,专四,体育场；运动场,地狱,凭空想象的；极好的,大创内容组_senses_table_tem4 7.30.xlsx
alejarse,v,n/a,B1,1,,远离；避开,,Aléjate del ruido si quieres concentrarte.,想要专心就远离嘈杂的地方。,alejarse_1.jpg,考试路径|B1|v,专四,粗鲁的；未加工的,谋杀；暗杀,危机；拮据；困难时期,大创内容组_senses_table_tem4 7.19.xlsx
algodonero,n,n/a,B1,1,,棉花的；棉农；棉商,,La industria algodonera es muy importante para la economía de muchas regiones del mundo.,棉花工业对世界许多地区的经济都非常重要。,algodonero_1.jpg,考试路径|B1|n,专四,代表,古老；古代（历史时期）,扩大；放大,大创内容组_senses_table_tem4 7.30.xlsx
algodón,n,m,B1,1,,棉；棉花,,"La camiseta está hecha de algodón orgánico, por eso es tan suave y cómoda.",这件T恤是用有机棉制成的，所以如此柔软舒适。,algodon_1.jpg,考试路径|B1|n,专四,确认；证实,施舍,明显的,大创内容组_senses_table_tem4 7.30.xlsx
alianza,n,f,B1,1,,联盟；联合,,La alianza entre las dos universidades permitió crear un programa de intercambio muy exitoso.,两所大学的联盟使得创建一个非常成功的交换项目成为可能。,alianza_1.jpg,考试路径|B1|n,专四,匆忙；仓促行事,飞行员；驾驶员,减少；减弱；缩小,大创内容组_senses_table_tem4 7.30.xlsx
aliento,n,m,B1,1,,呼吸；气息,,Corrió tan rápido que perdió el aliento y tuvo que detenerse unos segundos.,他跑得太快了，喘不过气来，不得不停下来几秒钟。,aliento_1.jpg,考试路径|B1|n,专四,晾晒；挂,开始；开创,（器具等的）一套；组,大创内容组_senses_table_tem4 7.30.xlsx
alimentar,v,n/a,B1,1,,喂养；供给食物,,Es necesario alimentar a los animales del zoológico con una dieta equilibrada y variada.,需要用均衡多样的饮食来喂养动物园里的动物。,alimentar_1.jpg,考试路径|B1|v,专四,收款处；收银台,宣布；声明；申报,拴；系；捆,大创内容组_senses_table_tem4 7.30.xlsx
alimentarse,v,n/a,B1,1,,以…为食；汲取营养,,Los estudiantes deben alimentarse bien para tener energía suficiente durante todo el día de clases.,学生们应该吃好，以便在整个上课日都有足够的精力。,alimentarse_1.jpg,考试路径|B1|v,专四,弄直；扶直,（口译）翻译；表演,野兽,大创内容组_senses_table_tem4 7.30.xlsx
alma,n,f,B1,1,,灵魂；心灵,,La música tiene el poder de llegar al alma y transmitir emociones sin necesidad de palabras.,音乐有能力触及灵魂，无需言语就能传递情感。,alma_1.jpg,考试路径|B1|n,专四,记者；新闻工作者,团体；同盟；联赛,敌人；敌对的,大创内容组_senses_table_tem4 7.30.xlsx
almacenamiento,n,m,B1,1,,存入仓库；库存；存储,,El almacenamiento de datos en la nube es muy útil para los estudiantes universitarios.,云端数据存储对大学生非常有用。,almacenamiento_1.jpg,考试路径|B1|n,专四,规模；大小；维度,门徒；学生,线的；线形的,大创内容组_senses_table_tem4 7.30.xlsx
almacén,n,m,B1,1,,仓库；大型商店,,"El almacén del barrio vende de todo: ropa, calzado y productos para el hogar.",街区的百货商店什么都卖：衣服、鞋子和家居用品。,almacen_1.jpg,考试路径|B1|n,专四,庆祝；纪念；招待,它；这（中性）,模子；模型；铸模；楷模,大创内容组_senses_table_tem4 7.20.xlsx
almanaque,n,m,B1,1,,日历；历书；年鉴,,Consulté el almanaque para saber qué día caía el primer día de primavera este año.,我查阅了日历，想知道今年春分是哪一天。,almanaque_1.jpg,考试路径|B1|n,专四,区别；差别,移动；挪动,人物；角色；名人,大创内容组_senses_table_tem4 7.30.xlsx
alojamiento,n,m,B1,1,,住宿；住所,,Buscamos un alojamiento barato cerca de la playa para pasar las vacaciones de verano.,我们找海滩附近便宜的住宿来度暑假。,alojamiento_1.jpg,考试路径|B1|n,专四,互动；相互影响,行走；行军；出发；进展,工程；工程学,大创内容组_senses_table_tem4 7.20.xlsx
alojar,v,n/a,B1,1,,留宿；接纳住宿,,El hotel puede alojar hasta doscientas personas durante la temporada turística.,这家酒店在旅游旺季可以容纳多达两百人住宿。,alojar_1.jpg,考试路径|B1|v,专四,船；舰；厂房；库房,提前（搭配 con）,冠军,大创内容组_senses_table_tem4 7.30.xlsx
alojarse,v,n/a,B1,1,,住宿；寄宿,,"Durante el viaje de estudios, nos alojamos en una residencia universitaria cerca del centro.",游学旅行期间，我们住在市中心附近的一所大学宿舍里。,alojarse_1.jpg,考试路径|B1|v,专四,喊叫；大声说话,提交；交作业,脊背；背部,大创内容组_senses_table_tem4 7.30.xlsx
alquilar,v,n/a,B1,1,,租借；租赁,,Vamos a alquilar un piso cerca del metro para ahorrar tiempo en el trayecto a la facultad.,我们打算在地铁附近租房，以节省去学院路上的时间。,alquilar_1.jpg,考试路径|B1|v,专四,英里；海里,公正；正义；司法权；司法机关,宽恕；原谅,大创内容组_senses_table_tem4_with_images.xlsx
alrededor,adv,n/a,B1,2,,大约,,"El examen de español durará alrededor de dos horas y media, así que prepárate bien.",西班牙语考试将持续大约两个半小时，所以你要好好准备。,alrededor_2.jpg,考试路径|B1|adv,专四,不公正；不合理；不公道,创造；创建；创作,吸气；启发；激发；产生灵感,大创内容组_senses_table_tem4 7.30.xlsx
alrededor,n,n/a,B1,3,,附近；近郊,,"Vivo en los alrededores de la universidad, así que puedo ir caminando a clase cada día.",我住在大学附近，所以每天可以走去上课。,alrededor_3.jpg,考试路径|B1|n,专四,铭刻；登记；注册；报名,批评的；评论的；评论家；批评家,判决,大创内容组_senses_table_tem4 7.30.xlsx
altar,n,m,B1,1,,祭坛（宗教）,,El altar de la catedral está decorado con flores y velas para la celebración religiosa.,大教堂的祭坛上装饰着鲜花和蜡烛，为宗教庆典做准备。,altar_1.jpg,考试路径|B1|n,专四,微风；轻风,自由；无拘束,陈列；展览,大创内容组_senses_table_tem4 7.30.xlsx
alternar,v,n/a,B1,1,,使交替；轮流,,"Para no cansarnos, alternamos ejercicios de lectura con actividades de conversación oral.",为了不感到疲惫，我们交替进行阅读练习和口语会话活动。,alternar_1.jpg,考试路径|B1|v,专四,义务；责任；职责,庆祝；纪念；招待,好啊！太棒了！,大创内容组_senses_table_tem4 7.30.xlsx
aludir,v,n/a,B1,1,,暗示；影射；提到,,El profesor aludió a la importancia de la lectura diaria sin mencionarla directamente.,老师暗示了每日阅读的重要性，但没有直接提到它。,aludir_1.jpg,考试路径|B1|v,专四,成熟；成年,曲线,难以忍受的,大创内容组_senses_table_tem4 7.30.xlsx
aluminio,n,m,B1,1,,铝,,Las latas de aluminio se pueden reciclar fácilmente para reducir la contaminación ambiental.,铝罐可以轻松回收利用，以减少环境污染。,aluminio_1.jpg,考试路径|B1|n,专四,考试；测验,细雨；毛毛雨,长；长度,大创内容组_senses_table_tem4 7.30.xlsx
alza,n,f,B1,1,,上涨；涨价（尤指价格）,,El alza del precio del aceite de oliva ha afectado a muchos consumidores españoles.,橄榄油价格的上涨已经影响了许多西班牙消费者。,alza_1.jpg,考试路径|B1|n,专四,爆裂；爆炸；爆发,粗鲁愚蠢的人（比喻义）,狡猾的；精明的,大创内容组_senses_table_tem4 7.30.xlsx
alzar,v,n/a,B1,1,,举起；抬起；提高,,Los manifestantes alzaron sus carteles para reclamar mejores condiciones laborales.,示威者们举起标语牌，要求改善工作条件。,alzar_1.jpg,考试路径|B1|v,专四,下面的；差的；少的；下级；部下,高达；耸立,游行；列队行进,大创内容组_senses_table_tem4 7.30.xlsx
alzarse,v,n/a,B1,1,,站起；起身,,"Cuando el profesor entró en el aula, todos los estudiantes se alzaron para saludarlo.",老师走进教室时，所有学生都站起来向他问好。,alzarse_1.jpg,考试路径|B1|v,专四,指出；标明,输出；出口,主题；情节（文学/电影）,大创内容组_senses_table_tem4 7.30.xlsx
alzarse,v,n/a,B1,2,,造反；起义,,El pueblo se alzó contra el gobierno injusto que oprimía a los ciudadanos más pobres.,人民起义反抗压迫最贫困公民的不公正政府。,alzarse_2.jpg,考试路径|B1|v,专四,遵守（规则）,人口；居民；种群,投入（资本）；花费（时间）,大创内容组_senses_table_tem4 7.30.xlsx
amarrar,v,n/a,B1,1,,拴；系；捆,,El marinero amarró el barco al muelle con una cuerda gruesa para que no se moviera.,水手用一根粗绳子把船拴在码头上，防止它移动。,amarrar_1.jpg,考试路径|B1|v,专四,那么（用于推理/结论）,锻造；建造；锻炼；建立,陈述；阐述；展览,大创内容组_senses_table_tem4 7.30.xlsx
ambicioso,n,n/a,B1,1,,有雄心的；野心勃勃的,,El estudiante ambicioso siempre se propone metas altas y trabaja duro para alcanzarlas.,有雄心的学生总是给自己设定高目标并努力去实现它们。,ambicioso_1.jpg,考试路径|B1|n,专四,资产阶级,不信任,火光；灯光；光芒,大创内容组_senses_table_tem4 7.30.xlsx
ambición,n,f,B1,1,,抱负；雄心；野心,,Su ambición es convertirse en un gran escritor de novelas en español.,他的抱负是成为一名伟大的西班牙语小说作家。,ambicion_1.jpg,考试路径|B1|n,专四,暗示；影射；提到,分不开的；形影不离的,行走；行军；出发；进展,大创内容组_senses_table_tem4 7.30.xlsx
ambiente,n,m,B1,2,,大气（环境）,,El medio ambiente es un tema muy importante que debemos cuidar entre todos.,环境是我们所有人都应该共同关心的非常重要的话题。,ambiente_2.jpg,考试路径|B1|n,专四,热情；热忱,谜；谜语,分析；研究（问题）,大创内容组_senses_table_tem4 7.30.xlsx
amo,n,m,B1,1,,主人；雇主,,El perro espera pacientemente a que su amo vuelva a casa por la tarde.,狗狗耐心地等待主人下午回家。,amo_1.jpg,考试路径|B1|n,专四,平静下来,外交的；外交官,合适；方便,大创内容组_senses_table_tem4 7.30.xlsx
amparo,n,m,B1,1,,保护；庇护,,La organización ofrece amparo a los refugiados que llegan al país sin recursos.,该组织为来到这个国家、身无分文的难民提供庇护。,amparo_1.jpg,考试路径|B1|n,专四,论述；论文,接受考试；参加考试,评论；评述,大创内容组_senses_table_tem4 7.30.xlsx
ampliar,v,n/a,B1,1,,扩大；放大,,La universidad planea ampliar la biblioteca para tener más espacio de lectura.,大学计划扩建图书馆，以获得更多阅读空间。,ampliar_1.jpg,考试路径|B1|v,专四,批改；纠正,借给,横在中间；挡路,大创内容组_senses_table_tem4 7.30.xlsx
ampliar,v,n/a,B1,2,,扩充；拓展,,Leer libros en español ayuda a ampliar el vocabulario y mejorar la comprensión escrita.,阅读西语书籍有助于扩充词汇量和提高阅读理解能力。,ampliar_2.jpg,考试路径|B1|v,专四,思考；深思；反思,打算；准备,出版；上映；发行,大创内容组_senses_table_tem4 7.30.xlsx
analfabeto,n,n/a,B1,1,,不识字的；文盲,,"En muchas regiones del mundo, todavía hay personas analfabetas que no saben leer ni escribir.",在世界许多地区，仍然有不会读也不会写的文盲。,analfabeto_1.jpg,考试路径|B1|n,专四,晴朗的；无云的,瘦的；软弱无力的,那个；如同（正式/书面用法）,大创内容组_senses_table_tem4 7.30.xlsx
analizar,v,n/a,B1,1,,分析,,En la clase de literatura española tenemos que analizar el estilo de los poemas de Federico García Lorca.,在西班牙文学课上，我们必须分析费德里科·加西亚·洛尔卡诗歌的风格。,analizar_1.jpg,考试路径|B1|v,专四,法律；法学,办理；处理（事务）,强盗；土匪；坏蛋,大创内容组_senses_table_tem4 7.16.xlsx
andar,v,n/a,B1,3,,处在（某种状态）；身处,,Anda muy preocupado por los exámenes finales que se acercan rápidamente.,他因为即将到来的期末考试而非常担忧。,andar_4.jpg,考试路径|B1|v,专四,民主；民主主义,逗留；停留期间,做记号；标出；拨号；得分,大创内容组_senses_table_tem4 7.30.xlsx
andarse,v,n/a,B1,1,,走；行走（自复强调）,,Se anduvo por el parque durante una hora antes de decidirse a volver a casa.,他在公园里走了一个小时，才决定回家。,andarse_1.jpg,考试路径|B1|v,专四,合作；协作,锋利（刀具）,勤劳的；勤勉的,大创内容组_senses_table_tem4 7.30.xlsx
anestesia,n,f,B1,1,,麻醉,,El dentista aplicó anestesia antes de extraer la muela para que el paciente no sintiera dolor.,牙医在拔牙前使用了麻醉，这样患者就不会感到疼痛。,anestesia_1.jpg,考试路径|B1|n,专四,绝望；恼火,失败；战败,泥土；泥巴,大创内容组_senses_table_tem4 7.30.xlsx
angosto,adj,n/a,B1,1,,窄的；狭窄的,,El pasillo de la biblioteca es muy angosto y apenas caben dos personas de frente.,图书馆的走廊非常狭窄，几乎容不下两个人面对面通过。,angosto_1.jpg,考试路径|B1|adj,专四,学位；学衔,过分；过度,（大学）毕业生,大创内容组_senses_table_tem4 7.30.xlsx
anhelo,n,m,B1,1,,渴望；热切期望,,Su mayor anhelo es poder viajar a España y conocer todos sus monumentos históricos.,他最大的渴望是能去西班牙旅行，参观所有历史古迹。,anhelo_1.jpg,考试路径|B1|n,专四,使变成；使转化,就业；受雇,租借；租赁,大创内容组_senses_table_tem4 7.30.xlsx
animar,v,n/a,B1,1,,鼓舞；激励,,El entrenador animó a los jugadores antes del partido con un discurso motivador.,教练在比赛前用一段激励人心的讲话鼓舞了球员们。,animar_1.jpg,考试路径|B1|v,专四,雕塑；雕像,微风；轻风,熨烫,大创内容组_senses_table_tem4 7.30.xlsx
animarse,v,n/a,B1,1,,振奋；鼓起劲来,,"Después de tomar un café caliente, me animé a seguir estudiando hasta tarde.",喝了一杯热咖啡后，我打起精神继续学习到很晚。,animarse_1.jpg,考试路径|B1|v,专四,下冰雹,标本；样品,获得（经验 / 机会）,大创内容组_senses_table_tem4 7.30.xlsx
anormal,adj,n/a,B1,1,,反常的；异常的,,"Su comportamiento en clase es anormal, quizás debería consultar con un psicólogo.",他在课堂上的行为很反常，也许他应该去咨询心理医生。,anormal_1.jpg,考试路径|B1|adj,专四,住宿,昏迷；晕倒,明星；杰出人物,大创内容组_senses_table_tem4 7.30.xlsx
ante,prep,n/a,B1,1,,在…面前；面对,,"Ante el profesor, todos los estudiantes guardaron silencio y prestaron atención.",在老师面前，所有学生都保持安静并集中注意力。,ante_1.jpg,考试路径|B1|prep,专四,使具备；赋予,轻的；轻快的；清淡的；迅速地,缺席的；缺席者,大创内容组_senses_table_tem4 7.30.xlsx
ante,prep,n/a,B1,2,,与…相比；相较于,,"Ante las dificultades económicas, decidieron buscar soluciones más creativas.",面对经济困难，他们决定寻找更有创造力的解决方案。,ante_2.jpg,考试路径|B1|prep,专四,记性；记忆力；记忆；纪念,力量；精力；能量,对话；会话,大创内容组_senses_table_tem4 7.30.xlsx
antecedente,n,n/a,B1,1,,先前的；背景；前例,,"No hay antecedentes de esta enfermedad en su familia, así que no debe preocuparse demasiado.",他家没有这种病史，所以他不必过于担心。,antecedente_1.jpg,考试路径|B1|n,专四,纪元；时代,赤裸；脱衣,飞行员；驾驶员,大创内容组_senses_table_tem4 7.30.xlsx
antelación,n,f,B1,1,,提前（搭配 con）,,"Con antelación, puedes preparar todos los materiales necesarios para la clase de español.",提前准备好西班牙语课所需的所有材料。,antelacion_1.jpg,考试路径|B1|n,专四,否定的；反面的；底片,膨胀；通货膨胀,议论文；散文式写作,大创内容组_senses_table_tem4 7.30.xlsx
antemano,adv,n/a,B1,1,,事先；预先（搭配 de）,,"De antemano, gracias por tu ayuda con el proyecto de investigación sobre el español.",事先感谢你对西班牙语研究项目的帮助。,antemano_1.jpg,考试路径|B1|adv,专四,赞扬；称赞,腐烂；变质,不可见的；无形的,大创内容组_senses_table_tem4 7.30.xlsx
antepasado,n,n/a,B1,1,,先前的；祖先,,Mis antepasados llegaron a este país hace más de cien años en busca de una vida mejor.,我的祖先在一百多年前来到这个国家，寻求更好的生活。,antepasado_1.jpg,考试路径|B1|n,专四,扑向；扑过去,解决；解答,麻烦；不便,大创内容组_senses_table_tem4 7.30.xlsx
antes,adv,n/a,B1,2,,宁可；宁愿（搭配 que）,,Antes perder el tren que llegar tarde al examen de español.,我宁可错过火车也不愿意西班牙语考试迟到。,antes_2.jpg,考试路径|B1|adv,专四,通知；获悉,电池,语体；语域,大创内容组_senses_table_tem4 7.30.xlsx
anticuado,adj,n/a,B1,1,,陈旧的；过时的,,Ese método de enseñanza ya está muy anticuado y no funciona con los estudiantes de hoy.,那种教学方法已经很过时了，对今天的学生不起作用。,anticuado_1.jpg,考试路径|B1|adj,专四,办理；处理（事务）,有罪的；有过错的；罪人,拉长；延长,大创内容组_senses_table_tem4 7.30.xlsx
antigüedad,n,f,B1,1,,古老；古代（历史时期）,,La antigüedad de esta ciudad se remonta a más de dos mil años atrás.,这座城市的历史可以追溯到两千多年前。,antiguedad_1.jpg,考试路径|B1|n,专四,做买卖；做交易；谈判,纪元；时代,追求；渴望,大创内容组_senses_table_tem4 7.30.xlsx
antigüedad,n,n/a,B1,2,,古物；古迹；古董,,En el museo se pueden ver muchas antigüedades de la época romana.,在博物馆里可以看到许多罗马时代的古物。,antiguedad_2.jpg,考试路径|B1|n,专四,展开；膨胀；传播,惊讶；恐惧,纪律,大创内容组_senses_table_tem4 7.30.xlsx
antipático,adj,n/a,B1,1,,不友善的；讨人厌,,No quiero trabajar con él porque es antipático con todo el grupo.,我不想和他组队，他对整个小组都态度冷淡不友善。,antipatico_1.jpg,考试路径|B1|adj,专四,假装；伪造,损伤；创伤；损害；损失,虚弱的；微弱的,大创内容组_senses_table_tem4 7.18.xlsx
antónimo,n,m,B1,1,,反义词,,El antónimo de «temprano» es «tarde»; practicar antonimos ayuda a organizar el vocabulario.,temprano 的反义词是 tarde；练习反义词有助于整理词汇。,antonimo_1.jpg,考试路径|B1|n,专四,卸货,有文化的；有教养的,骑手,大创内容组_senses_table_tem4_with_images.xlsx
anunciar,v,n/a,B1,1,,通知；公布,,El rector anunció que el próximo semestre habrá más becas para estudiantes internacionales.,校长公布下个学期将有更多面向国际学生的奖学金。,anunciar_1.jpg,考试路径|B1|v,专四,发光的；杰出的,形式的；表面的；正式的,矿工；矿主,大创内容组_senses_table_tem4 7.30.xlsx
anécdota,n,f,B1,1,,轶事；趣闻,,El profesor nos contó una anécdota divertida sobre su viaje a México durante la clase.,老师在课上给我们讲了一个关于他去墨西哥旅行的有趣轶事。,anecdota_1.jpg,考试路径|B1|n,专四,注射；注射剂,职位；职务,边；岸；边缘,大创内容组_senses_table_tem4 7.30.xlsx
aparato,n,m,B1,1,,器械；装置；设备,,El laboratorio de idiomas está equipado con aparatos modernos para la enseñanza del español.,语言实验室配备了现代的教学设备用于西班牙语教学。,aparato_1.jpg,考试路径|B1|n,专四,小船；救生艇,系统阐述；明确表达；公式化,棉花的；棉农；棉商,大创内容组_senses_table_tem4 7.30.xlsx
aparente,adj,n/a,B1,1,,表面上的；明显的,,Su aparente tranquilidad no refleja realmente el miedo que siente por el examen.,他表面上的平静并没有真正反映出他对考试的恐惧。,aparente_1.jpg,考试路径|B1|adj,专四,矿物的；无机的；矿物；矿石,和谐；协调,乞丐,大创内容组_senses_table_tem4 7.30.xlsx
apariencia,n,f,B1,1,,外表；外观,,"No te fíes de las apariencias, porque a veces la primera impresión puede ser engañosa.",不要轻信外表，因为有时候第一印象可能会骗人。,apariencia_1.jpg,考试路径|B1|n,专四,降落；着陆,标签；商标,煤；木炭,大创内容组_senses_table_tem4 7.30.xlsx
aparte,adv,n/a,B1,1,,分开地；在别处,,Puedes escribir tus ideas principales en el cuaderno y dejar las notas aparte.,你可以在笔记本上写下主要观点，把备注写在别处。,aparte_1.jpg,考试路径|B1|adv,专四,稳定；稳固；持久性,合作；协作,使用；运用；雇佣；聘用,大创内容组_senses_table_tem4 7.30.xlsx
apertura,n,f,B1,1,,开幕；开始,,La apertura del nuevo centro cultural de la universidad será el próximo lunes.,大学新文化中心的开幕仪式将于下周一举行。,apertura_1.jpg,考试路径|B1|n,专四,道歉；请求原谅,舒适；安逸；福利,液体的；液态的；流动的；液体,大创内容组_senses_table_tem4 7.30.xlsx
aplicar,v,n/a,B1,1,,应用；运用；实施,,Debes aplicar las reglas gramaticales en la redacción de tus ensayos académicos.,你应该在学术论文写作中应用语法规则。,aplicar_1.jpg,考试路径|B1|v,专四,外地的；外来的；外地人,霜冻；结冰,使远离；使疏远,大创内容组_senses_table_tem4 7.19.xlsx
aplicarse,v,n/a,B1,1,,勤奋；专心于,,"Si te aplicas al estudio del español, verás resultados positivos muy pronto.",如果你专心学习西班牙语，很快会看到积极的结果。,aplicarse_1.jpg,考试路径|B1|v,专四,考试；测验,明显；证据,保护；庇护,大创内容组_senses_table_tem4 7.30.xlsx
apoderarse,v,n/a,B1,1,,占领；据为己有,,La empresa extranjera intentó apoderarse del mercado latinoamericano sin éxito.,这家外企试图占领拉美市场，但没有成功。,apoderarse_1.jpg,考试路径|B1|v,专四,辩论；讨论,（疾病/情绪）发作,管理；治理；统治,大创内容组_senses_table_tem4 7.30.xlsx
aportar,v,n/a,B1,1,,提供；贡献,,Cada miembro del equipo debe aportar ideas creativas para mejorar el proyecto.,团队每个成员都应该提供创造性的想法来改进项目。,aportar_1.jpg,考试路径|B1|v,专四,达到；达成；够到,需求；要求；请求,发射；发行；广播,大创内容组_senses_table_tem4 7.30.xlsx
apostar,v,n/a,B1,1,,打赌,,Mis amigos y yo apostamos una cena a que el equipo español ganaría el campeonato.,我和朋友们打赌一顿晚餐，赌西班牙队会赢得冠军。,apostar_1.jpg,考试路径|B1|v,专四,极好的；额外的,代理人；经纪人,使变成；使转化,大创内容组_senses_table_tem4 7.30.xlsx
apreciar,v,n/a,B1,1,,欣赏；观赏,,Apreciamos las pinturas hispanas en la galería universitaria.,我们在大学展厅欣赏西语画作。,apreciar_1.jpg,考试路径|B1|v,专四,仓库；大型商店,使变容易；提供,疏忽；不关心,大创内容组_senses_table_tem4 7.19.xlsx
apreciar,v,n/a,B1,2,,感激；珍惜,,Aprecio mucho toda la ayuda que me da mi tutor.,我十分珍惜导师给予我的所有帮助。,apreciar_2.jpg,考试路径|B1|v,专四,风景；景色；景观,自由；无拘束,自治；自治权；自主；独立,大创内容组_senses_table_tem4 7.19.xlsx
apretar,v,n/a,B1,1,,压紧；握紧,,Apretó el botón del ascensor con fuerza para que llegara más rápido al quinto piso.,他用力按紧了电梯按钮，好让它更快地到达五楼。,apretar_1.jpg,考试路径|B1|v,专四,使激动；使感动,争论；争夺,城墙,大创内容组_senses_table_tem4 7.30.xlsx
aprovechar,n,n/a,B1,1,,利用（机会、时间等）,,Debemos aprovechar el tiempo libre para practicar la conversación en español.,我们应该利用空闲时间练习西班牙语会话。,aprovechar_1.jpg,考试路径|B1|n,专四,感染；传染；不良影响,剑,泵；抽水机；炸弹,大创内容组_senses_table_tem4 7.30.xlsx
aproximar,n,n/a,B1,1,,使接近；靠近,,Aproxima la silla a la mesa para que puedas escribir con más comodidad.,把椅子往桌子挪近一些，这样你写起来会更舒服。,aproximar_1.jpg,考试路径|B1|n,专四,监狱,交通；车流,有效的；真实的,大创内容组_senses_table_tem4 7.30.xlsx
apuntar,v,n/a,B1,2,,瞄准；指向,,El niño apuntó con el dedo hacia el cartel que anunciaba la nueva película de animación.,孩子用手指指着那张宣布新动画电影上映的海报。,apuntar_2.jpg,考试路径|B1|v,专四,使靠近；移近,计算（数学）,晾晒；挂,大创内容组_senses_table_tem4 7.30.xlsx
apuntar,v,n/a,B1,3,,显露；发芽（植物）,,Las plantas del jardín empiezan a apuntar después de las lluvias de primavera.,花园里的植物在春雨后开始发芽了。,apuntar_3.jpg,考试路径|B1|v,专四,大使馆,归因于；认为…是…造成的,柴火,大创内容组_senses_table_tem4 7.30.xlsx
apuro,n,m,B1,1,,困境；窘境,,"Cuando perdió su pasaporte en el extranjero, se encontró en un gran apuro sin saber qué hacer.",在国外丢了护照时，他陷入了不知如何是好的巨大窘境。,apuro_1.jpg,考试路径|B1|n,专四,精神上的；心灵的,属性；特质,气氛；氛围,大创内容组_senses_table_tem4 7.31.xlsx
apuro,n,n/a,B1,2,,拮据；经济困难,,"Durante los primeros meses de universidad, pasaron apuros económicos hasta encontrar trabajo.",大学头几个月他们经济拮据，直到找到工作为止。,apuro_2.jpg,考试路径|B1|n,专四,呼吸；气息,哑的；沉默的；无声的；哑巴,从不；决不,大创内容组_senses_table_tem4 7.31.xlsx
aquello,pron,n/a,B1,1,,那个；那件事（中性）,,No me gusta hablar de aquello que ocurrió durante la fiesta de fin de año.,我不喜欢谈论年终派对上发生的那件事。,aquello_1.jpg,考试路径|B1|pron,专四,甚至；连…都；虽然；尽管（搭配que）,宫廷；皇室,外地的；外来的；外地人,大创内容组_senses_table_tem4 7.31.xlsx
archivo,n,m,B1,1,,档案；档案馆,,El archivo histórico de la ciudad contiene documentos que datan del siglo dieciséis.,这座城市的历史档案馆收藏有可追溯到十六世纪的文件。,archivo_1.jpg,考试路径|B1|n,专四,场地（运动/活动）,邮票（拉美用法）,要素；因素,大创内容组_senses_table_tem4 7.31.xlsx
arco,n,m,B1,1,,弓（武器/乐器）；弧形；拱,,"En la clase de historia, aprendimos que el arco fue una de las armas más importantes.",在历史课上，我们了解到弓曾经是最重要的武器之一。,arco_1.jpg,考试路径|B1|n,专四,金银；珍宝；珠宝首饰,故障；损伤（设备/车辆）,交通；车流,大创内容组_senses_table_tem4 7.31.xlsx
arder,v,n/a,B1,1,,燃烧；烧着；发热；（身体）发烫,,La madera seca arde rápidamente y produce un fuego intenso y muy caliente.,干木头烧得很快，产生强烈而炽热的火焰。,arder_1.jpg,考试路径|B1|v,专四,工程；工程学,船长；上尉,满足（需求/费用）,大创内容组_senses_table_tem4 7.31.xlsx
argumento,n,m,B1,1,,论据；论点,,Un buen argumento conecta hechos verificables con una conclusión lógica y fácil de seguir.,好的论据把可核实的事实与易于跟随的逻辑结论联系起来。,argumento_1.jpg,考试路径|B1|n,专四,智力,风景；景色；景观,极好的；额外的,大创内容组_senses_table_tem4_with_images.xlsx
armar,v,n/a,B1,1,,武装；装备,,El ejército decidió armar a los soldados con nuevas armas para mejorar su defensa nacional.,军队决定用新式武器武装士兵，以加强国防。,armar_1.jpg,考试路径|B1|v,专四,避难所；庇护所,堵塞（交通/管道等）,地方；方面,大创内容组_senses_table_tem4 7.31.xlsx
armar,v,n/a,B1,2,,策划；组织；安排（事件、活动）,,Los estudiantes armaron una fiesta sorpresa para celebrar el fin del curso académico.,学生们策划了一个惊喜派对来庆祝学年结束。,armar_2.jpg,考试路径|B1|v,专四,现代的；当代的,优点；功劳；功绩,舞台,大创内容组_senses_table_tem4 7.31.xlsx
armarse,v,n/a,B1,1,,装备起来；发生,,Se armó un gran escándalo cuando el profesor anunció el cambio de fechas del examen.,老师宣布考试日期变动时，引起了一场轩然大波。,armarse_1.jpg,考试路径|B1|v,专四,物质的；实体的；材料；原料,辱骂；侮辱,折叠；叠,大创内容组_senses_table_tem4 7.31.xlsx
armonía,n,f,B1,1,,和谐；协调,,La armonía entre los miembros del equipo es fundamental para lograr buenos resultados académicos.,团队成员之间的和谐对于取得好的学业成果至关重要。,armonia_1.jpg,考试路径|B1|n,专四,焦点；中心；光源,禁止；不许,缺乏,大创内容组_senses_table_tem4 7.31.xlsx
aroma,n,m,B1,1,,香味；香气,,El aroma del café recién hecho llenaba toda la cocina cada mañana.,新鲜煮好的咖啡的香气每天早上充满了整个厨房。,aroma_1.jpg,考试路径|B1|n,专四,伪装；掩饰,部；内阁；部长会议,粗鲁愚蠢的人（比喻义）,大创内容组_senses_table_tem4 7.31.xlsx
arrancar,v,n/a,B1,1,,拔；拔掉,,El jardinero arrancó todas las malas hierbas del jardín para que crecieran las flores.,园丁拔掉了花园里所有的杂草，好让花能茁壮成长。,arrancar_1.jpg,考试路径|B1|v,专四,夫人；女士（尊称）,过多的；过度的,观赏；欣赏,大创内容组_senses_table_tem4 7.31.xlsx
arrancar,v,n/a,B1,2,,抢夺；强行拿走,,El ladrón arrancó el bolso de la señora y salió corriendo por la calle principal.,小偷夺走了女士的包，然后沿着主街跑掉了。,arrancar_2.jpg,考试路径|B1|v,专四,记得（自复）,弓（武器/乐器）；弧形；拱,从事；施行；行使,大创内容组_senses_table_tem4 7.31.xlsx
arrancar,v,n/a,B1,3,,起动；发动（引擎）；开始；起源,,El coche no arrancaba porque la batería estaba completamente descargada y vieja.,汽车发动不起来，因为电池完全没电而且老化了。,arrancar_3.jpg,考试路径|B1|v,专四,舞台,吞噬；吞食,战役（军事）,大创内容组_senses_table_tem4 7.31.xlsx
arrastrar,v,n/a,B1,1,,拉；拖；席卷；卷走（比喻义）,,El niño arrastraba su mochila por el suelo porque estaba demasiado pesada para llevarla.,小孩拖着书包在地上走，因为太重了背不动。,arrastrar_1.jpg,考试路径|B1|v,专四,角；角度；角落,论据；论点,状况；状态,大创内容组_senses_table_tem4 7.31.xlsx
arrastrarse,v,n/a,B1,1,,爬；爬行,,El bebé aprendió a arrastrarse antes de poder caminar por sí mismo.,宝宝在能自己走路之前学会了爬行。,arrastrarse_1.jpg,考试路径|B1|v,专四,那么（用于推理/结论）,肢体；部分,概念；观念；理念,大创内容组_senses_table_tem4 7.31.xlsx
arreglar,v,n/a,B1,2,,修理；维修,,"Mi bicicleta no funciona bien, necesito arreglar los frenos y la cadena.",我的自行车不好骑了，我需要修一下刹车和链条。,arreglar_2.jpg,考试路径|B1|v,专四,使惊奇；感到异样,材料；物质,上涨；涨价（尤指价格）,大创内容组_senses_table_tem4 7.31.xlsx
arrepentirse,v,n/a,B1,1,,后悔；懊悔,,Me arrepiento de no haber estudiado más español cuando tuve la oportunidad en el pasado.,我后悔过去有机会的时候没有多学一些西班牙语。,arrepentirse_1.jpg,考试路径|B1|v,专四,透镜；镜片；眼镜,自动的；自动化的,球场；场地,大创内容组_senses_table_tem4 7.31.xlsx
arrimar,v,n/a,B1,1,,使靠近；移近,,Arrima la silla a la mesa para que puedas comer más cómodamente.,把椅子往桌子移近一些，这样你吃饭更舒服。,arrimar_1.jpg,考试路径|B1|v,专四,教育；训练；学问；指示；指令,末端；尽头,外表；外观,大创内容组_senses_table_tem4 7.31.xlsx
arrimarse,v,n/a,B1,1,,靠近；走近,,Se arrimó a la ventana para ver mejor el espectáculo de fuegos artificiales.,他走近窗户，好看清楚烟花表演。,arrimarse_1.jpg,考试路径|B1|v,专四,贵妇人；女士,球体；球,会见；面谈,大创内容组_senses_table_tem4 7.31.xlsx
arrojar,v,n/a,B1,2,,散发出（气味、光等）,,Las flores de este jardín arrojan un aroma muy agradable durante la primavera.,花园里的花在春天散发出非常宜人的香气。,arrojar_2.jpg,考试路径|B1|v,专四,口头报告；演示,褐色的；皮肤黝黑的；黑人,护肤霜；药膏,大创内容组_senses_table_tem4 7.31.xlsx
arrojarse,v,n/a,B1,1,,扑向；扑过去,,El perro se arrojó al río para salvar al niño que estaba en peligro de ahogarse.,狗扑向河里，去救那个快要溺水的孩子。,arrojarse_1.jpg,考试路径|B1|v,专四,翻倍,勇气；胆量,火山,大创内容组_senses_table_tem4 7.31.xlsx
arroyo,n,m,B1,1,,小溪,,El arroyo que atraviesa el pueblo es el lugar favorito de los niños para jugar.,穿过村庄的那条小溪是孩子们最喜欢玩耍的地方。,arroyo_1.jpg,考试路径|B1|n,专四,隐约可见；显露,生活；过活；度过,活跃的；动态的,大创内容组_senses_table_tem4 7.31.xlsx
artificial,adj,n/a,B1,1,,人工的；人造的,,Los edulcorantes artificiales son una alternativa para las personas que quieren reducir el azúcar.,人造甜味剂是那些想减少糖分摄入的人的一种替代选择。,artificial_1.jpg,考试路径|B1|adj,专四,精确的；准确的；明确的,膨胀；通货膨胀,阻止；阻挡；拘留；逮捕,大创内容组_senses_table_tem4 7.31.xlsx
artículo,n,m,B1,1,,文章；（报刊）文章,,El artículo del periódico explica con claridad las causas y consecuencias del cambio climático.,这篇报刊文章清楚地解释了气候变化的原因与后果。,articulo_1.jpg,考试路径|B1|n,专四,否认,爆裂；爆炸；爆发,分；划分,大创内容组_senses_table_tem4_with_images.xlsx
artístico,adj,n/a,B1,1,,艺术的；精巧的,,El proyecto artístico de los estudiantes fue expuesto en la galería de la universidad.,学生的艺术项目在大学美术馆展出。,artistico_1.jpg,考试路径|B1|adj,专四,有罪的；有过错的；罪人,它；这（中性）,香味；香气,大创内容组_senses_table_tem4 7.31.xlsx
asamblea,n,f,B1,1,,会议；大会,,La asamblea general de estudiantes se celebrará el próximo viernes en el salón de actos.,学生全体大会将于下周五在礼堂举行。,asamblea_1.jpg,考试路径|B1|n,专四,石灰,导师答疑；个别辅导；导师制,航空；空军,大创内容组_senses_table_tem4 7.31.xlsx
ascender,n,n/a,B1,1,,提升；上升；升高,,La empresa decidió ascender a los empleados más destacados del departamento de ventas.,公司决定提升销售部最出色的员工。,ascender_1.jpg,考试路径|B1|n,专四,皇帝,侏儒；矮人,对话；会话,大创内容组_senses_table_tem4 7.31.xlsx
asegurarse,v,n/a,B1,1,,确信；确保（自己）,,"Antes de entregar el trabajo, me aseguré de que no tuviera errores ortográficos.",在交作业之前，我确保它没有拼写错误。,asegurarse_1.jpg,考试路径|B1|v,专四,建造；建设,平的；平坦的；平原,争论；争夺,大创内容组_senses_table_tem4 7.31.xlsx
asentar,v,n/a,B1,1,,使就坐；安排就座,,El profesor asentó a los nuevos alumnos en las primeras filas del aula.,老师把新生安排坐在教室的前排。,asentar_1.jpg,考试路径|B1|v,专四,打算；企图,优点；功劳；功绩,机械装置；结构；机制,大创内容组_senses_table_tem4 7.31.xlsx
asentar,v,n/a,B1,2,,固定；使稳固；建立；奠定（基础/体系）,,Los trabajadores asentaron los pilares del puente sobre una base sólida de hormigón.,工人们把桥墩固定在坚固的混凝土基座上。,asentar_2.jpg,考试路径|B1|v,专四,过分；过度,恐惧；惊慌,走向；前往,大创内容组_senses_table_tem4 7.31.xlsx
asentarse,v,n/a,B1,1,,就坐；坐下,,Los invitados se asentaron en sus lugares antes de que empezara la ceremonia.,客人们在仪式开始前各自落座。,asentarse_1.jpg,考试路径|B1|v,专四,比较；对比；对照,保卫；保护；辩护,指南针,大创内容组_senses_table_tem4 7.31.xlsx
asentarse,v,n/a,B1,2,,位于；坐落于,,El pueblo se asienta en el valle rodeado de montañas y ríos.,村庄坐落于被山川和河流环绕的山谷之中。,asentarse_2.jpg,考试路径|B1|v,专四,暗自犹豫；心存疑虑,使靠近；移近,路线；行程,大创内容组_senses_table_tem4 7.31.xlsx
asesinar,v,n/a,B1,1,,谋杀；暗杀,,La policía investiga quién pudo asesinar al famoso escritor en su propia casa.,警方正在调查谁可能在那位著名作家自己家中暗杀了他。,asesinar_1.jpg,考试路径|B1|v,专四,收获；收成；收获季节,记得（自复）,基本的；初步的；基础的,大创内容组_senses_table_tem4 7.31.xlsx
asignar,v,n/a,B1,1,,分配；分派,,El profesor asignó un tema de investigación diferente a cada grupo de la clase.,老师给班上每个小组分配了不同的研究课题。,asignar_1.jpg,考试路径|B1|v,专四,宴会；酒宴,非凡的；罕见的；特别的,统计的；统计员,大创内容组_senses_table_tem4 7.31.xlsx
asignar,v,n/a,B1,2,,指定；任命,,La universidad asignó a la profesora Martínez como directora del nuevo departamento.,大学任命马丁内斯教授为新系主任。,asignar_2.jpg,考试路径|B1|v,专四,怪物；巨物；凶恶的人,躲避；回避；逃脱,投降；致力于；沉溺于,大创内容组_senses_table_tem4 7.31.xlsx
asimismo,adv,n/a,B1,1,,同样地；也,,"El museo ofrece visitas guiadas en español y, asimismo, en otros idiomas europeos.",博物馆提供西班牙语导览，同样也提供其他欧洲语言的导览。,asimismo_1.jpg,考试路径|B1|adv,专四,发抖；战栗,居于首位；领头,遮蔽身体,大创内容组_senses_table_tem4 7.31.xlsx
asistencia,n,f,B1,2,,救助；帮助,,La Cruz Roja ofrece asistencia médica a las víctimas de catástrofes naturales.,红十字会为自然灾害的受害者提供医疗救助。,asistencia_2.jpg,考试路径|B1|n,专四,远的；遥远的；久远的,天体；星,长；长度,大创内容组_senses_table_tem4 7.31.xlsx
asistente,n,n/a,B1,1,,出席者；参加者,,Todos los asistentes a la conferencia recibieron un certificado de participación.,所有参加会议的出席者都获得了一份参与证书。,asistente_1.jpg,考试路径|B1|n,专四,强烈的；剧烈的；紧张的,耽搁；使延迟,冠军,大创内容组_senses_table_tem4 7.31.xlsx
asistente,n,n/a,B1,2,,助手；助理,,El asistente del profesor preparó todos los materiales para la clase de laboratorio.,教授的助手准备了实验课的所有材料。,asistente_2.jpg,考试路径|B1|n,专四,公平的；正义的；正好的；恰好,否定的；反面的；底片,豆类；蔬菜,大创内容组_senses_table_tem4 7.31.xlsx
asno,n,m,B1,2,,粗鲁愚蠢的人（比喻义）,,No seas asno y piensa antes de responder las preguntas del profesor en clase.,别犯蠢，课堂上回答问题之前先想一想。,asno_2.jpg,考试路径|B1|n,专四,精确性；准确,工程；工程学,赤裸；脱衣,大创内容组_senses_table_tem4 7.31.xlsx
asociar,n,n/a,B1,1,,联合；合作,,Los estudiantes se asociaron para crear un club de lectura y debate en español.,学生们联合起来创建了一个西语阅读和辩论俱乐部。,asociar_1.jpg,考试路径|B1|n,专四,图表；图解,零钱（硬币）；汇率；兑换率,分布,大创内容组_senses_table_tem4 7.31.xlsx
asomar,n,n/a,B1,1,,露出；探出,,El sol empezó a asomar entre las nubes después de la tormenta de la noche.,昨夜暴风雨后，太阳开始从云层间露出。,asomar_1.jpg,考试路径|B1|n,专四,器械；装置；设备,地方；方面,效力；效率,大创内容组_senses_table_tem4 7.31.xlsx
asombrar,n,n/a,B1,1,,使惊奇；惊叹,,La belleza del paisaje andaluz asombró a todos los turistas que visitaban la región.,安达卢西亚风景的美丽使所有到访该地区的游客都惊叹不已。,asombrar_1.jpg,考试路径|B1|n,专四,大方的；慷慨,路线；线路,码头；港口；弹簧,大创内容组_senses_table_tem4 7.31.xlsx
aspecto,n,m,B1,2,,方面（议题/情况的角度）,,"Desde el punto de vista gramatical, este aspecto del español es el más complicado.",从语法角度来看，西班牙语的这个方面是最复杂的。,aspecto_2.jpg,考试路径|B1|n,专四,资助,橱窗；玻璃柜,沉淀,大创内容组_senses_table_tem4 7.31.xlsx
aspirar,v,n/a,B1,1,,吸入（空气、气体等）,,Los bomberos aspiraron el humo tóxico mientras rescataban a las personas del edificio.,消防员在救大楼里的人时吸入了有毒烟雾。,aspirar_1.jpg,考试路径|B1|v,专四,标本；样品,利益；好处,掌握；精通；统治,大创内容组_senses_table_tem4 7.31.xlsx
aspirar,v,n/a,B1,2,,追求；渴望,,Muchos jóvenes aspiran a conseguir una beca para estudiar en el extranjero.,许多年轻人渴望获得奖学金出国留学。,aspirar_2.jpg,考试路径|B1|v,专四,粗鲁愚蠢的人（比喻义）,僧侣；修道士；尼姑；修女,乐观的,大创内容组_senses_table_tem4 7.31.xlsx
astro,n,m,B1,1,,天体；星,,Los astrónomos estudian los astros para comprender mejor el origen del universo.,天文学家研究天体以更好地理解宇宙的起源。,astro_1.jpg,考试路径|B1|n,专四,在…面前；面对,设计；绘制草图,参加；干涉；调解；发言,大创内容组_senses_table_tem4 7.31.xlsx
astuto,adj,n/a,B1,1,,狡猾的；精明的,,El zorro es un animal muy astuto que siempre encuentra la manera de conseguir comida.,狐狸是一种非常狡猾的动物，总能找到获取食物的方法。,astuto_1.jpg,考试路径|B1|adj,专四,不认识；不知道,标签；商标,确切的；精确的；一模一样的,大创内容组_senses_table_tem4 7.31.xlsx
asumir,v,n/a,B1,1,,承担；接受（责任/职务）,,El nuevo director asumió el cargo con mucha ilusión y proyectos innovadores.,新主任以极大的热情和创新计划承担了职务。,asumir_1.jpg,考试路径|B1|v,专四,进入；加入,申请；请求,（疾病/情绪）发作,大创内容组_senses_table_tem4 7.31.xlsx
asunto,n,m,B1,2,,主题；情节（文学/电影）,,El asunto de esta novela trata sobre la vida de los inmigrantes en la ciudad.,这部小说的主题是关于城市里移民的生活。,asunto_2.jpg,考试路径|B1|n,专四,显露；发芽（植物）,公平的；正义的；正好的；恰好,器械；装置；设备,大创内容组_senses_table_tem4 7.31.xlsx
así,adv,n/a,B1,2,,同样；也,,"El profesor está muy orgulloso de su trabajo, y así lo demuestra cada día en clase.",老师对自己的工作非常自豪，他每天在课堂上也同样如此表现出来。,asi_2.jpg,考试路径|B1|adv,专四,群；堆；大量；人群,宁可；宁愿（搭配 que）,极好的；额外的,大创内容组_senses_table_tem4 7.31.xlsx
atacar,v,n/a,B1,1,,进攻；袭击,,Los soldados atacaron la posición enemiga al amanecer con gran fuerza.,士兵们在黎明时分对敌军阵地发起了猛烈的进攻。,atacar_1.jpg,考试路径|B1|v,专四,提供；贡献,音乐的；配乐的,范围；领域；界限；界线,大创内容组_senses_table_tem4 7.31.xlsx
atacar,v,n/a,B1,2,,（疾病/情绪）发作,,El virus atacó el sistema respiratorio de los pacientes más vulnerables.,病毒攻击了最脆弱患者的呼吸系统。,atacar_2.jpg,考试路径|B1|v,专四,大陆；洲,在对面；反对,陆军上校,大创内容组_senses_table_tem4 7.31.xlsx
atasco,n,m,B1,1,,堵塞（交通/管道等）,,El atasco en la autovía principal retrasó la llegada de muchos estudiantes a la universidad.,主干道上的交通堵塞延误了许多学生到达大学的时间。,atasco_1.jpg,考试路径|B1|n,专四,火光；灯光；光芒,感谢；感激,实验；试验；经历；体验,大创内容组_senses_table_tem4 7.31.xlsx
atender,v,n/a,B1,1,,接待；服务；照料；照顾,,La secretaria atiende a los visitantes con mucha amabilidad y eficiencia profesional.,秘书以非常亲切和专业效率的态度接待访客。,atender_1.jpg,考试路径|B1|v,专四,变成；成为,闷热；暑热,露出；探出,大创内容组_senses_table_tem4 7.31.xlsx
atender,v,n/a,B1,2,,注意；倾听；考虑,,"Atiende bien a lo que dice el profesor, porque es muy importante para el examen.",好好注意老师说的话，因为这对考试非常重要。,atender_3.jpg,考试路径|B1|v,专四,赚；挣；获得（收入）,提前（搭配 con）,合适；方便,大创内容组_senses_table_tem4 7.31.xlsx
aterrizar,v,n/a,B1,1,,降落；着陆,,El piloto anunció que el avión aterrizaría en el aeropuerto de Barajas dentro de diez minutos.,飞行员宣布飞机将在十分钟后降落在巴拉哈斯机场。,aterrizar_1.jpg,考试路径|B1|v,专四,马厩,平衡；均势,抖落；拍打,大创内容组_senses_table_tem4 7.20.xlsx
atmósfera,n,f,B1,1,,大气层；大气,,La atmósfera terrestre protege la vida de las radiaciones solares dañinas.,地球的大气层保护生命免受有害的太阳辐射。,atmosfera_1.jpg,考试路径|B1|n,专四,准许；许可；许可证；执照,洗礼；洗礼仪式,大方的；慷慨,大创内容组_senses_table_tem4 7.31.xlsx
atmósfera,n,f,B1,2,,气氛；氛围,,La atmósfera de la biblioteca es muy tranquila y perfecta para estudiar.,图书馆的氛围非常安静，非常适合学习。,atmosfera_2.jpg,考试路径|B1|n,专四,量；测量；达到；衡量；斟酌；较量；有分寸,轻的；轻快的；清淡的；迅速地,集市；市场；交易会；博览会,大创内容组_senses_table_tem4 7.31.xlsx
atrasado,adj,n/a,B1,1,,落后的；迟缓的,,Su método de enseñanza está muy atrasado comparado con las nuevas tecnologías educativas.,与新的教育技术相比，他的教学方法非常落后。,atrasado_1.jpg,考试路径|B1|adj,专四,领域；范围；面积（数学/几何）,吃点心；吃下午茶,解决；解答,大创内容组_senses_table_tem4 7.31.xlsx
atravesar,v,n/a,B1,1,,穿过；横穿,,"Para llegar a la facultad, tenemos que atravesar un parque lleno de árboles frondosos.",为了到达学院，我们必须穿过一个长满茂密树木的公园。,atravesar_1.jpg,考试路径|B1|v,专四,给...评分；评级；使具有资格,克服；超越；胜过,棉花的；棉农；棉商,大创内容组_senses_table_tem4 7.31.xlsx
atravesar,v,n/a,B1,2,,穿透；刺穿,,La flecha atravesó el centro de la diana y todos los espectadores aplaudieron emocionados.,箭射穿了靶心，所有观众都激动地鼓掌。,atravesar_2.jpg,考试路径|B1|v,专四,难以忍受的,聊天；闲谈,瞄准；指向,大创内容组_senses_table_tem4 7.31.xlsx
atravesarse,v,n/a,B1,1,,横在中间；挡路,,Un coche mal estacionado se atravesó en la salida del garaje y nadie podía salir.,一辆乱停的车横在车库出口中间，谁也没法出来。,atravesarse_1.jpg,考试路径|B1|v,专四,热带雨林,激起；唤起（情感/兴趣）；醒悟,霜冻；结冰,大创内容组_senses_table_tem4 7.31.xlsx
atribuir,v,n/a,B1,1,,归因于；认为…是…造成的,,Los científicos atribuyen el cambio climático a la actividad humana y la contaminación.,科学家将气候变化归因于人类活动和污染。,atribuir_1.jpg,考试路径|B1|v,专四,申请；申请书,靶子；目标,内行的；专家；行家,大创内容组_senses_table_tem4 7.31.xlsx
atribuirse,v,n/a,B1,1,,认为…是自己的；自认为,,"El escritor se atribuyó el mérito de la obra, pero realmente fue un trabajo colectivo.",这位作家把作品的功劳归于自己，但实际上是团队合作的成果。,atribuirse_1.jpg,考试路径|B1|v,专四,神；神性,营地；露营,闪电,大创内容组_senses_table_tem4 7.31.xlsx
atributo,n,m,B1,1,,属性；特质,,La honestidad es un atributo muy valorado en cualquier entorno profesional o académico.,诚实是在任何职业或学术环境中都非常受重视的属性。,atributo_1.jpg,考试路径|B1|n,专四,拉丁美洲的；拉丁美洲人,领袖；首领,石灰,大创内容组_senses_table_tem4 7.31.xlsx
atropellar,v,n/a,B1,1,,撞倒；轧到（车辆）,,"Por suerte, el conductor frenó a tiempo y no atropelló al niño que cruzaba la calle.",幸运的是，司机及时刹车，没有撞到正在过马路的那个孩子。,atropellar_1.jpg,考试路径|B1|v,专四,范围；领域；界限；界线,批评的；评论的；评论家；批评家,听众；观众,大创内容组_senses_table_tem4 7.31.xlsx
atropellarse,v,n/a,B1,1,,匆忙；仓促行事,,"No te atropelles al hacer los ejercicios, tómate tu tiempo para pensar bien cada respuesta.",做练习时别匆忙，花时间好好思考每个答案。,atropellarse_1.jpg,考试路径|B1|v,专四,灵魂；心灵,麻烦；不便,减少；减弱；缩小,大创内容组_senses_table_tem4 7.31.xlsx
audaz,adj,n/a,B1,1,,大胆的；勇敢无畏的,,El periodista hizo una pregunta muy audaz al presidente durante la rueda de prensa.,那位记者在新闻发布会上向总统提出了一个非常大胆的问题。,audaz_1.jpg,考试路径|B1|adj,专四,投入（资本）；花费（时间）,不幸,承担；接受（责任/职务）,大创内容组_senses_table_tem4 7.31.xlsx
auditorio,n,m,B1,1,,听众；观众,,El conferenciante se dirigió al auditorio con gran entusiasmo y claridad expositiva.,演讲者以极大的热情和清晰的表达向听众讲话。,auditorio_1.jpg,考试路径|B1|n,专四,冲向；扑向；突然开始,实习；见习,专业,大创内容组_senses_table_tem4 7.31.xlsx
auge,n,m,B1,1,,高潮；鼎盛时期,,El auge de la literatura hispanoamericana ocurrió durante el siglo XX con autores famosos.,拉美文学的鼎盛时期发生在二十世纪，涌现了许多著名作家。,auge_1.jpg,考试路径|B1|n,专四,领域；学科范围,逗留；停留期间,居于首位；领头,大创内容组_senses_table_tem4 7.31.xlsx
aun,adv,n/a,B1,1,,甚至；连…都；虽然；尽管（搭配que）,,Aun los estudiantes más avanzados tienen dificultades con algunos verbos irregulares.,甚至最高水平的学生也会对一些不规则动词感到困难。,aun_1.jpg,考试路径|B1|adv,专四,过程；进程；工序,认为；估计,文章；（报刊）文章,大创内容组_senses_table_tem4 7.31.xlsx
aunque,conj,n/a,B1,2,,即使,,"Aunque no quieras estudiar ahora, mañana tendrás que hacerlo para aprobar el examen.",即使你现在不想学，明天也不得不学才能通过考试。,aunque_2.jpg,考试路径|B1|conj,专四,满足（需求/费用）,采访；面试,思考；反思；沉思,大创内容组_senses_table_tem4 7.31.xlsx
auscultar,v,n/a,B1,1,,听诊,,El médico auscultó el pecho del paciente con el estetoscopio para detectar posibles anomalías.,医生用听诊器听诊病人的胸部，以检测可能的异常情况。,auscultar_1.jpg,考试路径|B1|v,专四,卸货,邻接的；立即的；即刻的,岸边；河岸,大创内容组_senses_table_tem4 7.31.xlsx
ausencia,n,f,B1,1,,缺席；不在,,Su ausencia en la reunión de grupo llamó la atención de todos los miembros del equipo.,他缺席小组会议引起了所有团队成员的注意。,ausencia_1.jpg,考试路径|B1|n,专四,指出；标明,档案；档案馆,位于；坐落于,大创内容组_senses_table_tem4 7.31.xlsx
ausencia,n,f,B1,2,,缺乏,,La ausencia de vocabulario básico es el principal problema de muchos estudiantes principiantes.,基础词汇的缺乏是许多初级学生的主要问题。,ausencia_2.jpg,考试路径|B1|n,专四,在对面；反对,绣；刺绣,那个；如同（正式/书面用法）,大创内容组_senses_table_tem4 7.31.xlsx
ausente,n,n/a,B1,1,,缺席的；缺席者,,Los estudiantes ausentes deberán justificar su falta ante el profesor de la asignatura.,缺席的学生必须向任课老师证明他们缺勤的理由。,ausente_1.jpg,考试路径|B1|n,专四,纪律,奶油；猪油；脂肪,终点,大创内容组_senses_table_tem4 7.31.xlsx
automático,adj,n/a,B1,1,,自动的；自动化的,,La puerta automática del supermercado se abre cuando detecta la presencia de personas.,超市的自动门检测到人的存在时就会打开。,automatico_1.jpg,考试路径|B1|adj,专四,民主；民主主义,占优势；处于支配地位,使开心；使消遣,大创内容组_senses_table_tem4 7.31.xlsx
autonomía,n,f,B1,1,,自治；自治权；自主；独立,,La universidad goza de cierta autonomía para decidir sus propios planes de estudio.,大学在决定自己的教学计划方面享有一定的自治权。,autonomia_1.jpg,考试路径|B1|n,专八|专四,明显；证据,拼写,预算,大创内容组_senses_table_tem4 7.31.xlsx
autopista,n,f,B1,1,,高速公路,,La autopista conecta la capital con la costa en menos de tres horas de conducción.,高速公路在不到三小时的车程内连接了首都和海岸。,autopista_1.jpg,考试路径|B1|n,专四,初次使用；首次上演,审判；判决,射击；发射,大创内容组_senses_table_tem4 7.20.xlsx
autoridad,n,f,B1,1,,权力；权威；威信,,El profesor tiene suficiente autoridad para mantener el orden en el aula y en los exámenes.,老师有足够的权威来维持课堂和考试期间的秩序。,autoridad_1.jpg,考试路径|B1|n,专四,模子；模型；铸模；楷模,金银；珍宝；珠宝首饰,巩固；加强；使坚强,大创内容组_senses_table_tem4 7.31.xlsx
autorizar,v,n/a,B1,1,,授权；批准；许可,,El director autorizó la celebración del evento cultural en el salón principal de la facultad.,主任批准了在学院主厅举行文化活动的申请。,autorizar_1.jpg,考试路径|B1|v,专四,谦虚；简朴；卑微；节制,指南针,口头报告；演示,大创内容组_senses_table_tem4 7.31.xlsx
auténtico,adj,n/a,B1,1,,真正的；真实的,,"La paella que probamos en Valencia era auténtica y deliciosa, no como las imitaciones.",我们在瓦伦西亚尝的海鲜饭是真正的、美味的，不像那些仿制品。,autentico_1.jpg,考试路径|B1|adj,专四,纸牌；纸牌游戏,尊严；尊贵,群；伙；帮（人员团伙）,大创内容组_senses_table_tem4 7.31.xlsx
auxiliar,n,n/a,B1,1,,辅助的；助手；救助,,Los estudiantes de enfermería trabajan como auxiliares en el hospital durante sus prácticas.,护理专业的学生在实习期间担任医院里的护理助手。,auxiliar_1.jpg,考试路径|B1|n,专四,相互的,人工的；人造的,抱负；雄心；野心,大创内容组_senses_table_tem4 7.31.xlsx
avance,n,m,B1,1,,前进；进展,,El avance de la tecnología ha transformado por completo la forma de aprender idiomas.,技术的进步已经完全改变了学习语言的方式。,avance_1.jpg,考试路径|B1|n,专四,混合；搭配,王冠；皇冠,落后的；迟缓的,大创内容组_senses_table_tem4 7.31.xlsx
avanzar,v,n/a,B1,1,,前进；进步；进展,,"A pesar de las dificultades con la gramática, siento que mi expresión oral ha logrado avanzar bastante.",尽管语法遇到困难，但我感觉我的口语表达已经取得了相当大的进步。,avanzar_1.jpg,考试路径|B1|v,专四,机构；机关；协会；学校；制度,锦标赛；冠军赛,提供；贡献,大创内容组_senses_table_tem4 7.16.xlsx
averiguar,v,n/a,B1,1,,调查；查明,,La policía está tratando de averiguar la verdad sobre lo que ocurrió aquella noche.,警方正在努力查明那天晚上到底发生了什么。,averiguar_1.jpg,考试路径|B1|v,专四,布告；公告；通告,假的；伪造的；虚伪的,赞扬；称赞,大创内容组_senses_table_tem4 7.31.xlsx
avería,n,f,B1,1,,故障；损伤（设备/车辆）,,El coche sufrió una avería en medio de la carretera y tuvieron que llamar a la grúa.,汽车在半路上发生了故障，他们不得不打电话叫拖车。,averia_1.jpg,考试路径|B1|n,专四,交叉路口；十字路口,精神；灵魂,手续（常用复数）,大创内容组_senses_table_tem4 7.31.xlsx
aviación,n,f,B1,1,,航空；空军,,La aviación comercial ha revolucionado los viajes internacionales en los últimos años.,近年来，商业航空已经彻底改变了国际旅行。,aviacion_1.jpg,考试路径|B1|n,专四,稳定的；稳固的；持久的,耕作；种植；培育,策划；组织；安排（事件、活动）,大创内容组_senses_table_tem4 7.31.xlsx
avisar,v,n/a,B1,2,,提醒；劝告,,El médico le avisó que debía dejar de fumar para mejorar su salud pulmonar.,医生提醒他应该戒烟以改善肺部健康。,avisar_2.jpg,考试路径|B1|v,专四,品质；特性,为…干杯；祝酒,住宿,大创内容组_senses_table_tem4 7.31.xlsx
azar,n,m,B1,1,,偶然；运气；意外；不幸；灾祸,,El juego del azar no es recomendable para los estudiantes universitarios con poco dinero.,靠运气的赌博不适合手头紧的大学生。,azar_1.jpg,考试路径|B1|n,专四,松的；不结实的；没劲儿的,伊斯兰教的；伊斯兰教徒,源自；由…而来,大创内容组_senses_table_tem4 7.31.xlsx
banda,n,f,B1,1,,带子；带状物,,El paquete estaba asegurado con una banda elástica para que no se abriera durante el envío.,包裹用一根弹力带系紧，以防止运输途中散开。,banda_1.jpg,考试路径|B1|n,专四,目标,证明；表明；示范,大方的；慷慨,大创内容组_senses_table_tem4 7.31.xlsx
banda,n,f,B1,2,,群；伙；帮（人员团伙）,,Una banda de jóvenes organizó un concierto benéfico en el patio de la universidad.,一群年轻人在大学的操场上组织了一场慈善音乐会。,banda_2.jpg,考试路径|B1|n,专四,为……辩解；证明无罪；辩解,日历；历书；年鉴,匮乏；不足,大创内容组_senses_table_tem4 7.31.xlsx
banda,n,f,B1,3,,管乐队；军乐队,,La banda municipal tocó música tradicional durante la celebración del día de la ciudad.,市立管乐队在城市节日的庆祝活动中演奏传统音乐。,banda_3.jpg,考试路径|B1|n,专四,困难；难度；障碍,岸边；河岸,时节；赛季；一段时期,大创内容组_senses_table_tem4 7.31.xlsx
bandido,n,m,B1,1,,强盗；土匪；坏蛋,,La película del oeste cuenta la historia de un bandido que robaba a los viajeros en el camino.,这部西部片讲述了一个在路上抢劫旅客的土匪的故事。,bandido_1.jpg,考试路径|B1|n,专四,硕士；学士,意志；意愿,缺点；缺陷,大创内容组_senses_table_tem4 7.31.xlsx
bando,n,m,B1,1,,布告；公告；通告,,El alcalde publicó un bando anunciando las nuevas normas de tráfico para la ciudad.,市长发布了一项公告，宣布该市新的交通规则。,bando_1.jpg,考试路径|B1|n,专四,细节；详述；零碎,强盗；土匪；坏蛋,永恒的；永久的,大创内容组_senses_table_tem4 7.31.xlsx
bando,n,m,B1,2,,派别；阵营,,El conflicto dividió a la población en dos bandos irreconciliables durante muchos años.,冲突多年来将民众分裂为两个不可调和的对立阵营。,bando_2.jpg,考试路径|B1|n,专四,标本；样品,领导人；负责人,输掉（比赛 / 考试）,大创内容组_senses_table_tem4 7.31.xlsx
banquero,n,n/a,B1,1,,银行家,,El famoso banquero donó una gran cantidad de dinero para construir la nueva biblioteca.,那位著名的银行家捐赠了一大笔资金来建造新的图书馆。,banquero_1.jpg,考试路径|B1|n,专四,吞噬；吞食,使狭小；使变窄,摆脱；处理掉,大创内容组_senses_table_tem4 7.31.xlsx
banquete,n,m,B1,1,,宴会；酒宴,,La universidad ofreció un gran banquete para celebrar el centenario de su fundación.,大学举办了盛大的宴会来庆祝其建校一百周年。,banquete_1.jpg,考试路径|B1|n,专四,智力的；脑力的；思想上的,主题；情节（文学/电影）,笼子,大创内容组_senses_table_tem4 7.31.xlsx
barrer,v,n/a,B1,1,,扫；打扫,,Cada noche barro el suelo de la cocina para mantenerlo limpio y ordenado.,每晚我都扫厨房的地板，保持干净整洁。,barrer_1.jpg,考试路径|B1|v,专四,想起（固定搭配 de）,记得（自复）,发射；发行；广播,大创内容组_senses_table_tem4 7.20.xlsx
barro,n,m,B1,1,,泥土；泥巴,,Los niños jugaban con barro en el jardín después de la tormenta y se ensuciaron mucho.,暴风雨后孩子们在花园里玩泥巴，弄得脏兮兮的。,barro_1.jpg,考试路径|B1|n,专四,强调；突出,完全的；准确的；完整的,内部的；内心的；国内的；内部；内地；内心,大创内容组_senses_table_tem4 7.31.xlsx
basar,n,n/a,B1,1,,以…为基础；以…为根据,,Los estudiantes deben basar sus argumentos en fuentes fiables y verificables.,学生们应该将自己的论点建立在可靠且可核实的信息来源上。,basar_1.jpg,考试路径|B1|n,专四,使靠近；移近,从事；施行；行使,量度；尺寸；比例；措施,大创内容组_senses_table_tem4 7.31.xlsx
base,n,f,B1,2,,基地；总部,,La universidad tiene una base de investigación en la selva amazónica para estudios lingüísticos.,这所大学在亚马逊雨林有一个语言学研究基地。,base_2.jpg,考试路径|B1|n,专四,拉；拖；席卷；卷走（比喻义）,后悔；懊悔,贼；强盗,大创内容组_senses_table_tem4 7.19.xlsx
batalla,n,f,B1,1,,战斗；战役；争斗；奋斗（比喻义）,,Los estudiantes libraron una batalla contra el estrés durante la semana de exámenes finales.,学生们在期末考试周与压力展开了一场战斗。,batalla_1.jpg,考试路径|B1|n,专四,辅助的；助手；救助,振奋；鼓起劲来,邻接的；立即的；即刻的,大创内容组_senses_table_tem4 7.31.xlsx
batería,n,f,B1,1,,电池,,La batería del teléfono se agotó rápidamente porque estaba usando muchas aplicaciones.,手机电池很快就没电了，因为我用了很多应用程序。,bateria_1.jpg,考试路径|B1|n,专四,球场；场地,致力于；钻研；努力做,宣布；声明；申报,大创内容组_senses_table_tem4 7.31.xlsx
batería,n,f,B1,2,,（器具等的）一套；组,,El cocinero tiene una batería de cuchillos muy afilados para preparar todo tipo de platos.,厨师有一套非常锋利的多用刀具，用来准备各种菜肴。,bateria_2.jpg,考试路径|B1|n,专四,悲观的,扩大；放大,小船；救生艇,大创内容组_senses_table_tem4 7.31.xlsx
batir,v,n/a,B1,1,,击；敲；拍打,,El viento batía las ventanas con tanta fuerza que parecía que iban a romperse.,风猛烈地敲打着窗户，仿佛它们快要被吹破了。,batir_1.jpg,考试路径|B1|v,专四,冲向；扑向；突然开始,震动；使发抖,人物；身影,大创内容组_senses_table_tem4 7.31.xlsx
bautismo,n,m,B1,1,,洗礼；洗礼仪式,,El bautismo del bebé se celebró en la iglesia del pueblo con todos los familiares presentes.,婴儿的洗礼仪式在村庄的教堂里举行，所有亲人都到场了。,bautismo_1.jpg,考试路径|B1|n,专四,不规则的；无规律的,律师,努力；尽力,大创内容组_senses_table_tem4 7.31.xlsx
beca,n,f,B1,1,,奖学金,,Solicité una beca de intercambio para estudiar un semestre en una universidad de Madrid.,我申请了交换奖学金，希望去马德里某大学读一学期。,beca_1.jpg,考试路径|B1|n,专四,开始；开创,生活；过活；度过,船；舰；厂房；库房,大创内容组_senses_table_tem4_with_images.xlsx
bendición,n,f,B1,1,,祝福；赐福,,La bendición del cura al final de la misa fue un momento muy emotivo para todos.,神父在弥撒结束时的祝福对所有人来说都是一个非常感动的时刻。,bendicion_1.jpg,考试路径|B1|n,专四,平的；平坦的；平原,杨树,柴火,大创内容组_senses_table_tem4 7.31.xlsx
beneficiar,v,n/a,B1,1,,使受益；有利于,,El nuevo programa de becas beneficiará a muchos estudiantes de bajos recursos económicos.,新的奖学金计划将惠及许多经济困难的学生。,beneficiar_1.jpg,考试路径|B1|v,专四,圆盘；唱片,艺术的；精巧的,导师；指导老师；监护人,大创内容组_senses_table_tem4 7.31.xlsx
beneficiarse,v,n/a,B1,1,,受益；得到好处,,Todos los estudiantes se beneficiaron del nuevo sistema de tutorías personalizadas.,所有学生都从新的个性化辅导制度中受益。,beneficiarse_1.jpg,考试路径|B1|v,专四,缓和；减轻（疼痛/情绪）,埋；埋葬；藏匿,祝贺；恭喜,大创内容组_senses_table_tem4 7.31.xlsx
bienestar,n,m,B1,1,,舒适；安逸；福利,,El bienestar de los estudiantes es una prioridad para la universidad y sus profesores.,学生的福祉是大学和老师们优先考虑的事项。,bienestar_1.jpg,考试路径|B1|n,专四,自动的；自动化的,同事；同僚,小船；救生艇,大创内容组_senses_table_tem4 7.31.xlsx
biografía,n,f,B1,1,,传记,,La biografía del famoso escritor cuenta todos los detalles de su vida y obra literaria.,这位著名作家的传记讲述了他一生和文学事业的所有细节。,biografia_1.jpg,考试路径|B1|n,专四,队；旅；工作组,指派；分配,感激；珍惜,大创内容组_senses_table_tem4 7.31.xlsx
blanco,n,m,B1,2,,靶子；目标,,El arquero apuntó al centro del blanco y disparó la flecha con gran precisión.,弓箭手瞄准靶心，非常精准地射出了箭。,blanco_3.jpg,考试路径|B1|n,专四,大块（石料/冰块等）,山顶；顶峰,合唱队；合唱,大创内容组_senses_table_tem4 7.31.xlsx
blanco,n,n/a,B1,3,,白种人的；白种人,,En el barrio conviven personas blancas y de otras razas en armonía y respeto.,在这个街区里，白人与其他种族的人和和谐相处，互相尊重。,blanco_4.jpg,考试路径|B1|n,专四,庆祝；纪念；招待,集团；联盟（国家/企业）,长；长度,大创内容组_senses_table_tem4 7.31.xlsx
blando,adj,n/a,B1,1,,柔软的（质地）；温和的；软弱的（性格）,,El colchón de la residencia universitaria es muy blando y cómodo para descansar.,大学宿舍的床垫非常柔软舒适，适合休息。,blando_1.jpg,考试路径|B1|adj,专四,正方形；方格,膨胀；通货膨胀,细的；薄的；精致的,大创内容组_senses_table_tem4 7.31.xlsx
bloque,n,m,B1,1,,大块（石料/冰块等）,,Los trabajadores transportan bloques de piedra para construir el nuevo edificio universitario.,工人们运送大块石料来建造新的大学建筑。,bloque_1.jpg,考试路径|B1|n,专四,民主；民主主义,打算；企图,提及；提到,大创内容组_senses_table_tem4 7.31.xlsx
bloque,n,m,B1,2,,建筑群；街区（由多栋楼组成）,,La universidad ocupa un bloque de edificios modernos en el centro de la ciudad.,大学占据了市中心一组现代建筑群。,bloque_2.jpg,考试路径|B1|n,专四,重视；敬重,金属丝；铁丝；电线,标本；样品,大创内容组_senses_table_tem4 7.31.xlsx
bloque,n,m,B1,3,,集团；联盟（国家/企业）,,Los países del bloque latinoamericano firmaron un acuerdo de cooperación comercial.,拉美国家集团签署了一项商业合作协议。,bloque_3.jpg,考试路径|B1|n,专四,撞倒；轧到（车辆）,满足（需求/费用）,高潮；鼎盛时期,大创内容组_senses_table_tem4 7.31.xlsx
bochorno,n,m,B1,1,,闷热；暑热,,Durante el mes de agosto el bochorno hace que sea difícil concentrarse en el estudio.,八月期间闷热的天气让人很难集中精力学习。,bochorno_1.jpg,考试路径|B1|n,专四,施舍,不幸,自私的,大创内容组_senses_table_tem4 7.20.xlsx
boletín,n,m,B1,1,,简报；公告,,El boletín universitario informa cada mes sobre las nuevas actividades académicas y culturales.,大学简报每月通报新的学术和文化活动信息。,boletin_1.jpg,考试路径|B1|n,专四,能源的；能量的,卷；使成卷状,激起爱情；使爱上,大创内容组_senses_table_tem4 7.31.xlsx
boletín,n,m,B1,2,,成绩单（学生）,,Mis padres se alegraron mucho al ver mi boletín de notas este trimestre.,我父母看到我这学期的成绩单时非常高兴。,boletin_2.jpg,考试路径|B1|n,专四,发票；账单,抱负；雄心；野心,首要的；根本的,大创内容组_senses_table_tem4 7.31.xlsx
bolsa,n,f,B1,2,,证券交易所；股市,,La bolsa de valores experimentó una subida significativa después del anuncio del gobierno.,政府公告发布后，证券交易所经历了一次显著的上涨。,bolsa_2.jpg,考试路径|B1|n,专四,大船；舰,细雨；毛毛雨,借助；通过；利用,大创内容组_senses_table_tem4 7.31.xlsx
bomba,n,f,B1,1,,泵；抽水机；炸弹,,El fontanero usó una bomba para extraer el agua acumulada en el sótano del edificio.,水管工用一台泵把大楼地下室积存的水抽出来。,bomba_1.jpg,考试路径|B1|n,专四,提供；给予（机会/帮助）,渴望；热切期望,平静下来,大创内容组_senses_table_tem4 7.31.xlsx
bondad,n,f,B1,1,,善良；仁慈,,La bondad del profesor hacia los estudiantes más vulnerables es un ejemplo para todos.,老师对最弱势学生的善良是所有人的榜样。,bondad_1.jpg,考试路径|B1|n,专四,不可见的；无形的,小伙子；年轻姑娘,源自（搭配 de）,大创内容组_senses_table_tem4 7.31.xlsx
bordar,v,n/a,B1,1,,绣；刺绣,,Mi abuela sabe bordar flores muy bonitas en las toallas y servilletas de lino.,我奶奶会在亚麻毛巾和餐巾上绣出非常漂亮的花朵。,bordar_1.jpg,考试路径|B1|v,专四,住宿；寄宿,信念；信仰；相信；证明,船舶；上船,大创内容组_senses_table_tem4 7.31.xlsx
bordo,n,m,B1,1,,船舷；船边,,Todos los pasajeros subieron a bordo del barco antes de que zarpara del puerto.,所有乘客在船离港前都登上了甲板。,bordo_1.jpg,考试路径|B1|n,专四,矿；矿山；矿井,穿过；横穿,涂抹；擦,大创内容组_senses_table_tem4 7.31.xlsx
borracho,n,n/a,B1,1,,喝醉的；醉汉,,Llamaron a un taxi para llevar a casa al hombre borracho que no podía caminar derecho.,他们叫了一辆出租车，把那个醉得走不直路的男人送回家。,borracho_1.jpg,考试路径|B1|n,专四,使激动；使感动,本质的；基本的；必要的,议论文；散文式写作,大创内容组_senses_table_tem4 7.31.xlsx
botón,n,m,B1,2,,花蕾；芽（植物）,,Los primeros botones de las rosas empezaron a aparecer en el jardín esta primavera.,今年春天，花园里第一批玫瑰花蕾开始出现了。,boton_3.jpg,考试路径|B1|n,专四,使害怕；驱赶,进攻；袭击,效力；效率,大创内容组_senses_table_tem4 7.31.xlsx
boxeo,n,m,B1,1,,拳击运动,,El boxeo es un deporte que requiere mucha disciplina y un gran control físico.,拳击是一项需要高度纪律性和强身体控制力的运动。,boxeo_1.jpg,考试路径|B1|n,专四,相互的,确信；确保（自己）,要素；因素,大创内容组_senses_table_tem4 7.31.xlsx
bravo,adj,n/a,B1,1,,勇敢的；勇猛的,,El soldado recibió una medalla por su acto bravo durante la batalla más peligrosa.,这位士兵因为在最危险的战斗中的英勇行为而获得了一枚奖章。,bravo_1.jpg,考试路径|B1|adj,专四,工程师,发芽；萌发,交叉路口；十字路口,大创内容组_senses_table_tem4 7.31.xlsx
bravo,int,n/a,B1,2,,好啊！太棒了！,,¡Bravo! El discurso del profesor fue inspirador y todos los alumnos aplaudieron con entusiasmo.,太棒了！老师的演讲鼓舞人心，所有学生都热烈鼓掌。,bravo_2.jpg,考试路径|B1|int,专四,火光；灯光；光芒,测量；计量；量度,部门；系,大创内容组_senses_table_tem4 7.31.xlsx
brigada,n,f,B1,1,,队；旅；工作组,,Una brigada de estudiantes voluntarios limpió el parque durante el fin de semana.,一支学生志愿者队在上周末清理了公园。,brigada_1.jpg,考试路径|B1|n,专四,规避；避免错误,磅（重量单位）；镑（货币单位）,编年史；记录,大创内容组_senses_table_tem4 7.31.xlsx
brillante,adj,n/a,B1,1,,发光的；杰出的,,El sol brillante iluminaba toda la ciudad desde las primeras horas de la mañana.,灿烂的太阳从清晨起就照亮了整座城市。,brillante_1.jpg,考试路径|B1|adj,专四,前进；进展,一半；二分之一,邻接的；立即的；即刻的,大创内容组_senses_table_tem4 7.31.xlsx
brillo,n,m,B1,1,,光亮；光辉,,El brillo de las estrellas en el cielo nocturno siempre nos inspira a soñar.,夜空中星星的光辉总是激励我们去梦想。,brillo_1.jpg,考试路径|B1|n,专四,提及；提到,达成；成功做到,小巷；胡同,大创内容组_senses_table_tem4 7.31.xlsx
brindar,v,n/a,B1,1,,为…干杯；祝酒,,"Al final de la cena, todos brindaron por el éxito del proyecto y la amistad del equipo.",晚宴结束时，所有人都为项目的成功和团队的友谊干杯。,brindar_1.jpg,考试路径|B1|v,专四,时代；时期,借给,侦察；窥探；暗中监视,大创内容组_senses_table_tem4 7.31.xlsx
brindar,v,n/a,B1,2,,提供；给予（机会/帮助）,,La universidad nos brinda la oportunidad de estudiar en el extranjero durante un semestre.,大学为我们提供了一个学期出国留学的机会。,brindar_2.jpg,考试路径|B1|v,专四,就坐；坐下,发光；发亮；出众,阐述；陈述；展览,大创内容组_senses_table_tem4 7.31.xlsx
brisa,n,f,B1,1,,微风；轻风,,La brisa marina alivia el calor del verano en las playas de Valencia.,海边的微风缓解了瓦伦西亚海滩夏日的炎热。,brisa_1.jpg,考试路径|B1|n,专四,走神；分心,阐述；陈述；展览,营地；露营,大创内容组_senses_table_tem4 7.20.xlsx
bronce,n,m,B1,1,,青铜；青铜器,,El museo exhibe una colección de esculturas de bronce de la época romana.,博物馆展出了一批罗马时期的青铜雕塑收藏品。,bronce_1.jpg,考试路径|B1|n,专四,（疾病/情绪）发作,奶油；猪油；脂肪,天真的；纯朴的,大创内容组_senses_table_tem4 7.31.xlsx
brotar,v,n/a,B1,1,,发芽；萌发,,Las primeras flores empiezan a brotar en el jardín cuando llega la primavera.,春天来临时，花园里的第一批花朵开始发芽绽放。,brotar_1.jpg,考试路径|B1|v,专四,提及；提到,风景；景色；景观,天使,大创内容组_senses_table_tem4 7.31.xlsx
brujo,n,n/a,B1,1,,巫师；巫婆,,"En la leyenda, el brujo del pueblo curaba enfermedades con remedios naturales y rituales.",传说中，村里的巫师用天然药物和仪式来治愈疾病。,brujo_1.jpg,考试路径|B1|n,专四,斗篷；披风,法令；命令,输出；出口,大创内容组_senses_table_tem4 7.31.xlsx
brusco,adj,n/a,B1,1,,突然的；粗鲁的,,"Su respuesta brusca sorprendió a todos, ya que normalmente es una persona muy amable.",他突然的粗鲁回答让所有人吃惊，因为他平时是一个非常友善的人。,brusco_1.jpg,考试路径|B1|adj,专四,电流,远离；避开,投降；致力于；沉溺于,大创内容组_senses_table_tem4 7.31.xlsx
bruto,adj,n/a,B1,1,,粗鲁的；未加工的,,El petróleo bruto necesita ser refinado antes de convertirse en combustible útil.,原油在变成有用的燃料之前需要经过提炼加工。,bruto_1.jpg,考试路径|B1|adj,专四,简历；履历,人工的；人造的,证券交易所；股市,大创内容组_senses_table_tem4 7.31.xlsx
brújula,n,f,B1,1,,指南针,,Siempre llevo una brújula en la mochila cuando hago senderismo en zonas poco conocidas.,在不太熟悉的地方徒步时我总在背包里带一个指南针。,brujula_1.jpg,考试路径|B1|n,专四,过多的；过度的,感动；激动,不幸,大创内容组_senses_table_tem4 7.20.xlsx
buque,n,m,B1,1,,大船；舰,,El buque de carga atracó en el puerto con toneladas de mercancías de todo el mundo.,货船停靠在港口，载着来自世界各地的成吨货物。,buque_1.jpg,考试路径|B1|n,专四,街区（拉美用法）,运动的；体育的,批改；纠正,大创内容组_senses_table_tem4 7.31.xlsx
burguesía,n,f,B1,1,,资产阶级,,La burguesía adquirió un gran poder económico durante la Revolución Industrial del siglo XIX.,资产阶级在十九世纪工业革命期间获得了巨大的经济实力。,burguesia_1.jpg,考试路径|B1|n,专四,预报；预测,扳手；开关,协议；约定,大创内容组_senses_table_tem4 7.31.xlsx
burgués,n,n/a,B1,1,,资产阶级的；资产阶级分子,,La familia burguesa vivía en una mansión lujosa y disfrutaba de todos los privilegios.,这个资产阶级家庭住在一座豪华宅邸中，享受着所有特权。,burgues_1.jpg,考试路径|B1|n,专四,翻倍,时代；时期,隐藏；掩盖,大创内容组_senses_table_tem4 7.31.xlsx
burlar,v,n/a,B1,1,,愚弄；欺骗,,El estafador logró burlar a muchas personas con su promesa de dinero fácil.,骗子用轻松赚钱的承诺骗过了许多人。,burlar_1.jpg,考试路径|B1|v,专四,会见；面谈,使安静；不说话；沉默,肯定；断言,大创内容组_senses_table_tem4 7.31.xlsx
burlarse,v,n/a,B1,1,,嘲笑；取笑,,"No te burles de tus compañeros por sus errores, todos estamos aprendiendo juntos.",不要因为错误嘲笑你的同学们，我们都在共同学习。,burlarse_1.jpg,考试路径|B1|v,专四,分配；分发,空间的；太空的,擦洗；刷洗,大创内容组_senses_table_tem4 7.31.xlsx
cabal,adj,n/a,B1,1,,完全的；准确的；完整的,,"La información que necesitas está cabal en este documento, no busques más.",你需要的信息完全在这份文件里，不用再找了。,cabal_1.jpg,考试路径|B1|adj,专四,收款处；收银台,电流,强度；强烈；紧张,大创内容组_senses_table_tem4 7.31.xlsx
cabello,n,m,B1,1,,头发；毛发,,"Mi hermana tiene el cabello largo y rizado, y siempre lo recoge en una coleta.",我姐姐有着长而卷的头发，她总是把头发扎成马尾。,cabello_1.jpg,考试路径|B1|n,专四,高的；崇高的,文学的,公的；雄的；雄性动物,大创内容组_senses_table_tem4 7.31.xlsx
cable,n,m,B1,1,,电缆；电线,,El técnico conectó el cable de internet para que pudiéramos navegar sin problemas.,技术人员接好了网线，这样我们就能流畅地网上冲浪了。,cable_1.jpg,考试路径|B1|n,专四,讨价还价,助手；助理,营地；露营,大创内容组_senses_table_tem4 7.31.xlsx
cabo,n,m,B1,1,,末端；尽头,,"Al cabo de la calle, encontrarás la biblioteca a la izquierda de la plaza principal.",到街道尽头时，你会看到图书馆在主广场的左边。,cabo_1.jpg,考试路径|B1|n,专四,神；神性,指路；引导,目的；宗旨,大创内容组_senses_table_tem4 7.31.xlsx
cadena,n,f,B1,1,,链子；链条,,La cadena de la bicicleta se rompió en medio del camino y tuvimos que empujarla.,自行车链条在半路上断了，我们不得不推着它走。,cadena_1.jpg,考试路径|B1|n,专四,使害怕；驱赶,闪电,定义,大创内容组_senses_table_tem4 7.31.xlsx
cadena,n,f,B1,2,,一系列；连锁,,Una cadena de errores en la traducción cambió por completo el sentido del texto original.,翻译中的一系列错误完全改变了原文的含义。,cadena_2.jpg,考试路径|B1|n,专四,使生气；生气,住宿；住所,营地；露营,大创内容组_senses_table_tem4 7.31.xlsx
cadáver,n,m,B1,1,,尸体,,Los bomberos encontraron el cadáver entre los escombros del edificio derrumbado.,消防员在倒塌建筑的废墟中发现了尸体。,cadaver_1.jpg,考试路径|B1|n,专四,属性；特质,拴；系；捆,通知；告诉；打听；获悉,大创内容组_senses_table_tem4 7.31.xlsx
caer,v,n/a,B1,2,,适合；中意（搭配bien/mal）,,Me cae muy bien el nuevo profesor porque explica con mucha claridad y paciencia.,新老师很合我意，因为他讲解得很清晰且有耐心。,caer_3.jpg,考试路径|B1|v,专四,小船；救生艇,冠军,自私的,大创内容组_senses_table_tem4 7.31.xlsx
caja,n,f,B1,2,,收款处；收银台,,"Al llegar a la caja del supermercado, me di cuenta de que había olvidado la cartera en casa.",到了超市收银台时，我才发现忘带钱包了。,caja_2.jpg,考试路径|B1|n,专四,十字；十字架；十字形状,取得（分数 / 证件）,促进；鼓励；煽动,大创内容组_senses_table_tem4 7.31.xlsx
cal,n,f,B1,1,,石灰,,Los albañiles mezclaron cal con arena y agua para preparar el mortero de la construcción.,建筑工人将石灰与沙子和水混合，制备建筑用的砂浆。,cal_1.jpg,考试路径|B1|n,专四,增加；使倍增；乘；成倍增加；繁殖,公正；正义；司法权；司法机关,送别；为…送行,大创内容组_senses_table_tem4 7.31.xlsx
calamidad,n,f,B1,1,,灾难；灾害,,La inundación fue una calamidad que dejó sin hogar a miles de personas.,洪水是一场灾难，使成千上万的人无家可归。,calamidad_1.jpg,考试路径|B1|n,专四,源自；由…而来,运动的；体育的,灌醉；使头晕,大创内容组_senses_table_tem4 7.31.xlsx
calcular,v,n/a,B1,1,,计算（数学）,,Los estudiantes aprendieron a calcular el área de un triángulo en la clase de geometría.,学生们在几何课上学会了计算三角形的面积。,calcular_1.jpg,考试路径|B1|v,专四,奇迹；奇事；怪事,武装；装备,发誓；宣誓,大创内容组_senses_table_tem4 7.31.xlsx
calcular,v,n/a,B1,2,,估计；估算,,Calculo que el viaje en coche desde Madrid hasta Barcelona durará unas seis horas.,我估计从马德里开车到巴塞罗那大约需要六个小时。,calcular_2.jpg,考试路径|B1|v,专四,温和的；不冷不热的,音乐的；配乐的,躲避；回避；逃脱,大创内容组_senses_table_tem4 7.31.xlsx
calibre,n,m,B1,1,,口径；直径,,"El arma que encontraron era de un calibre pequeño, utilizado para fines deportivos.",他们发现的枪口径很小，用于体育射击目的。,calibre_1.jpg,考试路径|B1|n,专四,变狭窄；变亲密,前进；进步；进展,指出；标明,大创内容组_senses_table_tem4 7.31.xlsx
calificación,n,f,B1,1,,评分；成绩；评定,,"Para mantener tu beca de estudios, debes conseguir una calificación media superior a ocho puntos.",为了保留你的奖学金，你必须取得八分以上的平均成绩。,calificacion_1.jpg,考试路径|B1|n,专四,工业；产业；行业,吃点心；吃下午茶,贼；强盗,大创内容组_senses_table_tem4 7.16.xlsx
calificar,v,n/a,B1,1,,给...评分；评级；使具有资格,,Los profesores de departamento se reúnen hoy para calificar las presentaciones orales de los alumnos.,系里的老师们今天聚在一起，为学生们的口语陈述进行评分。,calificar_1.jpg,考试路径|B1|v,专四,专业,优点；功劳；功绩,附近；近郊,大创内容组_senses_table_tem4 7.16.xlsx
callar,v,n/a,B1,1,,使安静；不说话；沉默,,"Por favor, calla durante la proyección del documental sobre el arte español.",播放关于西班牙艺术的纪录片时请保持安静。,callar_1.jpg,考试路径|B1|v,专四,手续（常用复数）,开发；开采；剥削；利用,游行；列队行进,大创内容组_senses_table_tem4 7.20.xlsx
callejón,n,m,B1,1,,小巷；胡同,,El callejón estrecho entre los dos edificios antiguos estaba lleno de macetas con flores.,两栋古老建筑之间的狭窄小巷里放满了种着花的花盆。,callejon_1.jpg,考试路径|B1|n,专四,巫师；巫婆,大陆；洲,和谐；协调,大创内容组_senses_table_tem4 7.31.xlsx
calmar,v,n/a,B1,1,,使平静；安抚,,El profesor intentó calmar a los estudiantes nerviosos antes del examen final.,老师试图安抚期末考试前紧张的学生们。,calmar_1.jpg,考试路径|B1|v,专四,预算,不认识；不知道,器械；装置；设备,大创内容组_senses_table_tem4 7.31.xlsx
calmar,v,n/a,B1,2,,缓和；减轻（疼痛/情绪）,,El médico le recetó un medicamento para calmar el dolor de espalda que sufría.,医生给他开了一种药来缓解他背部的疼痛。,calmar_2.jpg,考试路径|B1|v,专四,路线；行程,内行的；专家；行家,振奋；鼓起劲来,大创内容组_senses_table_tem4 7.31.xlsx
calmarse,v,n/a,B1,1,,平静下来,,"Después de unos minutos de respiración profunda, logró calmarse y seguir con su presentación.",深呼吸几分钟后，他设法平静下来并继续自己的陈述演示。,calmarse_1.jpg,考试路径|B1|v,专四,磅（重量单位）；镑（货币单位）,开幕；开始,射击；发射,大创内容组_senses_table_tem4 7.31.xlsx
caluroso,adj,n/a,B1,1,,炎热的（天气）,,"El verano en Sevilla es extremadamente caluroso, con temperaturas superiores a los cuarenta grados.",塞维利亚的夏天极其炎热，气温超过四十度。,caluroso_1.jpg,考试路径|B1|adj,专四,占优势；处于支配地位,盆地（地理）；流域,听众；观众,大创内容组_senses_table_tem4 7.31.xlsx
caluroso,adj,n/a,B1,2,,热烈的（欢迎/感情）,,El público ofreció una calurosa bienvenida al equipo ganador en el estadio.,观众们在体育场里热烈地欢迎获胜的团队。,caluroso_2.jpg,考试路径|B1|adj,专四,辱骂；侮辱,香味；香气,疲劳；呼吸困难,大创内容组_senses_table_tem4 7.31.xlsx
camarada,n,n/a,B1,1,,同志；同伴；战友,,Mis camaradas de la universidad y yo seguimos en contacto muchos años después de graduarnos.,我和大学时代的同伴们毕业多年后仍然保持联系。,camarada_1.jpg,考试路径|B1|n,专四,穿过；横穿,听诊,走向；前往,大创内容组_senses_table_tem4 7.31.xlsx
cambio,n,m,B1,2,,零钱（硬币）；汇率；兑换率,,"El pan cuesta un euro con cincuenta céntimos, y pagué con un billete de cinco euros.",面包一欧元五十美分，我用五欧元钞票付款，等收银员找零。,cambio_2.jpg,考试路径|B1|n,专四,同样；也,指派；分配,计算（数学）,大创内容组_senses_table_tem4 7.31.xlsx
campamento,n,m,B1,1,,营地；露营,,Instalamos nuestro campamento junto al río y pasamos la noche al aire libre.,我们在河边搭起营地，在户外过了一夜。,campamento_1.jpg,考试路径|B1|n,专四,海洋的；滨海的；靠海的,表达；固定表达,编年史；记录,大创内容组_senses_table_tem4 7.20.xlsx
campaña,n,f,B1,1,,田野；开阔平原,,Los soldados acamparon en la campaña durante toda la noche sin encender fuego.,士兵们整夜在开阔平原上扎营，没有生火。,campana_1.jpg,考试路径|B1|n,专四,出现；在；有；有声望,聊天；闲谈,纬度,大创内容组_senses_table_tem4 7.31.xlsx
campaña,n,f,B1,2,,运动（社会/政治/广告）,,La campaña de concienciación sobre el reciclaje tuvo mucho éxito entre los estudiantes.,关于回收利用的宣传活动在学生中取得了很大成功。,campana_2.jpg,考试路径|B1|n,专四,梯子；阶梯,闷热；暑热,发誓；宣誓,大创内容组_senses_table_tem4 7.31.xlsx
campaña,n,f,B1,3,,战役（军事）,,El general planeó una campaña militar para defender la frontera norte del país.,将军策划了一场军事战役来保卫国家的北部边境。,campana_3.jpg,考试路径|B1|n,专四,轮到；该（某人）,偶然；运气；意外；不幸；灾祸,疲劳；呼吸困难,大创内容组_senses_table_tem4 7.31.xlsx
campeonato,n,m,B1,1,,锦标赛；冠军赛,,El campeonato de debates en español se celebrará en el auditorio de la facultad.,西班牙语辩论锦标赛将在学院礼堂举行。,campeonato_1.jpg,考试路径|B1|n,专四,使惊奇；惊叹,智力,找回；补回,大创内容组_senses_table_tem4 7.31.xlsx
campeón,n,n/a,B1,1,,冠军,,El equipo de fútbol de la universidad se proclamó campeón del torneo nacional.,大学足球队赢得了全国锦标赛冠军。,campeon_1.jpg,考试路径|B1|n,专四,直径,碾磨机；磨坊；作坊；工厂,极大的；无数的；广阔的,大创内容组_senses_table_tem4 7.31.xlsx
campo,n,m,B1,2,,领域；学科范围,,La lingüística es un campo muy amplio que abarca el estudio del lenguaje humano.,语言学是一个涵盖了人类语言研究的非常广阔的领域。,campo_2.jpg,考试路径|B1|n,专四,不规则的；无规律的,适应（搭配 a）,（器具等的）一套；组,大创内容组_senses_table_tem4 7.31.xlsx
campo,n,m,B1,3,,场地（运动/活动）,,El campo de fútbol de la universidad fue renovado para el campeonato de este año.,大学的足球场为今年的锦标赛进行了翻新。,campo_3.jpg,考试路径|B1|n,专四,使就坐；安排就座,包；裹,最小的；最低的；最少的,大创内容组_senses_table_tem4 7.31.xlsx
canal,n,n/a,B1,1,,运河；水道,,El canal de Panamá conecta el océano Atlántico con el Pacífico y es vital para el comercio mundial.,巴拿马运河连接大西洋和太平洋，对全球贸易至关重要。,canal_1.jpg,考试路径|B1|n,专四,汇入；流入（河流）,线的；线形的,面团；人群；群众,大创内容组_senses_table_tem4 7.31.xlsx
canal,n,m,B1,2,,频道（电视/广播）,,Este canal de televisión ofrece documentales interesantes sobre la naturaleza y los animales.,这个电视频道提供关于自然和动物的有趣纪录片。,canal_2.jpg,考试路径|B1|n,专四,细节；详述；零碎,体育场；运动场,不公正；不合理；不公道,大创内容组_senses_table_tem4 7.31.xlsx
cancha,n,f,B1,1,,球场；场地,,Los estudiantes alquilaron una cancha de baloncesto para entrenar los fines de semana.,学生们周末租了一个篮球场进行训练。,cancha_1.jpg,考试路径|B1|n,专四,羊毛；毛线,合适的；方便的,候选人,大创内容组_senses_table_tem4 7.31.xlsx
candidato,n,n/a,B1,1,,候选人,,Los candidatos a la beca de intercambio presentaron sus proyectos ante el comité evaluador.,奖学金交换项目的候选人在评审委员会面前展示了他们的方案。,candidato_1.jpg,考试路径|B1|n,专四,阵雨；暴雨,燃烧；烧着；发热；（身体）发烫,天体；星,大创内容组_senses_table_tem4 7.31.xlsx
cansancio,n,m,B1,1,,疲惫；劳累,,El cansancio de los exámenes finales desaparece cuando empiezan las vacaciones.,期末考试的疲惫一放假就全消了。,cansancio_1.jpg,考试路径|B1|n,专四,大陆；洲,产业；田产；庄园,轻视；蔑视,大创内容组_senses_table_tem4 7.18.xlsx
cantina,n,f,B1,1,,食堂；小饭馆,,La cantina de la universidad ofrece menús variados a precios muy asequibles para estudiantes.,大学食堂为学生们提供种类丰富、价格实惠的菜单。,cantina_1.jpg,考试路径|B1|n,专四,律师,打算；企图,停放（车辆）,大创内容组_senses_table_tem4 7.31.xlsx
caos,n,m,B1,1,,混乱；混沌,,"Después del terremoto, el caos se apoderó de las calles de la ciudad afectada.",地震过后，混乱笼罩了受灾城市的街道。,caos_1.jpg,考试路径|B1|n,专四,抖落；拍打,输掉；输；失败,发誓；宣誓,大创内容组_senses_table_tem4 7.31.xlsx
capa,n,f,B1,1,,层；阶层（社会）,,La pintura necesita varias capas para cubrir bien la superficie de la madera.,油漆需要涂好几层才能很好地覆盖木头表面。,capa_1.jpg,考试路径|B1|n,专四,诊断,摆脱；处理掉,毯子；被子；披风,大创内容组_senses_table_tem4 7.31.xlsx
capa,n,f,B1,2,,斗篷；披风,,El héroe llevaba una capa roja que ondeaba al viento mientras corría.,英雄披着红色斗篷在奔跑时随风飘扬。,capa_3.jpg,考试路径|B1|n,专四,企业主；企业家,野兽,侵略；侵犯；侵入,大创内容组_senses_table_tem4 7.31.xlsx
capacidad,n,f,B1,1,,能力；容量,,La capacidad de analizar textos complejos es una cualidad indispensable para los estudiantes de lenguas extranjeras.,分析复杂文本的能力是外语学生必不可少的素质。,capacidad_1.jpg,考试路径|B1|n,专四,贵妇人；女士,合适的；特有的,砍刀；大刀,大创内容组_senses_table_tem4 7.16.xlsx
capacitación,n,f,B1,1,,培训；能力培养,,La capacitación de los nuevos profesores se realiza durante las primeras semanas del curso.,新老师的培训在课程的最初几周进行。,capacitacion_1.jpg,考试路径|B1|n,专四,同志；同伴；战友,有效的；真实的,虚弱的；微弱的,大创内容组_senses_table_tem4 7.31.xlsx
capilla,n,f,B1,1,,小教堂；礼拜堂,,La capilla del campus universitario es un espacio tranquilo para la reflexión personal.,大学校园里的小教堂是个人静修和反思的宁静空间。,capilla_1.jpg,考试路径|B1|n,专四,量度；尺寸；比例；措施,引文；引用,基督教的；基督教徒,大创内容组_senses_table_tem4 7.31.xlsx
capital,n,m,B1,2,,资本；资金,,La universidad necesita capital para invertir en nuevas tecnologías educativas.,大学需要资金来投资新的教育技术。,capital_2.jpg,考试路径|B1|n,专四,经度,取得（分数 / 证件）,找回；补回,大创内容组_senses_table_tem4 7.31.xlsx
capital,adj,n/a,B1,3,,首要的；根本的,,El respeto entre compañeros es capital para mantener un buen ambiente de estudio.,同学之间的尊重对于维持良好的学习氛围至关重要。,capital_3.jpg,考试路径|B1|adj,专四,领会；理解,手工的；体力的；教科书；手册,送别；为…送行,大创内容组_senses_table_tem4 7.31.xlsx
capitalismo,n,m,B1,1,,资本主义,,El capitalismo se basa en la propiedad privada y la libre competencia del mercado.,资本主义基于私有财产和自由市场竞争。,capitalismo_1.jpg,考试路径|B1|n,专四,弄湿；浸湿；淋湿；参与；卷入,天使,扑向；扑过去,大创内容组_senses_table_tem4 7.31.xlsx
capitalista,n,n/a,B1,1,,资本主义的；资本家,,El sistema capitalista ha generado un gran crecimiento económico en muchas regiones del mundo.,资本主义制度在世界许多地区产生了巨大的经济增长。,capitalista_1.jpg,考试路径|B1|n,专四,成员,力学的；机械的；技工；机械师,进攻；袭击,大创内容组_senses_table_tem4 7.31.xlsx
capitán,n,m,B1,1,,船长；上尉,,El capitán del barco anunció que la travesía duraría aproximadamente tres días.,船长宣布航行大约需要三天时间。,capitan_1.jpg,考试路径|B1|n,专四,标签；商标,回声；反响；余音,工程师,大创内容组_senses_table_tem4 7.31.xlsx
captar,v,n/a,B1,1,,领会；理解,,Me costó trabajo captar el significado de este poema escrito en español antiguo.,我费了一番功夫才领会这首古西班牙语诗的含义。,captar_1.jpg,考试路径|B1|v,专四,受教育；培养,拴；系；捆,规模；大小；维度,大创内容组_senses_table_tem4 7.31.xlsx
captar,v,n/a,B1,2,,接收（信号）,,El teléfono no capta bien la señal en esta zona montañosa tan apartada.,手机在这片偏远的山区接收不到好信号。,captar_2.jpg,考试路径|B1|v,专四,大使馆,信念；信仰；相信；证明,区分；辨别；使不同,大创内容组_senses_table_tem4 7.31.xlsx
captar,v,n/a,B1,3,,赢得（关注/好感）,,El discurso del profesor logró captar la atención de todos los estudiantes en el aula.,老师的演讲成功赢得了课堂上所有学生的注意力。,captar_3.jpg,考试路径|B1|v,专四,思考；沉思,使远离；使疏远,连接；接通；建立联系,大创内容组_senses_table_tem4 7.31.xlsx
capturar,v,n/a,B1,1,,捕捉；捕获,,La policía logró capturar al ladrón después de varias semanas de investigación.,经过几周调查，警方成功捕获了那名窃贼。,capturar_1.jpg,考试路径|B1|v,专四,哑的；沉默的；无声的；哑巴,完全的；准确的；完整的,逗留；停留期间,大创内容组_senses_table_tem4 7.31.xlsx
carbón,n,m,B1,1,,煤；木炭,,El carbón es una fuente de energía muy utilizada en las centrales térmicas tradicionales.,煤是传统热电厂中一种广泛使用的能源。,carbon_1.jpg,考试路径|B1|n,专四,注意；倾听；考虑,浮现；露出,主人；雇主,大创内容组_senses_table_tem4 7.31.xlsx
cargo,n,m,B1,1,,职位；职务,,Aceptó el cargo de representante de la clase para organizar todas las actividades estudiantiles.,他接受了班长一职，负责组织所有学生活动。,cargo_1.jpg,考试路径|B1|n,专四,舒适；方便,平静下来,仓库；大型商店,大创内容组_senses_table_tem4 7.19.xlsx
caña,n,f,B1,2,,甘蔗,,El azúcar que usamos en la cocina se obtiene principalmente de la caña de azúcar.,我们厨房里用的糖主要是从甘蔗中提取的。,cana_2.jpg,考试路径|B1|n,专四,一系列；连锁,希望；期望；盼望,微风；轻风,大创内容组_senses_table_tem4 7.31.xlsx
celebrar,v,n/a,B1,1,,庆祝；举行,,El grupo de español va a celebrar el Día de Cervantes con una lectura de poemas.,西语小组将举办一场诗歌朗诵会来庆祝塞万提斯日。,celebrar_1.jpg,考试路径|B1|v,专四,金属的；金属般的,山；山林,分开地；在别处,大创内容组_senses_table_tem4 7.20.xlsx
charlar,v,n/a,B1,1,,聊天；闲谈,,Nos gusta charlar sobre la cultura hispana después de clase en la cafetería.,下课后我们喜欢在咖啡馆里聊西班牙语文化。,charlar_1.jpg,考试路径|B1|v,专四,不可避免的；必然的,适应（搭配 a）,资本主义,大创内容组_senses_table_tem4 7.20.xlsx
chubasco,n,m,B1,1,,阵雨；暴雨,,Un chubasco repentino nos sorprendió cuando estábamos en el mercado al aire libre.,我们在露天市场时突然来了一场阵雨。,chubasco_1.jpg,考试路径|B1|n,专四,明显；证据,贵妇人；女士,器械；装置；设备,大创内容组_senses_table_tem4 7.20.xlsx
cima,n,f,B1,1,,顶峰；山顶,,"Después de varias horas de caminata, finalmente llegamos a la cima de la montaña.",徒步几个小时后，我们终于到达了山顶。,cima_1.jpg,考试路径|B1|n,专四,大方的；慷慨,工作日；工时,助手；助理,大创内容组_senses_table_tem4 7.20.xlsx
cita,n,f,B1,2,,引文；引用,,En el trabajo académico debes incluir la cita correcta para no plagiar las ideas ajenas.,学术作业必须正确引用，以免剽窃他人观点。,cita_2.jpg,考试路径|B1|n,专四,自私的,形成；构成；培养；成长,庆祝；举行,大创内容组_senses_table_tem4_with_images.xlsx
citar,v,n/a,B1,1,,引用；约见；传唤,,Debes aprender a citar el formato APA de forma correcta para evitar cualquier malentendido de plagio.,你必须学会以正确的方式引用 APA 格式，以避免任何抄袭的误会。,citar_1.jpg,考试路径|B1|v,专四,肥料,轴（机器）；桅（船）,为…干杯；祝酒,大创内容组_senses_table_tem4 7.16.xlsx
clasificación,n,f,B1,1,,分类；分级；排名,,La clasificación de los verbos irregulares facilita enormemente el aprendizaje de la conjugación.,对不规则动词的分类极大地便利了动词变位的学习。,clasificacion_1.jpg,考试路径|B1|n,专四,精神；灵魂,轮到；该（某人）,宁可；宁愿（搭配 que）,大创内容组_senses_table_tem4 7.16.xlsx
clasificar,v,n/a,B1,1,,分类；分等；分级,,El bibliotecario nos enseñó cómo clasificar las obras de literatura según el sistema de clasificación decimal.,图书管理员教我们如何根据十进制分类法对文学作品进行分类。,clasificar_1.jpg,考试路径|B1|v,专四,躲藏；隐藏,区分；辨别；使不同,使害怕；驱赶,大创内容组_senses_table_tem4 7.16.xlsx
colega,n,n/a,B1,1,,同事；同僚,,Mis colegas y yo solemos comer juntos en el restaurante cerca de la oficina.,我和同事们经常一起去公司附近的餐馆吃饭。,colega_1.jpg,考试路径|B1|n,专四,合适的；方便的,穿过；横穿,凭空想象的；极好的,大创内容组_senses_table_tem4 7.19.xlsx
comentar,v,n/a,B1,1,,评论；评述,,Los periodistas comentaron el discurso del escritor en la rueda de prensa.,记者们在新闻发布会上评论了作家的发言。,comentar_1.jpg,考试路径|B1|v,专四,每天的；日常的,专心；集中注意力,引用；约见；传唤,大创内容组_senses_table_tem4 7.20.xlsx
comodidad,n,f,B1,1,,舒适；方便,,La comodidad de estudiar en casa no siempre es buena porque hay muchas distracciones.,在家学习的舒适不一定好，因为干扰太多。,comodidad_1.jpg,考试路径|B1|n,专四,合适；方便,驱散；消除,山顶；顶峰,大创内容组_senses_table_tem4 7.20.xlsx
comparación,n,f,B1,1,,比较；对比；对照,,Haz una comparación entre el estilo literario de los dos autores principales del siglo pasado.,对上世纪两位主要作家的文学风格进行一次比较。,comparacion_1.jpg,考试路径|B1|n,专四,密度,使分离；取下,告发；揭发,大创内容组_senses_table_tem4 7.19.xlsx
comparar,v,n/a,B1,1,,比较；对比；对照,,Es útil comparar la estructura gramatical del español con la del inglés para entender mejor.,将西班牙语和英语的语法结构进行对比有助于更好地理解。,comparar_1.jpg,考试路径|B1|v,专四,治疗；治愈,降落；着陆,穷苦的；不幸的；可怜的,大创内容组_senses_table_tem4 7.19.xlsx
comprador,n,n/a,B1,1,,买主；顾客,,El comprador preguntó el precio del jamón ibérico antes de decidir su compra.,买家在决定购买之前先问了伊比利亚火腿的价格。,comprador_1.jpg,考试路径|B1|n,专四,侦察；窥探；暗中监视,委托；托付；嘱咐,损伤；创伤；损害；损失,大创内容组_senses_table_tem4 7.20.xlsx
comprensión,n,f,B1,1,,理解（阅读/听力）,,La comprensión lectora mejora si subrayas ideas principales y vuelves a decirlas con tus palabras.,若能划出主要意思并用自己的话复述，阅读理解会提高。,comprension_1.jpg,考试路径|B1|n,专四,使感到愉快；使消遣,溶解,陈述；阐述；展览,大创内容组_senses_table_tem4_with_images.xlsx
comprobar,v,n/a,B1,1,,核对；查验,,Compruebo la ortografía antes de entregar el ensayo.,交作文前我核对一遍拼写。,comprobar_1.jpg,考试路径|B1|v,专四,震动；使发抖,面团；人群；群众,完全的；准确的；完整的,大创内容组_senses_table_tem4 7.19.xlsx
comunicación,n,f,B1,1,,交际；沟通,,"En clase practicamos la comunicación oral con role-plays de viaje, entrevista y presentación.",课上我们用旅行、面试和报告等角色扮演练习口语交际。,comunicacion_1.jpg,考试路径|B1|n,专四,遵守（规则）,联盟；联合,阴天的；多云的,大创内容组_senses_table_tem4_with_images.xlsx
concentrarse,v,n/a,B1,1,,专心；集中注意力,,Me cuesta concentrarme en la lectura cuando hay demasiado ruido en la sala de estudio.,当自习室里有太多噪音时，我很难专心阅读。,concentrarse_1.jpg,考试路径|B1|v,专四,陈旧的；过时的,罚款,使冷却；变凉,大创内容组_senses_table_tem4 7.16.xlsx
concepto,n,m,B1,1,,概念；观念；理念,,"El concepto de ""falso amigo"" es fundamental para evitar errores de traducción.",“假朋友”这个概念对于避免翻译错误至关重要。,concepto_1.jpg,考试路径|B1|n,专四,哑的；沉默的；无声的；哑巴,强盗；土匪；坏蛋,季度；三个月,大创内容组_senses_table_tem4 7.19.xlsx
conectar,v,n/a,B1,1,,连接；接通；建立联系,,"Conecta las ideas principales mediante conectores lógicos como ""por lo tanto"" o ""en consecuencia"".",通过“因此”或“于是”等逻辑连接词来连接主要观点。,conectar_1.jpg,考试路径|B1|v,专四,季度；三个月,（疾病/情绪）发作,阶段；时期,大创内容组_senses_table_tem4 7.19.xlsx
conexión,n,f,B1,1,,连接；关联；衔接,,Hay una conexión directa entre el vocabulario activo y la fluidez al hablar en público.,主动词汇量与公开演讲时的流利程度之间存在直接关联。,conexion_1.jpg,考试路径|B1|n,专四,积蓄；存款,难以忍受的,中等的；中间的；一般的,大创内容组_senses_table_tem4 7.19.xlsx
confirmar,v,n/a,B1,1,,确认；证实,,Confirmo con el profesor la fecha del examen.,我和老师确认考试日期。,confirmar_1.jpg,考试路径|B1|v,专四,堵塞（交通/管道等）,机械装置；结构；机制,同样地；也,大创内容组_senses_table_tem4 7.19.xlsx
conocer,v,n/a,B1,2,,了解；熟悉；知道（事物）,,Él conoce muy bien la historia de esta ciudad tan antigua y llena de cultura.,他非常了解这座古老又充满文化气息的城市的历史。,conocer_2.jpg,考试路径|B1|v,专四,建造；建设,连接；接通；建立联系,中断；打断,大创内容组_senses_table_tem4 7.17.xlsx
conseguir,v,n/a,B1,1,,达成；成功做到,,Conseguí dominar todos los verbos de cambio de raíz.,我熟练掌握了所有词根变化动词。,conseguir_1.jpg,考试路径|B1|v,专四,使就坐；安排就座,欺骗；愚弄；搞错,砖；砖状物,大创内容组_senses_table_tem4 7.19.xlsx
considerar,v,n/a,B1,1,,考虑；认为；斟酌,,Debes considerar todos los aspectos antes de elegir el tema de tu investigación.,在选择研究课题之前，你应该考虑所有方面。,considerar_1.jpg,考试路径|B1|v,专四,修读；学习（课程）,训练；培训,记性；记忆力；记忆；纪念,大创内容组_senses_table_tem4 7.19.xlsx
construir,v,n/a,B1,1,,建造；建设；构建,,Los arquitectos están construyendo un nuevo edificio para la facultad de filología de la universidad.,建筑师们正在为大学的文学院建造一栋新楼。,construir_1.jpg,考试路径|B1|v,专四,品质；特性,走私；走私货,属性；特质,大创内容组_senses_table_tem4 7.17.xlsx
consulta,n,f,B1,1,,咨询；查阅；询问,,Hemos habilitado un canal de consulta en línea para responder las preguntas de los estudiantes sobre las becas.,我们已经开通了在线咨询通道，以解答学生们关于奖学金的各种提问。,consulta_1.jpg,考试路径|B1|n,专四,卡片,肥沃的；富饶的；盛产的,使感到愉快；使消遣,大创内容组_senses_table_tem4 7.16.xlsx
consultar,v,n/a,B1,1,,咨询；商量；查阅,,Te aconsejo consultar tus dudas directamente con el profesor durante su horario de tutorías semanales.,我建议你直接在老师每周的答疑时间里向他咨询你的疑问。,consultar_1.jpg,考试路径|B1|v,专四,使惊奇；感到异样,发射；发行；广播,占优势；处于支配地位,大创内容组_senses_table_tem4 7.16.xlsx
contemplar,v,n/a,B1,1,,注视；凝视,,Los estudiantes contemplaban el paisaje desde la cima de la montaña con admiración.,学生们从山顶上怀着赞美之情凝视着风景。,contemplar_1.jpg,考试路径|B1|v,专四,即使,那个；那件事（中性）,改善；提高；进步,大创内容组_senses_table_tem4 9.9.xlsx
contemplar,v,n/a,B1,2,,观赏；欣赏,,El museo ofrece la oportunidad de contemplar obras de arte de diferentes épocas históricas.,博物馆提供欣赏不同历史时期艺术作品的机会。,contemplar_2.jpg,考试路径|B1|v,专四,金属的；金属般的,下载（文件）,事情；事务（引申）,大创内容组_senses_table_tem4 9.9.xlsx
contemporáneo,adj,n/a,B1,1,,现代的；当代的,,La arquitectura contemporánea de la ciudad contrasta con los edificios antiguos del centro.,这座城市的现代建筑与市中心的古老建筑形成对比。,contemporaneo_1.jpg,考试路径|B1|adj,专四,救助；帮助,海的；海洋的,成员,大创内容组_senses_table_tem4 9.9.xlsx
contener,v,n/a,B1,1,,包含；含有；容纳,,El diccionario bilingüe contiene más de cincuenta mil entradas y ejemplos de uso.,这本双语词典包含超过五万条词条和使用示例。,contener_1.jpg,考试路径|B1|v,专四,感染；传染；不良影响,口译；阐释；理解,建筑群；街区（由多栋楼组成）,大创内容组_senses_table_tem4 7.19.xlsx
contexto,n,m,B1,1,,上下文；语境,,"Sin contexto, una palabra puede tener varios sentidos; por eso siempre leemos la frase completa.",没有语境时一个词可能有多种意思，所以我们总是读完整句话。,contexto_1.jpg,考试路径|B1|n,专四,外交的；外交官,敌人；敌对的,报名；注册；登记,大创内容组_senses_table_tem4_with_images.xlsx
continente,n,m,B1,1,,大陆；洲,,"América es un continente muy diverso, con una gran variedad de culturas y paisajes.",美洲是一个非常多元的大陆，拥有丰富多样的文化和自然景观。,continente_1.jpg,考试路径|B1|n,专四,匮乏；不足,柴火,金属丝；铁丝；电线,大创内容组_senses_table_tem4 9.9.xlsx
contra,prep,n/a,B1,2,,靠在；倚着,,Apoyó la bicicleta contra la pared del edificio y entró rápidamente a la biblioteca.,他把自行车靠在教学楼墙上，然后快速走进了图书馆。,contra_2.jpg,考试路径|B1|prep,专四,允许；准许,抢夺；强行拿走,远的；遥远的；久远的,大创内容组_senses_table_tem4 9.9.xlsx
contrabando,n,m,B1,1,,走私；走私货,,La policía descubrió un cargamento de contrabando en el puerto durante una inspección rutinaria.,警方在一次例行检查中在港口发现了一批走私货物。,contrabando_1.jpg,考试路径|B1|n,专四,永恒的；永久的,拍照,站起；起身,大创内容组_senses_table_tem4 9.9.xlsx
contrario,adj,n/a,B1,1,,相反的；对立的,,"En la clase de español, los estudiantes tienen opiniones contrarias sobre el uso de la tecnología.",在西班牙语课上，学生们对于使用技术持相反的观点。,contrario_1.jpg,考试路径|B1|adj,专四,系主任；院长,谦虚；简朴；卑微；节制,区别；差别,大创内容组_senses_table_tem4 9.9.xlsx
contraste,n,m,B1,1,,对比；对照；反差,,Existe un claro contraste entre los métodos de enseñanza tradicionales y los enfoques digitales modernos.,传统教学方法与现代数字化教学手段之间存在着明显的对比。,contraste_1.jpg,考试路径|B1|n,专四,位于；坐落于,用于；指定用途,领域；学科范围,大创内容组_senses_table_tem4 7.16.xlsx
contrato,n,m,B1,1,,合同；合约,,"Antes de empezar a trabajar, tienes que firmar un contrato con la empresa.",正式上班之前，你得和公司签一份合同。,contrato_1.jpg,考试路径|B1|n,专四,领域；学科范围,过分；过度,允许；准许,大创内容组_senses_table_tem4 7.19.xlsx
convención,n,f,B1,1,,协议；约定,,Los dos países firmaron una convención para proteger el medio ambiente y los recursos naturales.,两国签署了一项保护环境和自然资源的协议。,convencion_1.jpg,考试路径|B1|n,专八|专四,预算,稳定；稳固；持久性,口译；阐释；理解,大创内容组_senses_table_tem4 9.9.xlsx
conveniencia,n,f,B1,1,,合适；方便,,La conveniencia del horario flexible permite a los estudiantes combinar estudio y trabajo.,灵活时间安排的方便之处在于允许学生兼顾学习和工作。,conveniencia_1.jpg,考试路径|B1|n,专四,接受考试；参加考试,邻接的；立即的；即刻的,档案；档案馆,大创内容组_senses_table_tem4 9.9.xlsx
conveniente,adj,n/a,B1,1,,合适的；方便的,,Es conveniente que los estudiantes revisen sus apuntes todos los días para fijar el conocimiento.,学生每天复习笔记以巩固知识是合适的做法。,conveniente_1.jpg,考试路径|B1|adj,专四,感激；珍惜,癌症,闷热；暑热,大创内容组_senses_table_tem4 9.9.xlsx
convenir,v,n/a,B1,1,,商定；一致同意,,Los representantes de los dos equipos convinieron en celebrar una reunión el próximo lunes.,两队代表商定于下周一举行一次会议。,convenir_1.jpg,考试路径|B1|v,专四,稳定；稳固；持久性,超过；胜过,巩固；加强；使坚强,大创内容组_senses_table_tem4 9.9.xlsx
convertir,v,n/a,B1,1,,使变成；使转化,,La universidad convirtió un antiguo almacén en un moderno centro de estudios y biblioteca.,大学把一座旧仓库变成了一个现代化的学习中心和图书馆。,convertir_1.jpg,考试路径|B1|v,专四,监狱,震动；使发抖,背景；底色,大创内容组_senses_table_tem4 9.9.xlsx
convertirse,v,n/a,B1,1,,变成；成为,,"Con el tiempo, el pequeño pueblo costero se convirtió en un destino turístico muy popular.",随着时间的推移，这个沿海小村庄变成了一个非常受欢迎的旅游目的地。,convertirse_1.jpg,考试路径|B1|v,专四,互动；相互作用,陆军上校,强调；突出,大创内容组_senses_table_tem4 9.9.xlsx
convocar,v,n/a,B1,1,,召集；召开,,El decano convocó una reunión urgente para informar sobre los cambios en el plan de estudios.,院长召开紧急会议通知关于教学计划的变动。,convocar_1.jpg,考试路径|B1|v,专四,一勺（容量）,借助；通过；利用,精神；灵魂,大创内容组_senses_table_tem4 9.9.xlsx
cooperar,v,n/a,B1,1,,合作；协作,,Todos los miembros del equipo deben cooperar para lograr los objetivos del proyecto.,团队所有成员都必须合作以实现项目目标。,cooperar_1.jpg,考试路径|B1|v,专四,投降；致力于；沉溺于,王冠；皇冠,道歉；请求原谅,大创内容组_senses_table_tem4 9.9.xlsx
coordinar,v,n/a,B1,1,,使协调；协调,,El profesor coordina todas las actividades culturales del departamento de español.,老师协调西班牙语系的所有文化活动。,coordinar_1.jpg,考试路径|B1|v,专四,必须的；必然的；强迫的,目标,人口；居民；种群,大创内容组_senses_table_tem4 9.9.xlsx
coraje,n,m,B1,1,,勇气；胆量,,Hace falta coraje para hablar en público en un idioma que no dominas completamente.,用一门自己尚未完全掌握的语言公开发言需要勇气。,coraje_1.jpg,考试路径|B1|n,专四,锦标赛；冠军赛,奔跑；跑步,神；上帝,大创内容组_senses_table_tem4 9.9.xlsx
cordial,adj,n/a,B1,1,,衷心的；热情的,,El profesor nos ofreció una bienvenida cordial a todos los nuevos estudiantes internacionales.,老师热情地欢迎所有新来的国际学生。,cordial_1.jpg,考试路径|B1|adj,专四,远足；短途旅行,薄板；薄片,自私的,大创内容组_senses_table_tem4 9.9.xlsx
coro,n,m,B1,1,,合唱队；合唱,,El coro de la universidad interpretó canciones tradicionales durante la ceremonia de graduación.,大学合唱团在毕业典礼上演唱了传统歌曲。,coro_1.jpg,考试路径|B1|n,专四,喊叫；大声说话,准许；许可；许可证；执照,绳索；绳子,大创内容组_senses_table_tem4 9.9.xlsx
corona,n,f,B1,1,,王冠；皇冠,,La corona del rey está hecha de oro y piedras preciosas muy valiosas y antiguas.,国王的王冠由黄金和非常珍贵古老的宝石制成。,corona_1.jpg,考试路径|B1|n,专四,得益；获益,交叉路口；十字路口,适应（搭配 a）,大创内容组_senses_table_tem4 9.9.xlsx
coronel,n,m,B1,1,,陆军上校,,El coronel dirigió las tropas durante el desfile militar del día de la independencia.,上校在独立日阅兵期间指挥了军队。,coronel_1.jpg,考试路径|B1|n,专四,热带雨林,痊愈,扩充；拓展,大创内容组_senses_table_tem4 9.9.xlsx
corrección,n,f,B1,1,,改正；修改；批改,,La corrección detallada de la redacción nos ayuda a entender mejor el uso correcto de los subjuntivos.,对作文的详细批改能帮助我们更好地理解虚拟式的正确用法。,correccion_1.jpg,考试路径|B1|n,专四,蠢话；荒唐事,资源,小教堂；礼拜堂,大创内容组_senses_table_tem4 7.16.xlsx
corregir,v,n/a,B1,1,,批改；纠正,,El profesor tarda varios días en corregir todos los exámenes de traducción de los estudiantes.,老师需要花好几天时间来批改学生们所有的翻译考试卷。,corregir_1.jpg,考试路径|B1|v,专四,打算；企图,大约,拥有；使用（搭配 de）,大创内容组_senses_table_tem4 7.16.xlsx
corrida,n,f,B1,1,,奔跑；跑步,,La corrida matutina por el parque es parte de la rutina diaria de muchos estudiantes.,早上在公园里跑步是许多学生日常的一部分。,corrida_1.jpg,考试路径|B1|n,专四,时期；时代,债务；欠款,交际；沟通,大创内容组_senses_table_tem4 9.9.xlsx
corrida,n,f,B1,2,,斗牛（表演）,,La corrida de toros es una tradición muy polémica en algunas regiones de España.,斗牛表演在西班牙某些地区是一项非常有争议的传统。,corrida_2.jpg,考试路径|B1|n,专四,锻造；建造；锻炼；建立,模范的,小册子,大创内容组_senses_table_tem4 9.9.xlsx
corriente,n,f,B1,1,,水流；水流方向,,"La corriente del río es muy fuerte hoy, por lo que nadar aquí resulta peligroso.",今天河里的水流很强，所以在这里游泳很危险。,corriente_1.jpg,考试路径|B1|n,专四,入场券；门票,堵塞（交通/管道等）,爬；爬行,大创内容组_senses_table_tem4 9.9.xlsx
corriente,n,f,B1,2,,电流,,La corriente eléctrica de la casa se cortó durante la tormenta de esta noche.,今晚暴风雨期间家里的电源断了。,corriente_2.jpg,考试路径|B1|n,专四,舒适；安逸；福利,成功；成就；胜利,棉花的；棉农；棉商,大创内容组_senses_table_tem4 9.9.xlsx
corriente,adj,n/a,B1,3,,流通的；通用的,,El euro es la moneda corriente en la mayoría de los países de la Unión Europea.,欧元是欧盟大多数国家通用的货币。,corriente_3.jpg,考试路径|B1|adj,专四,脱去；使赤裸,纤维,互相理解；相处；合得来,大创内容组_senses_table_tem4 9.9.xlsx
cortar,v,n/a,B1,2,,锋利（刀具）,,"Este cuchillo nuevo corta muy bien, con él se puede preparar la carne sin esfuerzo.",这把新刀非常锋利，可以用它毫不费力地切肉。,cortar_2.jpg,考试路径|B1|v,专四,欣赏；观赏,取得（分数 / 证件）,照耀；炫耀；精心打扮,大创内容组_senses_table_tem4 9.9.xlsx
corte,n,m,B1,1,,刃；刀锋,,El corte de esta navaja es tan preciso que se puede cortar el papel más fino sin esfuerzo.,这把小刀的刃口非常锋利，可以毫不费力地裁剪最薄的纸。,corte_1.jpg,考试路径|B1|n,专四,宴会；酒宴,时期；时代,基督教,大创内容组_senses_table_tem4 9.9.xlsx
corte,n,f,B1,2,,宫廷；皇室,,La corte del rey estaba formada por nobles y consejeros de gran influencia política.,国王的宫廷由具有巨大政治影响力的贵族和顾问组成。,corte_2.jpg,考试路径|B1|n,专四,（疾病/情绪）发作,要素；因素,魔鬼；恶魔；淘气鬼,大创内容组_senses_table_tem4 9.9.xlsx
cortés,adj,n/a,B1,1,,有礼貌的；彬彬有礼的,,El dependiente fue muy cortés y me ayudó a encontrar el libro que buscaba en la tienda.,店员非常有礼貌，帮我在店里找到了我要的书。,cortes_1.jpg,考试路径|B1|adj,专四,理解（阅读/听力）,中等的；中间的；一般的,命名；称为,大创内容组_senses_table_tem4 9.9.xlsx
cosecha,n,f,B1,1,,收获；收成；收获季节,,La cosecha de este año ha sido excelente gracias a las buenas condiciones climáticas.,由于良好的气候条件，今年的收成非常出色。,cosecha_1.jpg,考试路径|B1|n,专四,相互的,神话,借助；通过；利用,大创内容组_senses_table_tem4 9.9.xlsx
costarriqueño,n,n/a,B1,1,,哥斯达黎加的；哥斯达黎加人,,Mi compañero de clase es costarriqueño y siempre nos habla de la belleza de su país.,我的同班同学是哥斯达黎加人，他总是跟我们谈起他国家的美丽风光。,costarriqueno_1.jpg,考试路径|B1|n,专四,推断出；得出结论,养育；抚养,统计的；统计员,大创内容组_senses_table_tem4 9.9.xlsx
costo,n,m,B1,1,,成本；费用,,"El costo de la vida en la ciudad es más alto que en el pueblo, pero hay más oportunidades.",城市的生活成本比乡村高，但机会也更多。,costo_1.jpg,考试路径|B1|n,专四,法律；法学,每天的；日常的,观赏；欣赏,大创内容组_senses_table_tem4 9.9.xlsx
cotidiano,adj,n/a,B1,1,,每天的；日常的,,La lectura de noticias en español forma parte de mi rutina cotidiana de aprendizaje.,阅读西班牙语新闻是我日常学习的一部分。,cotidiano_1.jpg,考试路径|B1|adj,专四,黎明；拂晓,极好的；额外的,砖；砖状物,大创内容组_senses_table_tem4 9.9.xlsx
crear,v,n/a,B1,1,,创造；创建；创作,,El escritor español creó una novela muy famosa que ha sido traducida a más de diez idiomas.,这位西班牙作家创作了一本非常著名的小说，已经被翻译成十多种语言。,crear_1.jpg,考试路径|B1|v,专四,发抖；战栗,脸红；害羞,感谢；感激,大创内容组_senses_table_tem4 7.17.xlsx
credencial,n,f,B1,1,,证件；学生证,,Con la credencial de estudiante puedes entrar a la biblioteca y obtener descuentos en museos.,凭学生证可以进图书馆，并在博物馆享有折扣。,credencial_1.jpg,考试路径|B1|n,专四,施舍,疲惫；劳累,细雨；毛毛雨,大创内容组_senses_table_tem4_with_images.xlsx
crema,n,f,B1,2,,护肤霜；药膏,,La crema hidratante es esencial para proteger la piel del sol y del viento en la playa.,保湿霜对于在海滩上保护皮肤免受阳光和风吹至关重要。,crema_2.jpg,考试路径|B1|n,专四,避难所；庇护所,施舍,纲要；简图；轮廓框架,大创内容组_senses_table_tem4 9.9.xlsx
criado,n,n/a,B1,1,,仆人；佣人,,"En la novela, el criado es el personaje que conoce todos los secretos de la familia.",在这部小说中，佣人是了解这个家庭所有秘密的角色。,criado_1.jpg,考试路径|B1|n,专四,不识字的；文盲,传播；扩散,信念；信仰；相信；证明,大创内容组_senses_table_tem4 9.9.xlsx
criar,v,n/a,B1,1,,养育；抚养,,Mis padres me criaron con mucho amor y siempre me animaron a estudiar idiomas.,我的父母在充满爱的环境中抚养我长大，一直鼓励我学习语言。,criar_1.jpg,考试路径|B1|v,专四,力量；精力；能量,争论；争夺,绝望；恼火,大创内容组_senses_table_tem4 9.9.xlsx
criar,v,n/a,B1,2,,培育（动植物）,,Los agricultores crían gallinas en el campo para obtener huevos frescos cada mañana.,农民们在田野里饲养母鸡，每天早晨获得新鲜鸡蛋。,criar_2.jpg,考试路径|B1|v,专四,律师,论述；论文,生活；过活；度过,大创内容组_senses_table_tem4 9.9.xlsx
criarse,v,n/a,B1,1,,生长；成长,,Los niños se crían en un ambiente familiar donde se habla español y otros idiomas.,孩子们在一个说西班牙语和其他语言的家庭环境中成长。,criarse_1.jpg,考试路径|B1|v,专四,建筑群；街区（由多栋楼组成）,拼写,教育；训练；学问；指示；指令,大创内容组_senses_table_tem4 9.9.xlsx
crimen,n,m,B1,1,,罪行；犯罪,,La policía está investigando el crimen que ocurrió la semana pasada en el centro de la ciudad.,警方正在调查上周发生在市中心的那起案件。,crimen_1.jpg,考试路径|B1|n,专四,工程师,勤劳的；勤勉的,等等,大创内容组_senses_table_tem4 9.9.xlsx
crisis,n,f,B1,1,,危机；拮据；困难时期,,"Durante la crisis económica, muchos estudiantes tuvieron dificultades para pagar sus estudios.",经济危机期间，许多学生支付学费遇到了困难。,crisis_1.jpg,考试路径|B1|n,专四,赢得（关注/好感）,室；房间（特定用途）,大陆；洲,大创内容组_senses_table_tem4 9.9.xlsx
cristal,n,m,B1,1,,水晶；玻璃；镜片,,El jarrón es de cristal tallado a mano y refleja la luz de una manera muy especial.,这个花瓶是手工切割水晶制成的，以一种非常特别的方式反射光线。,cristal_1.jpg,考试路径|B1|n,专四,分开地；在别处,优惠；促销,欣赏；观赏,大创内容组_senses_table_tem4 9.9.xlsx
cristianismo,n,m,B1,1,,基督教,,"El cristianismo es una de las religiones más extendidas del mundo, con millones de seguidores.",基督教是世界上传播最广的宗教之一，有数百万信众。,cristianismo_1.jpg,考试路径|B1|n,专四,幻灯片,场地（运动/活动）,船队；舰队；机群,大创内容组_senses_table_tem4 9.9.xlsx
cristiano,n,n/a,B1,1,,基督教的；基督教徒,,Mi familia es cristiana y cada domingo vamos juntos a la iglesia para celebrar la misa.,我家是天主教徒家庭，每周日一起去教堂做弥撒。,cristiano_1.jpg,考试路径|B1|n,专四,注射；注射剂,（器具等的）一套；组,办理；处理（事务）,大创内容组_senses_table_tem4 9.9.xlsx
crudo,adj,n/a,B1,1,,生的；未煮熟的,,"En la cena de navidad, no comas el pescado crudo si no estás acostumbrado a él.",圣诞晚宴上，如果你不习惯的话就不要吃生鱼。,crudo_1.jpg,考试路径|B1|adj,专四,使具备；赋予,船长；上尉,驱散；消除,大创内容组_senses_table_tem4 9.9.xlsx
cruel,adj,n/a,B1,1,,残忍的；冷酷的；严酷的；剧烈的（天气/伤痛）,,Es cruel burlarse de los errores de los compañeros cuando todos estamos aprendiendo juntos.,当大家都在共同学习时，拿同学的错误开玩笑是很残忍的。,cruel_1.jpg,考试路径|B1|adj,专四,减少；减弱；缩小,庆祝；纪念；招待,失败；失利；挫折,大创内容组_senses_table_tem4 9.9.xlsx
cruz,n,f,B1,1,,十字；十字架；十字形状,,La cruz en la cima de la colina es un símbolo muy conocido para los habitantes del pueblo.,山顶上的十字架是村民们熟知的标志。,cruz_1.jpg,考试路径|B1|n,专四,商定；一致同意,受益；得到好处,卡片,大创内容组_senses_table_tem4 9.9.xlsx
crédito,n,m,B1,1,,信任；信誉,,El profesor se ha ganado el crédito de todos los estudiantes por su honestidad y dedicación.,老师以其诚实和敬业赢得了所有学生的信任。,credito_1.jpg,考试路径|B1|n,专四,骡子,物质的；实体的；材料；原料,登机；上船,大创内容组_senses_table_tem4 9.9.xlsx
crédito,n,m,B1,2,,贷款；信用证（财经）,,Muchos estudiantes solicitan un crédito para poder pagar los gastos de sus estudios universitarios.,许多学生申请贷款来支付大学学习费用。,credito_2.jpg,考试路径|B1|n,专四,确定位置；找到；位于,忠诚的；忠实的；信徒,皇帝,大创内容组_senses_table_tem4 9.9.xlsx
crítico,n,n/a,B1,1,,批评的；评论的；评论家；批评家,,"El profesor hizo comentarios críticos sobre mi ensayo, pero fueron muy útiles para mejorar.",老师对我的论文提出了批评性意见，但对改进非常有用。,critico_1.jpg,考试路径|B1|n,专四,认为…是自己的；自认为,透镜；镜片；眼镜,避难所；庇护所,大创内容组_senses_table_tem4 9.9.xlsx
crónica,n,f,B1,1,,编年史；记录,,"El escritor publicó una crónica de sus viajes por América Latina, llena de detalles fascinantes.",这位作家出版了一部他在拉丁美洲旅行的记录，充满了迷人的细节。,cronica_1.jpg,考试路径|B1|n,专四,分开地；在别处,做记号；标出；拨号；得分,谎言；杜撰；假象,大创内容组_senses_table_tem4 9.9.xlsx
crónica,n,f,B1,2,,新闻报道,,La crónica deportiva del periódico describió con emoción la victoria del equipo local.,报纸的体育新闻热情描述了主队的胜利。,cronica_2.jpg,考试路径|B1|n,专四,引用；约见；传唤,工程师,有效力的；有能力的,大创内容组_senses_table_tem4 9.9.xlsx
cuadra,n,f,B1,1,,马厩,,El caballo descansaba en la cuadra después de un largo día de trabajo en el campo.,在田野里辛苦工作了一天之后，那匹马在马厩里休息。,cuadra_1.jpg,考试路径|B1|n,专四,温度（度数）,提前（搭配 con）,语音的；语音学,大创内容组_senses_table_tem4 9.9.xlsx
cuadra,n,f,B1,2,,街区（拉美用法）,,"La biblioteca está a solo tres cuadras de la facultad, por lo que podemos ir caminando.",图书馆离学院只有三个街区，所以我们可以走过去。,cuadra_2.jpg,考试路径|B1|n,专四,口译；阐释；理解,基督教,赤裸；脱衣,大创内容组_senses_table_tem4 9.9.xlsx
cuadro,n,m,B1,2,,正方形；方格,,"La plaza central de la ciudad es perfectamente cuadrada, con jardines en cada esquina.",市中心的广场是完美的正方形，四个角都有小花园。,cuadro_2.jpg,考试路径|B1|n,专四,天真的；纯朴的,大方的；慷慨,千；许许多多,大创内容组_senses_table_tem4 9.9.xlsx
cual,n,n/a,B1,1,,那个；如同（正式/书面用法）,,"El profesor, con el cual he trabajado durante años, me ha enseñado mucho sobre la literatura.",那位和我共事多年的老师教了我很多关于文学的知识。,cual_1.jpg,考试路径|B1|n,专四,纪律,修理；维修,压紧；握紧,大创内容组_senses_table_tem4 9.9.xlsx
cualidad,n,f,B1,1,,品质；特性,,La paciencia es una cualidad esencial para cualquier estudiante que quiera aprender un idioma.,耐心是任何想学语言的学生必备的品质。,cualidad_1.jpg,考试路径|B1|n,专四,规模；大小；维度,感谢；感激,本质的；基本的；必要的,大创内容组_senses_table_tem4 9.9.xlsx
cuanto,n,n/a,B1,1,,全部的；所有（复数/集合）,,"Cuantos más libros leas en español, mejor será tu comprensión y vocabulario.",你读的西班牙语书越多，你的理解和词汇量就越好。,cuanto_1.jpg,考试路径|B1|n,专四,零钱（硬币）；汇率；兑换率,目的；宗旨,用于；指定用途,大创内容组_senses_table_tem4 9.9.xlsx
cuartel,n,m,B1,1,,兵营；营房,,El cuartel general del ejército está situado en las afueras de la capital del país.,军队的总部设在首都的郊区。,cuartel_1.jpg,考试路径|B1|n,专四,强盗；土匪；坏蛋,解散（组织/集会）,不识字的；文盲,大创内容组_senses_table_tem4 9.9.xlsx
cubrir,v,n/a,B1,1,,覆盖；布满；遍布,,La nieve cubrió completamente los tejados de las casas durante la tormenta de invierno.,冬日的暴风雪中，雪完全覆盖了屋顶。,cubrir_1.jpg,考试路径|B1|v,专四,社会；社团,观赏；欣赏,肢体；部分,大创内容组_senses_table_tem4 9.9.xlsx
cubrir,v,n/a,B1,2,,满足（需求/费用）,,El dinero de la beca no alcanza para cubrir todos los gastos de la vida universitaria.,奖学金不够满足大学生活的所有开销。,cubrir_2.jpg,考试路径|B1|v,专四,肌肉,女性的；雌性的；阴性的,称赞；赞扬,大创内容组_senses_table_tem4 9.9.xlsx
cubrirse,v,n/a,B1,1,,遮蔽身体,,"Antes de salir a la calle en invierno, siempre me cubro con una bufanda y un gorro de lana.",冬天出门前，我总是用围巾和羊毛帽子把身体裹好。,cubrirse_1.jpg,考试路径|B1|v,专四,高的；崇高的,汇入；流入（河流）,变成；成为,大创内容组_senses_table_tem4 9.9.xlsx
cucharada,n,f,B1,1,,一勺（容量）,,Añade dos cucharadas de azúcar al café para que no esté demasiado amargo.,在咖啡里加两勺糖，让它不会太苦。,cucharada_1.jpg,考试路径|B1|n,专四,冲向；扑向；突然开始,外币；外汇（复数）,提前（搭配 con）,大创内容组_senses_table_tem4 9.9.xlsx
cuello,n,m,B1,2,,衣领,,La camisa blanca tiene el cuello planchado y perfectamente almidonado para la ocasión formal.,这件白衬衫的领子被熨烫过，上了浆，非常适合正式场合。,cuello_2.jpg,考试路径|B1|n,专四,本质的；基本的；必要的,派遣；寄发,送别；为…送行,大创内容组_senses_table_tem4 9.9.xlsx
cuenca,n,f,B1,1,,盆地（地理）；流域,,La cuenca del río Amazonas es una de las zonas con mayor biodiversidad del planeta.,亚马逊河流域是世界上生物多样性最丰富的地区之一。,cuenca_1.jpg,考试路径|B1|n,专四,柴火,战役（军事）,法律；法学,大创内容组_senses_table_tem4 9.9.xlsx
cuenta,n,f,B1,3,,故事；叙述,,La abuela nos contaba cuentas de su juventud cuando estudiaba en el extranjero.,奶奶给我们讲她年轻时在海外留学的故事。,cuenta_3.jpg,考试路径|B1|n,专四,后悔；懊悔,诊断,锋利（刀具）,大创内容组_senses_table_tem4 7.19.xlsx
cuerda,n,f,B1,1,,绳索；绳子,,Los alpinistas usaron una cuerda gruesa para asegurarse mientras escalaban la montaña.,登山者们使用一根粗绳子来确保他们在攀登时的安全。,cuerda_1.jpg,考试路径|B1|n,专四,测量；计量；量度,通知；告诉；打听；获悉,锋利（刀具）,大创内容组_senses_table_tem4 9.9.xlsx
cuerda,n,f,B1,2,,发条,,"La cuerda del reloj se ha roto, por lo que tendré que llevarlo a arreglar al taller.",手表的发条断了，所以我得送去店里修理。,cuerda_2.jpg,考试路径|B1|n,专四,航空；空军,赞扬；称赞,肌肉,大创内容组_senses_table_tem4 9.9.xlsx
cuestión,n,f,B1,2,,事情；事务（引申）,,Es cuestión de tiempo que todos los estudiantes aprendan a hablar español con fluidez.,所有学生流利掌握西班牙语只是一个时间问题。,cuestion_2.jpg,考试路径|B1|n,专四,专业,比较；对比；对照,神经,大创内容组_senses_table_tem4 9.9.xlsx
cuidar,v,n/a,B1,2,,注意；当心,,Cuida de no olvidar tu pasaporte cuando viajes al extranjero para estudiar español.,出国学西班牙语时注意不要忘了带护照。,cuidar_2.jpg,考试路径|B1|v,专四,减少；减弱；缩小,信任；信誉,闷热；暑热,大创内容组_senses_table_tem4 9.9.xlsx
culpable,n,n/a,B1,1,,有罪的；有过错的；罪人,,El juez declaró culpable al acusado de haber cometido el delito.,法官宣判被告犯有该罪行。,culpable_1.jpg,考试路径|B1|n,专四,打赌,天体；星,观赏；欣赏,大创内容组_senses_table_tem4 9.9.xlsx
cultivar,v,n/a,B1,1,,耕作；种植；培育,,Los agricultores cultivan trigo y maíz en las tierras fértiles del valle.,农民们在山谷肥沃的土地上种植小麦和玉米。,cultivar_1.jpg,考试路径|B1|v,专四,发出轻微响声；咕哝；窃窃私语,语体；语域,指导；指引；使朝向,大创内容组_senses_table_tem4 9.9.xlsx
culto,adj,n/a,B1,1,,有文化的；有教养的,,El profesor es una persona muy culta que siempre recomienda libros interesantes a sus alumnos.,老师是一个非常有文化修养的人，总是给学生推荐有趣的书。,culto_1.jpg,考试路径|B1|adj,专四,交叉路口；十字路口,露出水面；浮现；露出,后悔；懊悔,大创内容组_senses_table_tem4 9.9.xlsx
cumbre,n,f,B1,1,,山顶；顶峰,,"Después de varias horas de caminata, los estudiantes finalmente alcanzaron la cumbre de la montaña.",经过几个小时的徒步，学生们终于到达了山顶。,cumbre_1.jpg,考试路径|B1|n,专四,引文；引用,细雨；毛毛雨,癌症,大创内容组_senses_table_tem4 9.9.xlsx
cuna,n,f,B1,1,,摇篮,,La madre meció suavemente la cuna del bebé mientras le cantaba una canción de cuna.,母亲轻轻摇着婴儿的摇篮，给他唱摇篮曲。,cuna_1.jpg,考试路径|B1|n,专四,凭空想象的；极好的,环境；生态环境,事件；比赛项目,大创内容组_senses_table_tem4 9.9.xlsx
cura,n,m,B1,1,,神父,,El cura de la iglesia del pueblo ofrece misa todos los domingos por la mañana.,村里教堂的神父每周日早上主持弥撒。,cura_1.jpg,考试路径|B1|n,专四,训练；培训,有文化的；有教养的,罚款,大创内容组_senses_table_tem4 9.9.xlsx
curar,v,n/a,B1,1,,治疗；治愈,,El médico curó la herida del paciente con mucha delicadeza y profesionalidad.,医生非常细心和专业地治疗了病人的伤口。,curar_1.jpg,考试路径|B1|v,专四,方面（议题/情况的角度）,翻倍,派别；阵营,大创内容组_senses_table_tem4 9.9.xlsx
curarse,v,n/a,B1,1,,痊愈,,"Después de una semana de descanso y medicación, el estudiante se curó completamente de su gripe.",经过一周的休息和药物治疗，这名学生完全从感冒中康复了。,curarse_1.jpg,考试路径|B1|v,专四,暗示；影射；提到,议员；代表,讨价还价,大创内容组_senses_table_tem4 9.9.xlsx
currículum,n,m,B1,1,,简历；履历,,Tienes que preparar bien el currículum para solicitar el puesto de trabajo.,你得好好准备简历，才能申请这个岗位。,curriculum_1.jpg,考试路径|B1|n,专四,确定；决定,命名；称为,切碎；剁碎；啄,大创内容组_senses_table_tem4 7.19.xlsx
cursar,v,n/a,B1,1,,修读；学习（课程）,,Este semestre voy a cursar tres asignaturas de literatura hispanoamericana en la facultad.,这学期我将在学院修读三门拉美文学课程。,cursar_1.jpg,考试路径|B1|v,专四,白种人的；白种人,话；言论；格言,编年史；记录,大创内容组_senses_table_tem4 9.9.xlsx
curva,n,f,B1,1,,曲线,,El profesor dibujó una curva en la pizarra para explicar el crecimiento de la población.,老师在黑板上画了一条曲线来解释人口增长。,curva_1.jpg,考试路径|B1|n,专四,保卫；保护；辩护,勤奋的；用功的,连接；使联系在一起,大创内容组_senses_table_tem4 9.9.xlsx
cuyo,pron,n/a,B1,1,,他（她/它）的；他（她/它）们的,,"El profesor, cuya pasión por la enseñanza es bien conocida, siempre inspira a sus alumnos.",那位老师，其对教学的热忱众所周知，总是激励着他的学生。,cuyo_1.jpg,考试路径|B1|pron,专四,平原；平地,使变容易；提供,晾晒；挂,大创内容组_senses_table_tem4 9.9.xlsx
cuál,adv,n/a,B1,2,,多么（感叹）,,¡Cuál no sería mi sorpresa al descubrir que mi amigo también hablaba español!,当我发现我朋友也会说西班牙语时，我该多么惊讶啊！,cual_2.jpg,考试路径|B1|adv,专四,水流；水流方向,确定；决定,公的；雄的；雄性动物,大创内容组_senses_table_tem4 9.9.xlsx
cálido,adj,n/a,B1,1,,暖和的；炎热的（气候/情感）,,"En la costa de Andalucía, el clima es cálido durante casi todo el año.",在安达卢西亚海岸，几乎全年气候都是暖和的。,calido_1.jpg,考试路径|B1|adj,专四,艺术的；精巧的,宫廷；皇室,伦理的；道德的,大创内容组_senses_table_tem4 7.31.xlsx
cámara,n,f,B1,2,,室；房间（特定用途）,,La cámara frigorífica del restaurante mantiene los alimentos frescos a baja temperatura.,餐厅的冷藏室保持低温以保存新鲜食材。,camara_2.jpg,考试路径|B1|n,专四,努力；气力；付出,下降；降低,打赌,大创内容组_senses_table_tem4 7.31.xlsx
cáncer,n,m,B1,1,,癌症,,La prevención y la detección temprana son fundamentales para combatir el cáncer.,预防和早期发现对于对抗癌症至关重要。,cancer_1.jpg,考试路径|B1|n,专四,时节；赛季；一段时期,输掉（比赛 / 考试）,斗牛（表演）,大创内容组_senses_table_tem4 7.31.xlsx
cárcel,n,f,B1,1,,监狱,,La novela cuenta la historia de un inocente que pasó diez años injustamente en la cárcel.,这部小说讲述了一个无辜者在监狱里被冤枉度过十年的故事。,carcel_1.jpg,考试路径|B1|n,专四,方面（议题/情况的角度）,战斗；战役；争斗；奋斗（比喻义）,增加；使倍增；乘；成倍增加；繁殖,大创内容组_senses_table_tem4 7.31.xlsx
dama,n,f,B1,1,,贵妇人；女士,,La dama de la chaqueta roja ayudó a los estudiantes a encontrar el museo en la ciudad.,那位穿红夹克的女士帮助学生们在城里找到了博物馆。,dama_1.jpg,考试路径|B1|n,专四,忠诚的；忠实的；信徒,提供；贡献,喂养；供给食物,大创内容组_senses_table_tem4 9.9.xlsx
dañar,v,n/a,B1,1,,损坏；伤害,,No debes dañar los libros de la biblioteca con anotaciones o subrayados permanentes.,你不应该用永久性标记或下划线损坏图书馆的书。,danar_1.jpg,考试路径|B1|v,专四,落后的；迟缓的,交叉路口；十字路口,离婚；使分开,大创内容组_senses_table_tem4 9.9.xlsx
debate,n,m,B1,1,,辩论；讨论,,El debate sobre la reforma del plan de estudios generó muchas opiniones diversas entre el profesorado.,关于课程计划改革的辩论在教师队伍中引起了许多不同的意见。,debate_1.jpg,考试路径|B1|n,专四,选择；挑选；选举,送别；为…送行,合同；合约,大创内容组_senses_table_tem4 7.16.xlsx
debatir,v,n/a,B1,1,,辩论；讨论,,Nos reunimos en el aula magna para debatir las diferentes posturas sobre la inteligencia artificial.,我们在大礼堂聚集，讨论关于人工智能的不同学术立场。,debatir_1.jpg,考试路径|B1|v,专四,社会；社团,丑闻；风波,烈酒；烧酒,大创内容组_senses_table_tem4 7.16.xlsx
deber,n,m,B1,2,,义务；责任；职责,,Es nuestro deber ayudar a las personas que necesitan apoyo en la vida.,帮助生活中需要支持的人是我们的义务。,deber_2.jpg,考试路径|B1|n,专四,疏忽；大意,耽搁；使延迟,磨；研；榨；折磨,大创内容组_senses_table_tem4 7.17.xlsx
debilidad,n,f,B1,1,,弱点；缺点,,La debilidad de muchos estudiantes al aprender español es la conjugación de verbos irregulares.,许多学生学习西班牙语时的弱点是不规则动词变位。,debilidad_1.jpg,考试路径|B1|n,专四,使适合；使协调,提交；交作业,查封；禁运,大创内容组_senses_table_tem4 9.9.xlsx
decano,n,n/a,B1,1,,系主任；院长,,El decano de la facultad de filología anunció la creación de un nuevo curso de literatura.,文学院院长宣布开设一门新的文学课程。,decano_1.jpg,考试路径|B1|n,专四,卡片,昏迷；晕倒,神话；传说,大创内容组_senses_table_tem4 9.9.xlsx
decente,adj,n/a,B1,1,,体面的；得体的,,Todos los estudiantes merecen tener una vivienda decente cerca de la universidad.,所有学生都应该在大学附近有体面的住所。,decente_1.jpg,考试路径|B1|adj,专四,陪同者；同行人,实体；单位；机构,参加；干涉；调解；发言,大创内容组_senses_table_tem4 9.9.xlsx
declarar,v,n/a,B1,1,,宣布；声明；申报,,El director declaró abierta la conferencia internacional de estudios hispánicos.,系主任宣布国际西班牙语研究大会开幕。,declarar_1.jpg,考试路径|B1|v,专四,十五天；半个月,温和的；不冷不热的,砖；砖状物,大创内容组_senses_table_tem4 7.20.xlsx
decorar,v,n/a,B1,1,,装饰；装潢,,Los estudiantes decoraron el aula con carteles y banderas para la celebración del Día del Español.,学生们用海报和旗帜装饰教室，庆祝西班牙语日。,decorar_1.jpg,考试路径|B1|v,专四,平衡；均势,不可避免的；必然的,路线；线路,大创内容组_senses_table_tem4 9.9.xlsx
decreto,n,m,B1,1,,法令；命令,,El gobierno emitió un decreto para mejorar la calidad de la enseñanza en las universidades.,政府颁布了一项法令以提高大学的教学质量。,decreto_1.jpg,考试路径|B1|n,专四,商品；货物,长；长度,靶子；目标,大创内容组_senses_table_tem4 9.9.xlsx
dedicar,v,n/a,B1,1,,用于（时间/精力）,,El profesor dedica varias horas cada semana a atender las dudas de sus estudiantes.,老师每周花好几个小时来处理学生的疑问。,dedicar_1.jpg,考试路径|B1|v,专四,美学的；美的,公正；正义；司法权；司法机关,培育（动植物）,大创内容组_senses_table_tem4 9.9.xlsx
dedicarse,v,n/a,B1,1,,致力于；投身于,,Muchos estudiantes se dedican al estudio de idiomas para ampliar sus oportunidades laborales.,许多学生致力于语言学习以拓宽就业机会。,dedicarse_1.jpg,考试路径|B1|v,专四,轮到；该（某人）,使有力；激励,节日的；节庆的；快乐的,大创内容组_senses_table_tem4 9.9.xlsx
defecto,n,m,B1,1,,缺点；缺陷,,El principal defecto de mi redacción es la falta de conectores entre las ideas principales.,我的作文的主要缺点是主要观点之间缺少连接词。,defecto_1.jpg,考试路径|B1|n,专四,火焰,哀悼；举丧；丧服；哀伤,努力；气力；付出,大创内容组_senses_table_tem4 9.9.xlsx
defender,v,n/a,B1,1,,保卫；保护；辩护,,Los estudiantes defendieron su proyecto de investigación ante el comité de evaluación.,学生们在评审委员会面前为自己的研究项目进行辩护。,defender_1.jpg,考试路径|B1|v,专四,霜冻；结冰,判决,夫人；女士（尊称）,大创内容组_senses_table_tem4 9.9.xlsx
defenderse,v,n/a,B1,1,,抵御；自我保护,,Los estudiantes aprenden a defenderse de las noticias falsas con pensamiento crítico.,学生们学会用批判性思维来抵御虚假新闻。,defenderse_1.jpg,考试路径|B1|v,专四,无用的；无益的；无价值的,无关的；不相干的,浓密的；稠密的,大创内容组_senses_table_tem4 9.9.xlsx
definición,n,f,B1,1,,定义,,"Antes de discutir el concepto, conviene recordar la definición del diccionario y un ejemplo real.",讨论概念之前，最好先回顾词典定义和一个真实例子。,definicion_1.jpg,考试路径|B1|n,专四,粗鲁愚蠢的人（比喻义）,机械装置；结构；机制,湿度；潮湿,大创内容组_senses_table_tem4_with_images.xlsx
definir,v,n/a,B1,1,,定义；下定义,,El profesor pidió a los estudiantes que definieran el concepto de «cultura» con sus propias palabras.,老师要求学生们用自己的话给“文化”这个词下定义。,definir_1.jpg,考试路径|B1|v,专四,接受考试；参加考试,能力；技能,青年的；年轻人的,大创内容组_senses_table_tem4 9.9.xlsx
dejar,v,n/a,B1,2,,放弃；停止,,Dejé de jugar videojuegos para dedicarme al estudio del TEM4.,我不再打游戏，专心备考专四。,dejar_2.jpg,考试路径|B1|v,专四,同事；同僚,祭坛（宗教）,义务；责任；职责,大创内容组_senses_table_tem4 7.19.xlsx
dejar,v,n/a,B1,3,,借给,,Me dejó sus libros de literatura para el examen final.,他把文学书借给我备考期末。,dejar_3.jpg,考试路径|B1|v,专四,风景；景色；景观,店员；营业员,大胆的；勇敢无畏的,大创内容组_senses_table_tem4 7.19.xlsx
delegación,n,f,B1,1,,代表团,,La delegación de estudiantes españoles visitó nuestra universidad para un intercambio cultural.,西班牙学生代表团访问了我们大学，进行文化交流。,delegacion_1.jpg,考试路径|B1|n,专四,本质的；基本的；必要的,提升；上升；升高,使就坐；安排就座,大创内容组_senses_table_tem4 9.9.xlsx
delegado,n,n/a,B1,1,,代表,,Los estudiantes eligieron a su delegado para que los representara en el consejo de la facultad.,学生们选出了他们的代表，在学院理事会上代表他们发言。,delegado_1.jpg,考试路径|B1|n,专四,源自（搭配 de）,任务；使命；工作团；使团,别人的；他人的,大创内容组_senses_table_tem4 9.9.xlsx
delito,n,m,B1,1,,犯罪；罪行,,Cometer un delito puede tener graves consecuencias para el futuro profesional de una persona.,犯罪可能会对一个人的职业未来产生严重后果。,delito_1.jpg,考试路径|B1|n,专四,大块（石料/冰块等）,简历；履历,隐藏；掩盖,大创内容组_senses_table_tem4 9.9.xlsx
demanda,n,f,B1,1,,需求；要求；请求,,La demanda de clases de español ha aumentado considerablemente en los últimos años.,近年来对西班牙语课程的需求大幅增长。,demanda_1.jpg,考试路径|B1|n,专四,人工的；人造的,走；行军；运转；进展；离开,使感到愉快；使消遣,大创内容组_senses_table_tem4 9.9.xlsx
democracia,n,f,B1,1,,民主；民主主义,,La democracia permite que los ciudadanos participen en las decisiones políticas de su país.,民主制度允许公民参与国家的政治决策。,democracia_1.jpg,考试路径|B1|n,专四,劳动；活计；杂务；家务,扔；抛；发射；发出,出生的；出生地的；天然的；本地的；土著居民,大创内容组_senses_table_tem4 9.9.xlsx
democrático,adj,n/a,B1,1,,民主的；民主主义的,,La universidad promueve un ambiente democrático donde todos los estudiantes pueden expresar sus ideas.,大学倡导一种民主的氛围，所有学生都可以表达自己的想法。,democratico_1.jpg,考试路径|B1|adj,专四,柴火,陆军上校,借助；通过；利用,大创内容组_senses_table_tem4 9.9.xlsx
demonio,n,m,B1,1,,魔鬼；恶魔,,"En muchas leyendas, el demonio aparece como una figura astuta que engaña a los humanos.",在许多传说中，魔鬼以狡猾的形象出现，欺骗人类。,demonio_1.jpg,考试路径|B1|n,专四,课程；学科,事先；预先（搭配 de）,握住（手）；使亲密,大创内容组_senses_table_tem4 9.9.xlsx
demostrar,v,n/a,B1,1,,证明；表明；示范,,Los datos estadísticos demuestran que el español es el segundo idioma más estudiado.,统计数据表明，西班牙语是学习人数第二多的语言。,demostrar_1.jpg,考试路径|B1|v,专四,散布；传开,使接近；靠近,比较；对比；对照,大创内容组_senses_table_tem4 7.19.xlsx
denominar,v,n/a,B1,1,,命名；称为,,Los científicos denominaron a este nuevo planeta con el nombre de su descubridor.,科学家们以发现者的名字命名了这颗新行星。,denominar_1.jpg,考试路径|B1|v,专四,选择；挑选；选举,装备起来；发生,证券交易所；股市,大创内容组_senses_table_tem4 9.9.xlsx
densidad,n,f,B1,1,,密度,,La densidad de población en las grandes ciudades es mucho mayor que en las zonas rurales.,大城市的居住密度比农村地区大得多。,densidad_1.jpg,考试路径|B1|n,专四,靠近；走近,完成；实现,温和的；不冷不热的,大创内容组_senses_table_tem4 9.9.xlsx
denso,adj,n/a,B1,1,,浓密的；稠密的,,La niebla era tan densa que apenas podíamos ver el edificio de enfrente.,雾如此浓密，我们几乎看不见对面的建筑。,denso_1.jpg,考试路径|B1|adj,专四,贵妇人；女士,本质；实质,住宿；寄宿,大创内容组_senses_table_tem4 9.9.xlsx
denuncia,n,f,B1,1,,告发；揭发,,La denuncia de los estudiantes sobre el acoso fue atendida inmediatamente por las autoridades.,学生们关于骚扰的举报立即得到了当局的处理。,denuncia_1.jpg,考试路径|B1|n,专四,灌醉；使头晕,习俗；风俗；时髦,魔鬼；恶魔；淘气鬼,大创内容组_senses_table_tem4 9.9.xlsx
departamento,n,m,B1,1,,部门；系,,El departamento de filología hispánica organiza un congreso internacional cada dos años.,西班牙语文学系每两年组织一次国际会议。,departamento_1.jpg,考试路径|B1|n,专四,端头的；极端的；末端；尽头；极端,因素,内行的；专家；行家,大创内容组_senses_table_tem4 9.9.xlsx
depender,v,n/a,B1,1,,取决于（搭配 de）,,El éxito de tu aprendizaje de español depende de la práctica diaria y la motivación personal.,你西班牙语学习的成功取决于日常练习和个人动力。,depender_1.jpg,考试路径|B1|v,专四,感染；传染；不良影响,摇篮,无用的；无益的；无价值的,大创内容组_senses_table_tem4 9.9.xlsx
dependiente,n,n/a,B1,1,,店员；营业员,,El dependiente de la tienda me ayudó a encontrar el libro que buscaba.,书店的店员帮我找到了我要找的那本书。,dependiente_1.jpg,考试路径|B1|n,专四,抢夺；强行拿走,勤劳的；勤勉的,汇入；流入（河流）,大创内容组_senses_table_tem4 7.19.xlsx
deportivo,adj,n/a,B1,1,,运动的；体育的,,La universidad cuenta con excelentes instalaciones deportivas para todos los estudiantes.,大学为所有学生提供了出色的体育设施。,deportivo_1.jpg,考试路径|B1|adj,专四,躲避；回避；逃脱,道德的；精神上的；道义上的；伦理；道德,角；角度；角落,大创内容组_senses_table_tem4 9.9.xlsx
depositar,v,n/a,B1,1,,放置；存放,,Deposita tus pertenencias en el armario antes de entrar a la sala de exámenes.,进入考场前把你的随身物品存放在储物柜里。,depositar_1.jpg,考试路径|B1|v,专四,神；神性,精神；灵魂,面团；人群；群众,大创内容组_senses_table_tem4 9.9.xlsx
depositarse,v,n/a,B1,1,,沉淀,,"Después de agitar el agua, las partículas se depositaron en el fondo del vaso.",晃动水后，颗粒物沉淀到了杯底。,depositarse_1.jpg,考试路径|B1|v,专四,节日的；节庆的；快乐的,阶段；时期,神；上帝,大创内容组_senses_table_tem4 9.9.xlsx
derecho,n,m,B1,2,,法律；法学,,Su hermano mayor estudia derecho en la universidad y quiere ser abogado especializado en extranjería.,他哥哥在大学学法律，想成为一名移民法方向的律师。,derecho_2.jpg,考试路径|B1|n,专四,平衡；均势,握住（手）；使亲密,形成；构成；培养；成长,大创内容组_senses_table_tem4 7.19.xlsx
derivar,v,n/a,B1,1,,源自（搭配 de）,,"Muchas palabras del español derivan del latín y del árabe, dos lenguas muy influyentes.",许多西班牙语词汇源自拉丁语和阿拉伯语这两种非常有影响力的语言。,derivar_1.jpg,考试路径|B1|v,专四,显露；发芽（植物）,丑闻；风波,互动；相互作用,大创内容组_senses_table_tem4 9.9.xlsx
derivarse,v,n/a,B1,1,,源自；由…而来,,El conflicto se derivó de un malentendido durante la negociación entre los dos equipos.,冲突源于两队谈判过程中的一个误解。,derivarse_1.jpg,考试路径|B1|v,专四,使安静；不说话；沉默,批评的；评论的；评论家；批评家,癌症,大创内容组_senses_table_tem4 9.9.xlsx
derrota,n,f,B1,1,,失败；战败,,"Aunque sufrieron una derrota en el debate, los estudiantes aprendieron mucho de la experiencia.",尽管在辩论中遭遇了失败，学生们从这次经历中学到了很多。,derrota_1.jpg,考试路径|B1|n,专四,躺下；传开；扩散；延伸,吞咽；咽下,拴；系；捆,大创内容组_senses_table_tem4 9.9.xlsx
desatar,v,n/a,B1,1,,松开；解开,,El marinero desató la cuerda que sujetaba el barco al muelle antes de zarpar.,水手在起航前解开了把船系在码头上的绳子。,desatar_1.jpg,考试路径|B1|v,专四,询问；质问；审问,过程；进程；工序,暗自犹豫；心存疑虑,大创内容组_senses_table_tem4 9.9.xlsx
descargar,v,n/a,B1,1,,卸货,,Los trabajadores descargaron los libros del camión y los llevaron a la nueva biblioteca.,工人们从卡车上卸下书籍，把它们搬进了新图书馆。,descargar_1.jpg,考试路径|B1|v,专四,神经,基督教,有效力的；有能力的,大创内容组_senses_table_tem4 9.9.xlsx
descargar,v,n/a,B1,2,,下载（文件）,,"Para preparar la clase, los estudiantes descargaron los materiales desde la plataforma virtual.",为了准备课程，学生们从虚拟平台下载了学习材料。,descargar_2.jpg,考试路径|B1|v,专四,轴（机器）；桅（船）,它；这（中性）,装备起来；发生,大创内容组_senses_table_tem4 9.9.xlsx
descargarse,v,n/a,B1,1,,推卸（责任）,,El estudiante intentó descargarse de la culpa culpando a su compañero por el error.,这名学生试图把责任推卸给同伴，把错误归咎于对方。,descargarse_1.jpg,考试路径|B1|v,专四,协议；约定,输掉；输；失败,份；份额；批；堆,大创内容组_senses_table_tem4 9.9.xlsx
descender,v,n/a,B1,1,,下降；降低,,La temperatura desciende rápidamente en las zonas altas de la montaña durante la noche.,夜间山区高处的气温迅速下降。,descender_1.jpg,考试路径|B1|v,专四,不认识；不知道,合唱队；合唱,指南针,大创内容组_senses_table_tem4 9.9.xlsx
descomponer,v,n/a,B1,1,,分解,,La luz del sol descompone la materia orgánica en elementos más simples con el tiempo.,阳光会逐渐将有机物质分解成更简单的元素。,descomponer_1.jpg,考试路径|B1|v,专四,爬；爬行,吃点心；吃下午茶,女性的；雌性的；阴性的,大创内容组_senses_table_tem4 9.9.xlsx
descomponerse,v,n/a,B1,1,,腐烂；变质,,La fruta se descompone rápidamente si no se guarda en el refrigerador.,如果不放在冰箱里，水果会很快腐烂。,descomponerse_1.jpg,考试路径|B1|v,专四,船舶；上船,纬度,民主；民主主义,大创内容组_senses_table_tem4 9.9.xlsx
desconfianza,n,f,B1,1,,不信任,,La desconfianza entre los miembros del equipo dificulta el trabajo colaborativo y la comunicación.,团队成员之间的不信任使合作和沟通变得困难。,desconfianza_1.jpg,考试路径|B1|n,专四,燃烧；烧着；发热；（身体）发烫,开发；开采；剥削；利用,辣的；辛辣的,大创内容组_senses_table_tem4 9.9.xlsx
desconocer,v,n/a,B1,1,,不认识；不知道,,Muchos estudiantes desconocen la importancia de la pronunciación correcta en español.,许多学生不知道正确发音在西班牙语中的重要性。,desconocer_1.jpg,考试路径|B1|v,专四,比较；对比；对照,污渍；斑点；污点,罪行；犯罪,大创内容组_senses_table_tem4 9.9.xlsx
desconocer,v,n/a,B1,2,,否认,,El acusado desconoció su participación en los hechos delictivos que se le imputaban.,被告否认自己参与了被指控的犯罪活动。,desconocer_2.jpg,考试路径|B1|v,专四,力量；精力；能量,覆盖；布满；遍布,进攻；袭击,大创内容组_senses_table_tem4 9.9.xlsx
descubrir,v,n/a,B1,1,,发现；发觉,,Descubrí un método muy útil para memorizar palabras.,我发现一个背单词超好用的方法。,descubrir_1.jpg,考试路径|B1|v,专四,翻译,金属丝；铁丝；电线,谋杀；暗杀,大创内容组_senses_table_tem4 7.19.xlsx
descuento,n,m,B1,1,,折扣；减价,,Este fin de semana hay un descuento del veinte por ciento en todos los productos.,本周末所有商品打八折。,descuento_1.jpg,考试路径|B1|n,专四,裁判；仲裁人,投降；致力于；沉溺于,使下决心,大创内容组_senses_table_tem4 7.20.xlsx
descuidar,v,n/a,B1,1,,疏忽；不关心,,No descuides tu salud mientras estudias mucho para los exámenes finales.,在备考期末考试期间不要忽视自己的健康。,descuidar_1.jpg,考试路径|B1|v,专四,会见；面谈,当地的；地方性的；局部的；地点；场所,使用；运用；雇佣；聘用,大创内容组_senses_table_tem4 9.9.xlsx
descuidarse,v,n/a,B1,1,,疏忽；大意,,El estudiante se descuidó y olvidó incluir la bibliografía en su trabajo final.,这名学生一疏忽，忘记了在期末作业中加入参考文献。,descuidarse_1.jpg,考试路径|B1|v,专四,议论文；散文式写作,仆人；佣人,纪念碑；古迹；纪念物,大创内容组_senses_table_tem4 9.9.xlsx
desembocar,v,n/a,B1,1,,汇入；流入（河流）,,El río Tajo desemboca en el océano Atlántico después de recorrer toda la península.,塔霍河在流经整个半岛后汇入大西洋。,desembocar_1.jpg,考试路径|B1|v,专四,因素,交换；互换,威严；威武；陛下,大创内容组_senses_table_tem4 9.9.xlsx
desempeñar,v,n/a,B1,1,,担任（职务）,,El profesor desempeña el cargo de director del departamento de literatura hispánica.,这位老师担任西班牙语文学系主任一职。,desempenar_1.jpg,考试路径|B1|v,专四,事件；比赛项目,磅（重量单位）；镑（货币单位）,展开；膨胀；传播,大创内容组_senses_table_tem4 9.9.xlsx
desempeñar,v,n/a,B1,2,,扮演（角色）,,El actor desempeñó el papel del protagonista en la obra de teatro sobre la vida de Cervantes.,这位演员在关于塞万提斯一生的戏剧中扮演了主角。,desempenar_2.jpg,考试路径|B1|v,专四,游览；走遍,典范；模范；样式；模特,适应（搭配 a）,大创内容组_senses_table_tem4 9.9.xlsx
desesperar,v,n/a,B1,1,,使绝望；使恼火,,La falta de progreso en el aprendizaje del español a veces desespera a los estudiantes.,西班牙语学习缺乏进展有时会让学生感到灰心失望。,desesperar_1.jpg,考试路径|B1|v,专四,走；行军；运转；进展；离开,擦洗；刷洗,开始（搭配 a + inf）,大创内容组_senses_table_tem4 9.9.xlsx
desesperarse,v,n/a,B1,1,,绝望；恼火,,"No te desesperes si no entiendes todo a la primera, el español requiere tiempo y paciencia.",如果第一次没完全弄懂，不要灰心，西班牙语需要时间和耐心。,desesperarse_1.jpg,考试路径|B1|v,专四,大约,过分；过度,详述；详细说明,大创内容组_senses_table_tem4 9.9.xlsx
desfile,n,m,B1,1,,游行；列队行进,,El desfile del día de la independencia recorrió las principales calles de la ciudad.,独立日游行队伍走过了城市的主要街道。,desfile_1.jpg,考试路径|B1|n,专四,互相理解；相处；合得来,裁判；仲裁人,签名；签字,大创内容组_senses_table_tem4 9.9.xlsx
desgracia,n,f,B1,1,,不幸,,"Por desgracia, el estudiante perdió todos sus apuntes justo antes del examen final.",不幸的是，这名学生在期末考试前弄丢了所有笔记。,desgracia_1.jpg,考试路径|B1|n,专四,遵守（规则）,拥有；使用（搭配 de）,聚会；集合；会面,大创内容组_senses_table_tem4 9.9.xlsx
deshacer,v,n/a,B1,1,,拆开；拆散,,El mecánico deshizo el motor para encontrar la avería que causaba el problema.,机械师拆开引擎以找到导致问题的故障。,deshacer_1.jpg,考试路径|B1|v,专四,能源的；能量的,烈酒；烧酒,帮助；支持；有利于；促进,大创内容组_senses_table_tem4 9.9.xlsx
deshacer,v,n/a,B1,2,,取消；毁掉,,El mal tiempo deshizo todos los planes de la excursión programada para el fin de semana.,坏天气打乱了所有周末郊游计划。,deshacer_2.jpg,考试路径|B1|v,专四,附近；近郊,记得（自复）,有效的,大创内容组_senses_table_tem4 9.9.xlsx
deshacerse,v,n/a,B1,1,,摆脱；处理掉,,Los estudiantes deben deshacerse de los malos hábitos para mejorar su rendimiento académico.,学生们必须摆脱坏习惯以提升学业表现。,deshacerse_1.jpg,考试路径|B1|v,专四,每天的；日常的,拔；拔掉,先前的；祖先,大创内容组_senses_table_tem4 9.9.xlsx
desmayarse,v,n/a,B1,1,,昏迷；晕倒,,El estudiante se desmayó durante la ceremonia debido al calor extremo y la falta de agua.,这名学生在典礼上因极度炎热和缺水而晕倒了。,desmayarse_1.jpg,考试路径|B1|v,专四,悲观的,理应得到（自复强调）,末端；尽头,大创内容组_senses_table_tem4 9.9.xlsx
desnudar,v,n/a,B1,1,,脱去；使赤裸,,El médico pidió al paciente que se desnudara para hacerle la exploración completa.,医生要求病人脱掉衣服以便进行全面检查。,desnudar_1.jpg,考试路径|B1|v,专四,发抖；战栗,养育；抚养,运河；水道,大创内容组_senses_table_tem4 9.9.xlsx
desnudarse,v,n/a,B1,1,,赤裸；脱衣,,Se desnudó y se puso el traje de baño antes de lanzarse a la piscina.,他脱掉衣服换上泳衣，然后跳进了泳池。,desnudarse_1.jpg,考试路径|B1|v,专四,源自（搭配 de）,使协调；协调,系统阐述；明确表达；公式化,大创内容组_senses_table_tem4 9.9.xlsx
desorden,n,m,B1,1,,杂乱；混乱,,Hay mucho desorden en mi habitación porque no he tenido tiempo de arreglarla.,我房间很乱，因为一直没有时间收拾。,desorden_1.jpg,考试路径|B1|n,专四,拳击运动,语音的；语音学,达到；达成；够到,大创内容组_senses_table_tem4 7.20.xlsx
despachar,v,n/a,B1,1,,办理；处理（事务）,,El profesor despacha los asuntos administrativos cada mañana antes de empezar las clases.,老师每天早上在开始上课之前处理行政事务。,despachar_1.jpg,考试路径|B1|v,专四,领袖；首领,接待；服务；照料；照顾,有效力的；有能力的,大创内容组_senses_table_tem4 9.9.xlsx
despachar,v,n/a,B1,2,,派遣；寄发,,La tienda despachó los libros pedidos por los estudiantes el mismo día de la compra.,书店在购买当天就寄发了学生们订购的书籍。,despachar_2.jpg,考试路径|B1|v,专四,掌握；精通；统治,最小的；最低的；最少的,世界的,大创内容组_senses_table_tem4 9.9.xlsx
despedir,v,n/a,B1,1,,送别；为…送行,,Los compañeros fueron a la estación para despedir a la estudiante de intercambio que volvía a su país.,同学们去车站为那位即将回国的交换生送行。,despedir_1.jpg,考试路径|B1|v,专四,怪物；巨物；凶恶的人,团体；同盟；联赛,处在（某种状态）；身处,大创内容组_senses_table_tem4 9.13.xlsx
despedir,v,n/a,B1,2,,辞退；解雇,,La empresa decidió despedir a varios empleados debido a la crisis económica del país.,由于国家经济危机，公司决定辞退几名员工。,despedir_2.jpg,考试路径|B1|v,专四,纸牌；纸牌游戏,外面的；外表的；对外的；外部；外国,输掉；输；失败,大创内容组_senses_table_tem4 9.13.xlsx
despegar,v,n/a,B1,1,,起飞,,El avión despegó a las ocho de la mañana con todos los pasajeros a bordo.,飞机早上八点起飞，所有乘客都已就座。,despegar_1.jpg,考试路径|B1|v,专四,勤奋；专心于,硕士；学士,手工的；体力的；教科书；手册,大创内容组_senses_table_tem4 7.20.xlsx
despejado,adj,n/a,B1,1,,晴朗的；无云的,,Mañana tendremos un día despejado ideal para visitar los monumentos de la ciudad.,明天将是晴天，非常适合参观城市古迹。,despejado_1.jpg,考试路径|B1|adj,专四,狡猾的；精明的,导师；指导老师；监护人,有效的；真实的,大创内容组_senses_table_tem4 7.20.xlsx
despertar,n,n/a,B1,2,,激起；唤起（情感/兴趣）；醒悟,,La lectura de novelas hispanoamericanas despertó en ella un gran interés por la literatura.,阅读拉美小说激起了她对文学的极大兴趣。,despertar_2.jpg,考试路径|B1|n,专四,眼泪,拍照,假的；伪造的；虚伪的,大创内容组_senses_table_tem4 9.13.xlsx
desplazar,v,n/a,B1,1,,移动；挪动,,Los estudiantes desplazaron las mesas para formar un círculo y facilitar el debate en clase.,学生们挪动桌子围成一个圆圈，方便课堂讨论。,desplazar_1.jpg,考试路径|B1|v,专四,评论；评述,买主；顾客,引起；导致；激励,大创内容组_senses_table_tem4 9.13.xlsx
desplazar,v,n/a,B1,2,,顶替；取代,,La nueva tecnología ha desplazado a los métodos tradicionales de enseñanza de idiomas.,新技术已经取代了传统的语言教学方法。,desplazar_2.jpg,考试路径|B1|v,专四,用于；指定用途,药品（总称）,包；裹,大创内容组_senses_table_tem4 9.13.xlsx
desplazarse,v,n/a,B1,1,,移动；出行；搬家,,"Para asistir a la conferencia, los estudiantes se desplazaron desde distintas ciudades del país.",为了参加会议，学生们从全国不同的城市赶来。,desplazarse_1.jpg,考试路径|B1|v,专四,神父,状况；状态,生产；制造；建造,大创内容组_senses_table_tem4 9.13.xlsx
despreciar,v,n/a,B1,1,,轻视；蔑视,,"No debes despreciar los consejos de tus profesores,因为他们总是为你的进步着想。",你不应该轻视老师的建议，因为他们总是为你的进步着想。,despreciar_1.jpg,考试路径|B1|v,专四,口径；直径,取决于（搭配 de）,喝醉；头晕,大创内容组_senses_table_tem4 9.13.xlsx
desprender,v,n/a,B1,1,,使分离；取下,,El profesor desprendió la hoja del cuaderno con cuidado para no romperla.,老师小心地从笔记本上取下一张纸，以免撕破。,desprender_1.jpg,考试路径|B1|v,专四,终点,缺点；缺陷,负责；承担,大创内容组_senses_table_tem4 9.13.xlsx
desprenderse,v,n/a,B1,1,,推断出；得出结论,,De sus palabras se desprende que no está de acuerdo con el nuevo plan de estudios.,从他的话中可以推断出他不同意新的教学计划。,desprenderse_1.jpg,考试路径|B1|v,专四,需求；要求；请求,活跃的；动态的,经济上的；节约的,大创内容组_senses_table_tem4 9.13.xlsx
destacar,v,n/a,B1,1,,强调；突出,,El profesor destacó la importancia de practicar la pronunciación todos los días.,老师强调了每天练习发音的重要性。,destacar_1.jpg,考试路径|B1|v,专四,社会；社团,量；测量；达到；衡量；斟酌；较量；有分寸,有弹性的,大创内容组_senses_table_tem4 9.13.xlsx
destacar,n,n/a,B1,2,,突出；出众,,La estudiante destaca en la clase de español por su excelente pronunciación y fluidez.,这名学生在西班牙语课上因出色的发音和流利度而表现突出。,destacar_2.jpg,考试路径|B1|n,专四,下降；降低,协议；约定,分开；拆分,大创内容组_senses_table_tem4 9.13.xlsx
destinar,v,n/a,B1,1,,指派；分配,,La universidad destinó a varios profesores para organizar el congreso internacional de hispanistas.,大学指派了几位老师来组织国际西班牙语学者大会。,destinar_1.jpg,考试路径|B1|v,专四,参加；加入；入学,梯子；阶梯,光亮；光辉,大创内容组_senses_table_tem4 9.13.xlsx
destinar,v,n/a,B1,2,,用于；指定用途,,Esta sala está destinada a las tutorías y reuniones de los estudiantes de posgrado.,这间教室被指定用于研究生辅导和会议。,destinar_2.jpg,考试路径|B1|v,专四,陈述；阐述；展览,论据；论点,想象；设想,大创内容组_senses_table_tem4 9.13.xlsx
destruir,v,n/a,B1,1,,破坏；毁坏,,El incendio destruyó una parte importante de la biblioteca antigua de la universidad.,火灾毁坏了大学古老图书馆的一大部分。,destruir_1.jpg,考试路径|B1|v,专四,美学的；美的,翻译,矿工；矿主,大创内容组_senses_table_tem4 9.13.xlsx
detallar,v,n/a,B1,1,,详述；详细说明,,El autor detalla minuciosamente las costumbres sociales de la época medieval en su nueva novela.,作者在其新小说中详尽地描述了中世纪时期的社会习俗。,detallar_1.jpg,考试路径|B1|v,专四,世界的,先前的；祖先,（器具等的）一套；组,大创内容组_senses_table_tem4 7.19.xlsx
detalle,n,m,B1,1,,细节；详述；零碎,,Presta atención a los pequeños detalles ortográficos para no perder puntos en el examen final.,注意拼写的小细节，以免在期末考试中失分。,detalle_1.jpg,考试路径|B1|n,专四,声明；宣布；表示；显示；游行；发表意见,发条,固定；集中；确定；注意,大创内容组_senses_table_tem4 7.19.xlsx
detener,v,n/a,B1,1,,阻止；阻挡；拘留；逮捕,,La lluvia intensa detuvo el partido de fútbol entre las facultades durante casi una hora.,大雨使学院之间的足球赛停止了将近一个小时。,detener_1.jpg,考试路径|B1|v,专四,豪华；奢侈；排场,蠢话；荒唐事,埋；埋葬；藏匿,大创内容组_senses_table_tem4 9.13.xlsx
detenerse,v,n/a,B1,1,,停住；停下,,El autobús se detuvo frente a la facultad para que subieran los estudiantes.,公交车在学院前停下，让学生们上车。,detener_3.jpg,考试路径|B1|v,专四,拍照,陈述；阐述；展览,标点；得分,大创内容组_senses_table_tem4 9.13.xlsx
determinar,v,n/a,B1,1,,确定；决定,,Los resultados del examen determinarán si el estudiante puede acceder al nivel avanzado.,考试结果将决定该学生能否进入高级班。,determinar_1.jpg,考试路径|B1|v,专四,角；角度；角落,航空；空军,闷热；暑热,大创内容组_senses_table_tem4 9.13.xlsx
determinar,v,n/a,B1,2,,使下决心,,La conversación con su tutor determinó al estudiante a estudiar en el extranjero.,与导师的谈话使这名学生下决心出国留学。,determinar_2.jpg,考试路径|B1|v,专四,陪同者；同行人,提前（搭配 con）,爆裂；爆炸；爆发,大创内容组_senses_table_tem4 9.13.xlsx
determinarse,v,n/a,B1,1,,决心；决定,,Finalmente se determinó a participar en el concurso de oratoria en español.,他最终决心参加西班牙语演讲比赛。,determinarse_1.jpg,考试路径|B1|v,专四,轴（机器）；桅（船）,送别；为…送行,赊销；担保；信任,大创内容组_senses_table_tem4 9.13.xlsx
deuda,n,f,B1,1,,债务；欠款,,El estudiante tuvo que pedir un préstamo para pagar la deuda de la matrícula universitaria.,这名学生不得不贷款来支付大学注册费的债务。,deuda_1.jpg,考试路径|B1|n,专四,遗憾；惋惜；悲痛,悲观的,疏忽；大意,大创内容组_senses_table_tem4 9.13.xlsx
devorar,v,n/a,B1,1,,吞噬；吞食,,Las llamas devoraron rápidamente el bosque seco durante el incendio del verano pasado.,去年夏天的火灾中，火焰迅速吞噬了干燥的森林。,devorar_1.jpg,考试路径|B1|v,专四,球场；场地,斗篷；披风,神话,大创内容组_senses_table_tem4 9.13.xlsx
diablo,n,m,B1,1,,魔鬼；恶魔；淘气鬼,,"En el cuento, el diablo engaña al protagonista con promesas de riqueza y poder.",在故事中，魔鬼用财富和权力的承诺欺骗了主人公。,diablo_1.jpg,考试路径|B1|n,专四,水晶；玻璃；镜片,否认,核对；查验,大创内容组_senses_table_tem4 9.13.xlsx
diagnóstico,n,m,B1,1,,诊断,,El médico dio su diagnóstico después de revisar los resultados de los análisis del paciente.,医生在查看患者的化验结果后给出了诊断。,diagnostico_1.jpg,考试路径|B1|n,专四,顶峰；山顶,使有力；激励,谋杀；暗杀,大创内容组_senses_table_tem4 9.13.xlsx
diagrama,n,m,B1,1,,图表；图解,,El profesor dibujó un diagrama en la pizarra para explicar la estructura de la oración compuesta.,老师在黑板上画了一个图表来解释复合句的结构。,diagrama_1.jpg,考试路径|B1|n,专四,轴（机器）；桅（船）,疲劳；呼吸困难,送别；为…送行,大创内容组_senses_table_tem4 9.13.xlsx
diapositiva,n,f,B1,1,,幻灯片,,La presentación en clase incluye varias diapositivas con imágenes y ejemplos de vocabulario.,课堂展示包括几页带有图像和词汇示例的幻灯片。,diapositiva_1.jpg,考试路径|B1|n,专四,口头报告；演示,露出水面；浮现；露出,学位；学衔,大创内容组_senses_table_tem4 9.13.xlsx
dibujarse,v,n/a,B1,1,,隐约可见；显露,,En su rostro se dibujaba una sonrisa de satisfacción después de aprobar el examen.,通过考试后，他的脸上隐约露出满意的微笑。,dibujarse_1.jpg,考试路径|B1|v,专四,推断出；得出结论,那个；如同（正式/书面用法）,建造；建设；构建,大创内容组_senses_table_tem4 9.13.xlsx
dicho,n,m,B1,1,,话；言论；格言,,El profesor siempre repite el dicho «más vale tarde que nunca» cuando alguien llega tarde.,当有人迟到时，老师总是重复那句格言“迟到总比不到好”。,dicho_1.jpg,考试路径|B1|n,专四,发明；创造；创作；杜撰,泥土；泥巴,刃；刀锋,大创内容组_senses_table_tem4 9.13.xlsx
diferenciar,v,n/a,B1,1,,区分；辨别；使不同,,Es fundamental diferenciar el uso del pretérito perfecto y del pretérito indefinido en español.,在西班牙语中，区分现在完成时和简单过去时的用法至关重要。,diferenciar_1.jpg,考试路径|B1|v,专四,路线；行程,黎明；拂晓,解散（组织/集会）,大创内容组_senses_table_tem4 7.19.xlsx
dificultad,n,f,B1,1,,困难；难度；障碍,,"La pronunciación de la ""r"" vibrante presenta dificultad para muchos alumnos asiáticos.",颤音“r”的发音对许多亚洲学生来说有困难。,dificultad_1.jpg,考试路径|B1|n,专四,集市；市场；交易会；博览会,优惠；促销,欣赏；观赏,大创内容组_senses_table_tem4 7.19.xlsx
difundir,v,n/a,B1,1,,传播；扩散,,La universidad difundió la noticia del intercambio cultural a través de sus redes sociales.,大学通过社交媒体传播了文化交流的消息。,difundir_1.jpg,考试路径|B1|v,专四,甘蔗,使狭小；使变窄,细节；详述；零碎,大创内容组_senses_table_tem4 9.13.xlsx
difundirse,v,n/a,B1,1,,散布；传开,,La noticia sobre la conferencia se difundió rápidamente entre todos los estudiantes de la facultad.,关于讲座的消息迅速在学院所有学生中传开。,difundirse_1.jpg,考试路径|B1|v,专四,辩论；讨论,缺席；没来；缺勤,现代的；当代的,大创内容组_senses_table_tem4 9.13.xlsx
dignidad,n,f,B1,1,,尊严；尊贵,,"Todos los seres humanos merecen ser tratados con respeto y dignidad, sin importar su origen.",所有人都应该受到尊重和尊严的对待，不论其出身。,dignidad_1.jpg,考试路径|B1|n,专四,确信；确保（自己）,弄直；扶直,不信任,大创内容组_senses_table_tem4 9.13.xlsx
digno,adj,n/a,B1,1,,值得的；相配的,,Su esfuerzo constante lo hizo digno del premio de excelencia académica de la universidad.,他持续的努力使他配得上大学的学业优秀奖。,digno_1.jpg,考试路径|B1|adj,专四,民主的；民主主义的,注意；倾听；考虑,坚持；强调,大创内容组_senses_table_tem4 9.13.xlsx
diligente,adj,n/a,B1,1,,勤奋的；用功的,,El estudiante diligente siempre entrega sus tareas a tiempo y participa activamente en clase.,勤奋的学生总是按时交作业，并积极参与课堂活动。,diligente_1.jpg,考试路径|B1|adj,专四,终点,凭空想象的；极好的,编年史；记录,大创内容组_senses_table_tem4 9.13.xlsx
dimensión,n,f,B1,1,,规模；大小；维度,,La dimensión del campus universitario sorprendió a los nuevos estudiantes en su primer día.,大学校园的规模让新生们在第一天感到惊讶。,dimension_1.jpg,考试路径|B1|n,专四,生活；过活；度过,离婚；使分开,毯子；被子；披风,大创内容组_senses_table_tem4 9.13.xlsx
dinámico,adj,n/a,B1,1,,活跃的；动态的,,La profesora es muy dinámica y siempre propone actividades interactivas para aprender español.,这位老师非常活跃，总是提出互动活动来学习西班牙语。,dinamico_1.jpg,考试路径|B1|adj,专四,仆人；佣人,奖学金,公平的；正义的；正好的；恰好,大创内容组_senses_table_tem4 9.13.xlsx
dios,n,m,B1,1,,神；上帝,,"En la mitología griega, Zeus era el dios del cielo y del trueno.",在希腊神话中，宙斯是天空和雷电之神。,dios_1.jpg,考试路径|B1|n,专四,聊天；闲谈,部门；系,团体；同盟；联赛,大创内容组_senses_table_tem4 9.13.xlsx
diplomático,n,n/a,B1,1,,外交的；外交官,,El diplomático español participó en las negociaciones culturales entre los dos países.,西班牙外交官参加了两国之间的文化谈判。,diplomatico_1.jpg,考试路径|B1|n,专四,锦标赛；冠军赛,仓库；大型商店,流；流动；涌出,大创内容组_senses_table_tem4 9.13.xlsx
diputado,n,n/a,B1,1,,议员；代表,,Los diputados del parlamento aprobaron una nueva ley de educación para mejorar las escuelas.,议会议员们通过了一项新的教育法来改善学校。,diputado_1.jpg,考试路径|B1|n,专四,输掉；输；失败,起动；发动（引擎）；开始；起源,砍刀；大刀,大创内容组_senses_table_tem4 9.13.xlsx
directo,adj,n/a,B1,1,,直接的；直的,,El vuelo directo de Madrid a Buenos Aires dura aproximadamente trece horas.,从马德里到布宜诺斯艾利斯的直飞航班大约需要十三个小时。,directo_1.jpg,考试路径|B1|adj,专四,混合的；混成的,解散（组织/集会）,开发；开采；剥削；利用,大创内容组_senses_table_tem4 9.13.xlsx
dirigente,n,n/a,B1,1,,领导人；负责人,,El dirigente del club de español organizó una reunión para planificar las actividades del semestre.,西班牙语俱乐部的负责人组织了一次会议来规划本学期的活动。,dirigente_1.jpg,考试路径|B1|n,专四,分；划分,使下决心,日历；历书；年鉴,大创内容组_senses_table_tem4 9.13.xlsx
disciplina,n,f,B1,1,,纪律,,La disciplina es fundamental para mantener un buen ambiente de estudio en la universidad.,纪律对于维持大学良好的学习氛围至关重要。,disciplina_1.jpg,考试路径|B1|n,专四,流通的；通用的,假装；伪造,暴风雪；大风雪,大创内容组_senses_table_tem4 9.13.xlsx
disciplina,n,f,B1,2,,课程；学科,,La lingüística es una disciplina que estudia el lenguaje humano desde diferentes perspectivas.,语言学是一门从不同角度研究人类语言的学科。,disciplina_2.jpg,考试路径|B1|n,专四,出版；版本，版次,解救；使摆脱；摆脱,排除；消灭；淘汰；排出,大创内容组_senses_table_tem4 9.13.xlsx
disco,n,m,B1,1,,圆盘；唱片,,"En la tienda de música antigua, encontré un disco de vinilo con canciones españolas de los años ochenta.",在古董音乐店里，我找到了一张收录八十年代西班牙歌曲的黑胶唱片。,disco_1.jpg,考试路径|B1|n,专四,沉淀,合唱队；合唱,大方的；慷慨,大创内容组_senses_table_tem4 9.13.xlsx
disculpar,v,n/a,B1,1,,宽恕；原谅,,El profesor disculpó al estudiante por llegar tarde porque tenía una razón justificada.,老师原谅了这名学生迟到，因为他有正当理由。,disculpar_1.jpg,考试路径|B1|v,专四,扔；抛；发射；发出,群；伙；帮（人员团伙）,田野；开阔平原,大创内容组_senses_table_tem4 9.13.xlsx
disculparse,v,n/a,B1,1,,道歉；请求原谅,,Mi amigo se disculpó por llegar tarde a la cita del grupo de conversación.,我的朋友为口语小组约会迟到而道歉。,disculparse_1.jpg,考试路径|B1|v,专四,注意；当心,接收（信号）,轻的；轻微的；微弱的,大创内容组_senses_table_tem4 7.20.xlsx
discurso,n,m,B1,2,,论述；论文,,Su discurso sobre la literatura hispanoamericana fue muy elogiado por los profesores.,他关于拉美文学的论述受到了教授们的高度赞扬。,discurso_2.jpg,考试路径|B1|n,专四,不信任,达到；实现；够到,切碎；剁碎；啄,大创内容组_senses_table_tem4 9.13.xlsx
discípulo,n,n/a,B1,1,,门徒；学生,,El profesor consideraba a sus alumnos más dedicados como sus discípulos más cercanos.,老师把最用功的学生视为自己最亲近的门徒。,discipulo_1.jpg,考试路径|B1|n,专四,奇迹；奇事；怪事,轮到；该（某人）,十五天；半个月,大创内容组_senses_table_tem4 9.13.xlsx
diseñar,v,n/a,B1,1,,设计；绘制草图,,La estudiante diseñó un cartel muy creativo para promocionar el festival de cine español.,这名学生设计了一张非常有创意的海报来宣传西班牙电影节。,disenar_1.jpg,考试路径|B1|v,专四,笼子,流通的；通用的,擦碎；磨碎,大创内容组_senses_table_tem4 9.13.xlsx
disfrazar,v,n/a,B1,1,,伪装；掩饰,,El estudiante disfrazó su falta de preparación con una sonrisa segura y respuestas vagas.,这名学生用自信的微笑和模糊的回答掩饰了他准备不足的事实。,disfrazar_1.jpg,考试路径|B1|v,专四,嘲笑；取笑,放置；存放,占优势；处于支配地位,大创内容组_senses_table_tem4 9.13.xlsx
disimular,v,n/a,B1,1,,掩饰；隐瞒,,No puedes disimular tu acento extranjero cuando hablas español con tanta emoción.,当你如此充满感情地说西班牙语时，你无法掩饰你的外国口音。,disimular_1.jpg,考试路径|B1|v,专四,想象；设想,合适；方便,幻灯片,大创内容组_senses_table_tem4 9.13.xlsx
disipar,v,n/a,B1,1,,驱散；消除,,El viento disipó las nubes oscuras y pronto apareció un cielo azul y despejado.,风驱散了乌云，不久便出现了晴朗的蓝天。,disipar_1.jpg,考试路径|B1|v,专四,初次使用；首次上演,部门；系,剽窃,大创内容组_senses_table_tem4 9.13.xlsx
disminuir,n,n/a,B1,1,,减少；减弱；缩小,,El número de estudiantes que suspende el examen de español ha disminuido gracias a las tutorías.,由于辅导课，西班牙语考试不及格的学生人数已经减少。,disminuir_1.jpg,考试路径|B1|n,专四,多么（感叹）,得益；获益,感动；激动,大创内容组_senses_table_tem4 9.13.xlsx
disolver,v,n/a,B1,1,,溶解,,El azúcar se disuelve rápidamente en el agua caliente cuando la remueves con una cuchara.,当你用勺子搅拌时，糖会很快溶解在热水中。,disolver_1.jpg,考试路径|B1|v,专四,解决；解答,外表；外观,躺下；传开；扩散；延伸,大创内容组_senses_table_tem4 9.13.xlsx
disolver,v,n/a,B1,2,,解散（组织/集会）,,La policía disolvió la manifestación no autorizada que bloqueaba la entrada de la universidad.,警方解散了封锁大学入口的未经批准的集会。,disolver_2.jpg,考试路径|B1|v,专四,压紧；握紧,棉花的；棉农；棉商,国际的；世界的；国际歌,大创内容组_senses_table_tem4 9.13.xlsx
disparar,v,n/a,B1,1,,射击；发射,,El atleta disparó la pistola de salida y todos los corredores comenzaron la carrera.,运动员鸣响发令枪，所有赛跑者开始了比赛。,disparar_1.jpg,考试路径|B1|v,专四,买主；顾客,麻烦；打扰；使厌烦；妨碍；费事；生气,邮票（拉美用法）,大创内容组_senses_table_tem4 9.13.xlsx
disparate,n,m,B1,1,,蠢话；荒唐事,,Decir que el español es fácil de aprender sin estudiar es un disparate completo.,说不学习就能轻松学会西班牙语完全是胡说八道。,disparate_1.jpg,考试路径|B1|n,专四,平静下来,善良；仁慈,专业,大创内容组_senses_table_tem4 9.13.xlsx
disponer,v,n/a,B1,1,,布置；安排,,La profesora dispuso las sillas en círculo para facilitar la conversación en clase.,老师把椅子摆成圆形，方便课堂上进行对话。,disponer_1.jpg,考试路径|B1|v,专四,确认；证实,吃点心；吃下午茶,企业主；企业家,大创内容组_senses_table_tem4 9.13.xlsx
disponer,v,n/a,B1,2,,拥有；使用（搭配 de）,,Los estudiantes disponen de una sala de estudio equipada con ordenadores y wifi gratis.,学生们拥有一间配备电脑和免费无线网络的自习室。,disponer_2.jpg,考试路径|B1|v,专四,分开地；在别处,铁路,基本的；初步的；基础的,大创内容组_senses_table_tem4 9.13.xlsx
disponerse,v,n/a,B1,1,,打算；准备,,Los estudiantes se disponen a presentar sus proyectos finales ante el comité evaluador.,学生们准备向评审委员会展示他们的期末项目。,disponerse_1.jpg,考试路径|B1|v,专四,损伤；创伤；损害；损失,细节；详述；零碎,地狱,大创内容组_senses_table_tem4 9.13.xlsx
disputar,v,n/a,B1,1,,争论；争夺,,Los dos equipos disputaron el primer premio del concurso de debate en español.,两支队伍争夺西班牙语辩论比赛的一等奖。,disputar_1.jpg,考试路径|B1|v,专四,谦虚的；简朴的；卑微的；有节制的,呼吸；气息,开始（搭配 a + inf）,大创内容组_senses_table_tem4 9.13.xlsx
distinción,n,f,B1,1,,区别；差别,,Es importante hacer una distinción clara entre el pretérito y el imperfecto en español.,在西班牙语中，清楚区分简单过去时和过去未完成时很重要。,distincion_1.jpg,考试路径|B1|n,专四,档案；档案馆,读者,拮据；经济困难,大创内容组_senses_table_tem4 9.13.xlsx
distraer,v,n/a,B1,1,,使分心；打扰,,El ruido me distrae mientras repaso los verbos.,噪音会让我复习时分心。,distraer_1.jpg,考试路径|B1|v,专四,公的；雄的；雄性动物,想象；设想,最小的；最低的；最少的,大创内容组_senses_table_tem4 7.19.xlsx
distraer,v,n/a,B1,2,,使消遣；使娱乐,,El profesor distrajo a los estudiantes con un juego de vocabulario antes del examen.,考试前老师用一个词汇游戏让学生们放松。,distraer_2.jpg,考试路径|B1|v,专四,负责；承担,走神；分心,做买卖；做交易；谈判,大创内容组_senses_table_tem4 9.13.xlsx
distraerse,v,n/a,B1,1,,走神；分心,,Me distraigo fácil si hay gente hablando cerca.,旁边有人说话我很容易走神。,distraerse_1.jpg,考试路径|B1|v,专四,使有力；激励,牢固的；坚固的；坚定的,奇事；奇迹；奇观；惊奇,大创内容组_senses_table_tem4 7.19.xlsx
distribuir,v,n/a,B1,1,,分配；分发,,La profesora distribuyó los libros nuevos entre todos los estudiantes de la clase.,老师把新书分发给班上所有学生。,distribuir_1.jpg,考试路径|B1|v,专四,脊背；背部,命名；称为,停住；停下,大创内容组_senses_table_tem4 9.13.xlsx
distribuir,v,n/a,B1,2,,分布,,Las aulas están distribuidas en diferentes edificios del campus universitario.,教室分布在学校的不同楼里。,distribuir_2.jpg,考试路径|B1|v,专四,专心；集中注意力,辱骂；侮辱,车辆；交通工具,大创内容组_senses_table_tem4 9.13.xlsx
distrito,n,m,B1,1,,区；地区,,"La universidad se encuentra en el distrito universitario, cerca de la estación de metro.",大学位于大学城区，靠近地铁站。,distrito_1.jpg,考试路径|B1|n,专四,失败；失利；挫折,分析；研究（问题）,神秘；奥秘；秘密,大创内容组_senses_table_tem4 9.13.xlsx
diverso,adj,n/a,B1,1,,不同的；各种各样的,,Los estudiantes provienen de diversos países y comparten el interés por el español.,学生们来自不同的国家，共同拥有对西班牙语的兴趣。,diverso_1.jpg,考试路径|B1|adj,专四,指路；引导,闪电,微风；轻风,大创内容组_senses_table_tem4 9.13.xlsx
divertir,v,n/a,B1,1,,使开心；使消遣,,Las actividades lúdicas divierten a los estudiantes y al mismo tiempo refuerzan el vocabulario.,游戏活动让学生们开心，同时也巩固了词汇。,divertir_1.jpg,考试路径|B1|v,专四,海洋的；滨海的；靠海的,下面的；差的；少的；下级；部下,申请；请求,大创内容组_senses_table_tem4 9.13.xlsx
dividir,v,n/a,B1,1,,分；划分,,La profesora dividió la clase en grupos para trabajar en el proyecto de investigación.,老师把班级分成小组来做研究项目。,dividir_1.jpg,考试路径|B1|v,专四,小册子,证明；表明；示范,分开；拆分,大创内容组_senses_table_tem4 9.13.xlsx
dividirse,v,n/a,B1,1,,分为；分裂,,"El curso se divide en tres niveles: básico, intermedio y avanzado.",课程分为三个级别：初级、中级和高级。,dividirse_1.jpg,考试路径|B1|v,专四,十五天；半个月,怀疑；拿不准,受教育；培养,大创内容组_senses_table_tem4 9.13.xlsx
divinidad,n,f,B1,1,,神；神性,,"En la mitología griega, cada divinidad tenía un poder especial sobre la naturaleza.",在希腊神话中，每位神都对自然拥有特殊的力量。,divinidad_1.jpg,考试路径|B1|n,专四,砍刀；大刀,失败；战败,辩论；讨论,大创内容组_senses_table_tem4 9.13.xlsx
divino,adj,n/a,B1,1,,神的；绝妙的,,La obra de teatro fue una experiencia divina que emocionó a todo el público.,那部戏剧是一次绝妙的体验，感动了所有观众。,divino_1.jpg,考试路径|B1|adj,专四,灌醉；使头晕,指路；引导,使远离；使疏远,大创内容组_senses_table_tem4 9.13.xlsx
divisa,n,f,B1,1,,外币；外汇（复数）,,El estudiante cambió sus divisas en el banco antes de viajar a España.,这名学生在去西班牙之前去银行兑换了外币。,divisa_1.jpg,考试路径|B1|n,专四,吸气；启发；激发；产生灵感,改变；更改；调换；调动；换衣服；搬家,爬；爬行,大创内容组_senses_table_tem4 9.13.xlsx
divorciar,n,n/a,B1,1,,离婚；使分开,,La pareja decidió divorciarse después de varios años de convivencia sin entendimiento.,这对夫妇在多年缺乏理解的共同生活后决定离婚。,divorciar_1.jpg,考试路径|B1|n,专四,野兽,公式；方案；配方,童年；幼年；儿童；早期,大创内容组_senses_table_tem4 9.13.xlsx
divulgar,v,n/a,B1,1,,传播；普及,,La universidad divulga los resultados de sus investigaciones a través de revistas académicas.,大学通过学术期刊传播其研究成果。,divulgar_1.jpg,考试路径|B1|v,专四,民主；民主主义,大使；使节,强盗；土匪；坏蛋,大创内容组_senses_table_tem4 9.13.xlsx
diálogo,n,m,B1,1,,对话；会话,,El diálogo entre los dos personajes de la novela refleja sus diferencias culturales.,小说中两个人物之间的对话反映了他们的文化差异。,dialogo_1.jpg,考试路径|B1|n,专四,变成；成为,存入仓库；库存；存储,甚至；连…都；虽然；尽管（搭配que）,大创内容组_senses_table_tem4 9.13.xlsx
diámetro,n,m,B1,1,,直径,,"Para calcular el área del círculo, primero debes medir su diámetro con una regla.",要计算圆的面积，首先要用尺子测量它的直径。,diametro_1.jpg,考试路径|B1|n,专四,皇帝,天真的；纯朴的,拼写,大创内容组_senses_table_tem4 9.13.xlsx
doblar,v,n/a,B1,1,,折叠；叠,,Doblo la ropa limpia y la guardo en el armario por colores.,我把干净衣服叠好，按颜色放进衣柜里。,doblar_1.jpg,考试路径|B1|v,专四,变狭窄；变亲密,优雅的；高雅的；华丽的,合同；合约,大创内容组_senses_table_tem4 7.20.xlsx
doblar,v,n/a,B1,2,,翻倍,,La universidad ha doblado el número de becas para estudiantes internacionales este año.,大学今年将国际学生的奖学金数量翻了一倍。,doblar_2.jpg,考试路径|B1|v,专四,豆类；蔬菜,法令；命令,显露；发芽（植物）,大创内容组_senses_table_tem4 9.13.xlsx
docena,n,f,B1,1,,一打；十二个,,Compré una docena de cuadernos nuevos para todo el semestre.,我买了一沓共十二本新笔记本，供整个学期使用。,docena_1.jpg,考试路径|B1|n,专四,公正；正义；司法权；司法机关,有罪的；有过错的；罪人,基督教的；基督教徒,大创内容组_senses_table_tem4 7.18.xlsx
doctor,n,n/a,B1,1,,博士；医生,,El doctor en lingüística dio una conferencia muy interesante sobre el origen del español.,语言学博士做了一场关于西班牙语起源的非常有趣的讲座。,doctor_1.jpg,考试路径|B1|n,专四,聊天；闲谈,使具备；赋予,不可避免的；必然的,大创内容组_senses_table_tem4 9.13.xlsx
dominar,v,n/a,B1,1,,掌握；精通；统治,,"Para dominar un idioma extranjero, es imprescindible practicar tanto la audición como la conversación a diario.",为了精通一门外语，每天练习听力和口语是必不可少的。,dominar_1.jpg,考试路径|B1|v,专四,运动的；体育的,国际的；世界的；国际歌,讨价还价,大创内容组_senses_table_tem4 7.16.xlsx
dominar,v,n/a,B1,2,,占优势；处于支配地位,,"En el debate, el equipo que dominó durante toda la primera parte acabó ganando.",在辩论中，整场上半段占优势的队伍最终获胜。,dominar_2.jpg,考试路径|B1|v,专四,满足（需求/费用）,突然的；粗鲁的,吃点心；吃下午茶,大创内容组_senses_table_tem4 9.13.xlsx
doméstico,adj,n/a,B1,1,,家庭的；家养的,,Las tareas domésticas deben repartirse entre todos los miembros de la familia.,家务活应该在所有家庭成员之间分摊。,domestico_1.jpg,考试路径|B1|adj,专四,取出；榨取；提取；摘录,大多数；大部分；多数派,反义词,大创内容组_senses_table_tem4 9.13.xlsx
don,n,m,B1,1,,先生（尊称）,,Don Carlos es el profesor de literatura más respetado de toda la facultad.,唐·卡洛斯是整个学院最受尊敬的文学老师。,don_1.jpg,考试路径|B1|n,专四,暖和的；炎热的（气候/情感）,使惊奇；惊叹,砍刀；大刀,大创内容组_senses_table_tem4 9.13.xlsx
don,n,m,B1,2,,天赋；才能,,Tiene un don especial para los idiomas: habla cinco lenguas con fluidez.,他有语言方面的特殊天赋：能流利地说五种语言。,don_2.jpg,考试路径|B1|n,专四,稳定的；稳固的；持久的,频道（电视/广播）,无用的；无益的；无价值的,大创内容组_senses_table_tem4 9.13.xlsx
dondequiera,adv,n/a,B1,1,,无论什么地方；到处,,"Dondequiera que vayas, siempre llevarás contigo el amor por el idioma español.",无论你走到哪里，都会带着对西班牙语的热爱。,dondequiera_1.jpg,考试路径|B1|adv,专四,使具备；赋予,内行的；专家；行家,图表；图解,大创内容组_senses_table_tem4 9.13.xlsx
dosis,n,f,B1,1,,剂量；用量,,El médico recomendó tomar una dosis diaria de esta medicina para mejorar la memoria.,医生建议每天服用一剂这种药来改善记忆力。,dosis_1.jpg,考试路径|B1|n,专四,骡子,使消遣；使娱乐,劳动；活计；杂务；家务,大创内容组_senses_table_tem4 9.13.xlsx
dotar,v,n/a,B1,1,,使具备；赋予,,La universidad ha dotado a la biblioteca de nuevos recursos digitales para los estudiantes.,大学为图书馆配备了新的数字资源供学生使用。,dotar_1.jpg,考试路径|B1|v,专四,极大的；无数的；广阔的,警报；警铃,咨询；查阅；询问,大创内容组_senses_table_tem4 9.13.xlsx
doña,n,f,B1,1,,夫人；女士（尊称）,,Doña María es la directora del departamento de español y todos la respetan mucho.,唐娜·玛丽亚是西班牙语系主任，大家都非常尊敬她。,dona_1.jpg,考试路径|B1|n,专四,一半；二分之一,买主；顾客,联盟；联合,大创内容组_senses_table_tem4 9.13.xlsx
drama,n,m,B1,1,,戏剧；话剧,,La obra de teatro es un drama histórico que narra la vida de los antiguos habitantes.,这部戏剧是一部历史剧，讲述了古代居民的生活。,drama_1.jpg,考试路径|B1|n,专四,铝,大陆；洲,获得（经验 / 机会）,大创内容组_senses_table_tem4 9.13.xlsx
droga,n,f,B1,1,,药品；麻醉剂；毒品,,El médico recetó una droga muy eficaz para aliviar el dolor de la paciente.,医生开了一种非常有效的药来缓解病人的疼痛。,droga_1.jpg,考试路径|B1|n,专四,瞬间；刹那,皇帝,抢夺；强行拿走,大创内容组_senses_table_tem4 9.13.xlsx
duda,n,f,B1,1,,怀疑；疑问,,"Si tienes alguna duda sobre la gramática, puedes preguntar al profesor después de clase.",如果你对语法有任何疑问，可以课后问老师。,duda_1.jpg,考试路径|B1|n,专四,兵营；营房,道理；理智,人物；身影,大创内容组_senses_table_tem4 9.13.xlsx
dudar,v,n/a,B1,1,,怀疑；拿不准,,Dudo si este método sirve para memorizar verbos irregulares.,我不确定这个方法适合背诵不规则动词。,dudar_1.jpg,考试路径|B1|v,专四,典范；模范；样式；模特,测量；计量；量度,麻烦；打扰；使厌烦；妨碍；费事；生气,大创内容组_senses_table_tem4 7.19.xlsx
dudarse,v,n/a,B1,1,,暗自犹豫；心存疑虑,,Se duda de si podremos entregar el ensayo a tiempo.,大家都在犹豫能不能按时交论文。,dudarse_1.jpg,考试路径|B1|v,专四,忘记（搭配 de）,护肤霜；药膏,楼层,大创内容组_senses_table_tem4 7.19.xlsx
débil,adj,n/a,B1,1,,虚弱的；微弱的,,"Después de estar enfermo toda la semana, el estudiante se sintió débil y sin energía.",病了一整周之后，这名学生感到虚弱无力。,debil_1.jpg,考试路径|B1|adj,专四,指导；方向；迎新介绍,叫喊；感叹,陈述；阐述；展览,大创内容组_senses_table_tem4 9.9.xlsx
década,n,f,B1,1,,十年；年代,,La década de los noventa tuvo muchos autores literarios famosos.,九十年代涌现出很多知名文学作家。,decada_1.jpg,考试路径|B1|n,专四,审判；判决,收集；采集,松的；不结实的；没劲儿的,大创内容组_senses_table_tem4 7.18.xlsx
décimo,adj,n/a,B1,1,,第十,,El décimo capítulo del libro de texto trata sobre el subjuntivo y sus usos principales.,教材的第十章讲解虚拟式及其主要用法。,decimo_1.jpg,考试路径|B1|adj,专四,内部的；内心的；国内的；内部；内地；内心,扑向；扑过去,船舷；船边,大创内容组_senses_table_tem4 9.9.xlsx
déficit,n,m,B1,1,,赤字；亏损,,El déficit de vocabulario es uno de los problemas más comunes entre los estudiantes de nivel intermedio.,词汇量不足是中级水平学生中最常见的问题之一。,deficit_1.jpg,考试路径|B1|n,专四,实施；执行,人物；身影,放置；存放,大创内容组_senses_table_tem4 9.9.xlsx
echar,v,n/a,B1,2,,开始（搭配 a + inf）,,Los estudiantes echaron a correr cuando sonó la campana del recreo.,课间铃响时，学生们开始跑了起来。,echar_2.jpg,考试路径|B1|v,专四,委托；托付；嘱咐,脱去；使赤裸,精确性；准确,大创内容组_senses_table_tem4 9.13.xlsx
echarse,v,n/a,B1,1,,躺下；扑向；投入,,"Después de estudiar toda la tarde, se echó en la cama a descansar un rato.",学了一下午后，他躺到床上休息了一会儿。,echarse_1.jpg,考试路径|B1|v,专四,达到；实现；够到,能力；技能,需求；要求；请求,大创内容组_senses_table_tem4 9.13.xlsx
eco,n,m,B1,1,,回声；反响；余音,,El eco de las canciones españolas resonaba en todo el patio de la universidad.,西班牙语歌曲的回声在整个大学庭院里回荡。,eco_1.jpg,考试路径|B1|n,专四,闷热；暑热,部门；系,狡猾的；精明的,大创内容组_senses_table_tem4 9.13.xlsx
económico,adj,n/a,B1,1,,经济上的；节约的,,La situación económica del país afecta directamente a las becas universitarias.,国家的经济状况直接影响大学奖学金。,economico_1.jpg,考试路径|B1|adj,专四,附近；近郊,有罪的；有过错的；罪人,困难；难度；障碍,大创内容组_senses_table_tem4 9.13.xlsx
ecuador,n,m,B1,1,,赤道,,El ecuador divide la Tierra en dos hemisferios: norte y sur.,赤道将地球分为南北两个半球。,ecuador_1.jpg,考试路径|B1|n,专四,关；锁；包含,圆盘；唱片,资助,大创内容组_senses_table_tem4 9.13.xlsx
edad,n,f,B1,2,,时代；时期,,La Edad Media fue un período histórico lleno de cambios culturales importantes.,中世纪是一个充满重要文化变革的历史时期。,edad_2.jpg,考试路径|B1|n,专四,善良；仁慈,丑闻；风波,协议；约定,大创内容组_senses_table_tem4 9.13.xlsx
edición,n,f,B1,1,,出版；版本，版次,,La nueva edición del diccionario incluye más de mil palabras actualizadas.,这本词典的新版本收录了一千多个更新词条。,edicion_1.jpg,考试路径|B1|n,专四,勇气；胆量,发射；发行；广播,养育；抚养,大创内容组_senses_table_tem4 9.13.xlsx
edificar,v,n/a,B1,1,,建造；建设,,La universidad planea edificar un nuevo centro deportivo para los estudiantes.,大学计划为学生建造一个新的体育中心。,edificar_1.jpg,考试路径|B1|v,专四,嫉妒；羡慕,时期；时代,细雨；毛毛雨,大创内容组_senses_table_tem4 9.13.xlsx
educarse,v,n/a,B1,1,,受教育；培养,,Muchos jóvenes se educan en universidades públicas de gran prestigio.,许多年轻人在著名的公立大学接受教育。,educarse_1.jpg,考试路径|B1|v,专四,使安静；不说话；沉默,祝贺；恭喜,占优势；处于支配地位,大创内容组_senses_table_tem4 9.13.xlsx
efectivo,adj,n/a,B1,1,,有效的；真实的,,Este método de estudio es muy efectivo para memorizar vocabulario nuevo.,这种学习方法对记忆新词汇非常有效。,efectivo_1.jpg,考试路径|B1|adj,专四,优点；功劳；功绩,走；行军；运转；进展；离开,游行；列队行进,大创内容组_senses_table_tem4 9.13.xlsx
efectivo,n,m,B1,2,,现金,,Prefiero pagar en efectivo porque así controlo mejor mis gastos diarios.,我更喜欢付现金，因为这样可以更好地控制日常开支。,efectivo_2.jpg,考试路径|B1|n,专四,大块（石料/冰块等）,先前的；背景；前例,先前的；祖先,大创内容组_senses_table_tem4 9.13.xlsx
efecto,n,m,B1,1,,效果；效应；影响,,El efecto de la música en el aprendizaje de idiomas ha sido estudiado por muchos expertos.,音乐对语言学习的影响已被许多专家研究过。,efecto_1.jpg,考试路径|B1|n,专四,提供；贡献,解救；使摆脱；摆脱,命名；称为,大创内容组_senses_table_tem4 9.13.xlsx
efectuar,v,n/a,B1,1,,实行；进行,,El comité académico efectuó una revisión completa de los planes de estudio.,学术委员会对教学计划进行了全面审查。,efectuar_1.jpg,考试路径|B1|v,专四,修理；维修,城墙,施舍,大创内容组_senses_table_tem4 9.13.xlsx
efectuarse,v,n/a,B1,1,,完成；实现,,La ceremonia de graduación se efectuó en el auditorio principal del campus.,毕业典礼在主校区礼堂举行。,efectuarse_1.jpg,考试路径|B1|v,专四,企业主；企业家,按月的；每月的,过多的；过度的,大创内容组_senses_table_tem4 9.13.xlsx
eficacia,n,f,B1,1,,效力；效率,,La eficacia de las tutorías depende de la participación activa de los estudiantes.,辅导课的效力取决于学生的积极参与。,eficacia_1.jpg,考试路径|B1|n,专四,反义词,承担；接受（责任/职务）,嘲笑；取笑,大创内容组_senses_table_tem4 9.13.xlsx
eficaz,adj,n/a,B1,1,,有效的,,Este ejercicio de pronunciación es muy eficaz para mejorar la entonación.,这个发音练习对改善语调非常有效。,eficaz_1.jpg,考试路径|B1|adj,专四,合适；方便,小船；救生艇,提及；提到,大创内容组_senses_table_tem4 9.13.xlsx
eficiencia,n,f,B1,1,,效率；效能；能力,,La eficiencia del sistema de bibliotecas ha mejorado con la digitalización de los préstamos.,随着借阅数字化，图书馆系统的效率有所提高。,eficiencia_1.jpg,考试路径|B1|n,专四,皇帝,学术交流；交换学习,部门；系,大创内容组_senses_table_tem4 9.13.xlsx
eficiente,adj,n/a,B1,1,,有效力的；有能力的,,Un estudiante eficiente organiza su tiempo y cumple con todas sus tareas.,有效率的学生会安排好自己的时间并完成所有任务。,eficiente_1.jpg,考试路径|B1|adj,专四,集市；市场；交易会；博览会,状况；状态,感动；激动,大创内容组_senses_table_tem4 9.13.xlsx
egoísta,adj,n/a,B1,1,,自私的,,"No hagas el trabajo solo, no seas egoísta con tus compañeros de equipo.",别独自包揽任务，不要对小组同学太自私。,egoista_1.jpg,考试路径|B1|adj,专四,为…干杯；祝酒,突出；出众,达成；成功做到,大创内容组_senses_table_tem4 7.18.xlsx
eje,n,m,B1,1,,轴；轴线；中心,,"El eje de la Tierra está inclinado, lo que provoca las estaciones del año.",地轴是倾斜的，这导致了四季的变化。,eje_1.jpg,考试路径|B1|n,专四,拔；拔掉,致力于；钻研；努力做,频道（电视/广播）,大创内容组_senses_table_tem4 9.13.xlsx
ejecutar,v,n/a,B1,1,,实施；执行,,La universidad ejecutó un plan para mejorar las instalaciones de estudio.,大学实施了一项改善学习设施的计划。,ejecutar_1.jpg,考试路径|B1|v,专四,梯子；阶梯,参加；加入；入学,领域；学科范围,大创内容组_senses_table_tem4 9.13.xlsx
ejemplar,adj,n/a,B1,1,,模范的,,Su comportamiento ejemplar en clase le valió el respeto de todos los compañeros.,他在课堂上模范的行为赢得了所有同学的尊重。,ejemplar_1.jpg,考试路径|B1|adj,专四,使变容易；提供,世纪,混乱；混沌,大创内容组_senses_table_tem4 9.13.xlsx
ejemplar,n,m,B1,2,,标本；样品,,La biblioteca conserva un ejemplar único del libro publicado en el siglo diecinueve.,图书馆保存着一本十九世纪出版的独特样本。,ejemplar_2.jpg,考试路径|B1|n,专四,占领；据为己有,燃烧；烧着；发热；（身体）发烫,理应得到（自复强调）,大创内容组_senses_table_tem4 9.13.xlsx
ejercer,v,n/a,B1,1,,从事；施行；行使,,Mi madre ejerce como profesora de español en una universidad pública.,我母亲在一所公立大学担任西班牙语教师。,ejercer_1.jpg,考试路径|B1|v,专四,领会；理解,涂抹；擦,砍刀；大刀,大创内容组_senses_table_tem4 9.13.xlsx
ejército,n,m,B1,1,,军队,,El ejército participó en las labores de rescate después del terremoto.,军队在地震后参与了救援工作。,ejercito_1.jpg,考试路径|B1|n,专四,论据；论点,擦碎；磨碎,本质的；基本的；必要的,大创内容组_senses_table_tem4 9.13.xlsx
elaborar,v,n/a,B1,1,,加工；制造；拟订,,Los estudiantes elaboraron un informe completo sobre la literatura del Siglo de Oro.,学生们撰写了一份关于黄金时代文学的完整报告。,elaborar_1.jpg,考试路径|B1|v,专四,注意；当心,开始（搭配 a + inf）,简报；公告,大创内容组_senses_table_tem4 9.13.xlsx
elegante,adj,n/a,B1,1,,优雅的；高雅的；华丽的,,La profesora lleva siempre un estilo muy elegante que inspira respeto y admiración.,这位老师总是穿着非常优雅的风格，令人尊敬和钦佩。,elegante_1.jpg,考试路径|B1|adj,专四,灌醉；使头晕,指出；标明,湿度；潮湿,大创内容组_senses_table_tem4 9.13.xlsx
elegir,v,n/a,B1,1,,选择；挑选；选举,,Los estudiantes deben elegir dos asignaturas optativas para completar su formación.,学生们必须选择两门选修课来完成学业。,elegir_1.jpg,考试路径|B1|v,专四,联合；合作,创造；创建；创作,设计；绘制草图,大创内容组_senses_table_tem4 9.13.xlsx
elemental,adj,n/a,B1,1,,基本的；初步的；基础的,,El curso elemental de español está diseñado para estudiantes sin conocimientos previos.,西班牙语初级课程是为没有基础的学生设计的。,elemental_1.jpg,考试路径|B1|adj,专四,燃烧；烧着；发热；（身体）发烫,有雄心的；野心勃勃的,方面（议题/情况的角度）,大创内容组_senses_table_tem4 9.13.xlsx
elemento,n,m,B1,1,,要素；因素,,La motivación es un elemento clave para aprender un idioma extranjero con éxito.,动力是成功学习外语的关键要素。,elemento_1.jpg,考试路径|B1|n,专四,接收（信号）,相互的,固定；使稳固；建立；奠定（基础/体系）,大创内容组_senses_table_tem4 9.13.xlsx
elevado,adj,n/a,B1,1,,高的；崇高的,,El costo de vida en las grandes ciudades es muy elevado para los estudiantes.,大城市的生活成本对学生来说非常高。,elevado_1.jpg,考试路径|B1|adj,专四,癌症,走；行走（自复强调）,污渍；斑点；污点,大创内容组_senses_table_tem4 9.13.xlsx
elevar,v,n/a,B1,1,,使升高；提高；提拔,,La universidad elevó el presupuesto para investigación en un diez por ciento.,大学将研究预算提高了百分之十。,elevar_1.jpg,考试路径|B1|v,专四,贵妇人；女士,互相理解；相处；合得来,赢得（关注/好感）,大创内容组_senses_table_tem4 9.13.xlsx
elevarse,v,n/a,B1,1,,高达；耸立,,La torre de la catedral se eleva más de cien metros sobre la ciudad.,大教堂的塔楼耸立在城市上方一百多米。,elevarse_1.jpg,考试路径|B1|v,专四,奔跑；跑步,精确性；准确,肥沃的；富饶的；盛产的,大创内容组_senses_table_tem4 9.13.xlsx
eliminar,v,n/a,B1,1,,排除；消灭；淘汰；排出,,El profesor eliminó las preguntas más difíciles del examen para no desanimar a los alumnos.,老师删除了考试中最难的题目，以免打击学生。,eliminar_1.jpg,考试路径|B1|v,专四,争论；争夺,瘦的；软弱无力的,实行；进行,大创内容组_senses_table_tem4 9.13.xlsx
ello,pron,n/a,B1,1,,它；这（中性）,,"No pienses más en ello, ya has hecho todo lo posible por aprobar el examen.",别再想那件事了，你已经为通过考试尽了全力。,ello_1.jpg,考试路径|B1|pron,专四,提交；交作业,爆裂；爆炸；爆发,切碎；剁碎；啄,大创内容组_senses_table_tem4 9.13.xlsx
elogio,n,m,B1,1,,称赞；赞扬,,El profesor hizo un elogio público del esfuerzo de los estudiantes en el proyecto.,老师公开赞扬了学生们在项目中的努力。,elogio_1.jpg,考试路径|B1|n,专四,变得；变成（情绪状态）,实习；见习,区分；辨别；使不同,大创内容组_senses_table_tem4 9.13.xlsx
elástico,adj,n/a,B1,1,,有弹性的,,La banda elástica del gimnasio se usa para hacer ejercicios de estiramiento.,健身房的弹力带用于做拉伸运动。,elastico_1.jpg,考试路径|B1|adj,专四,熨烫,扩大；放大,债务；欠款,大创内容组_senses_table_tem4 9.13.xlsx
embajada,n,f,B1,1,,大使馆,,La embajada de España en México ofrece cursos de cultura para los interesados.,西班牙驻墨西哥大使馆为有兴趣的人提供文化课程。,embajada_1.jpg,考试路径|B1|n,专四,学期；半学年,有效力的；有能力的,吞噬；吞食,大创内容组_senses_table_tem4 9.13.xlsx
embajador,n,n/a,B1,1,,大使；使节,,El embajador español pronunció un discurso sobre la importancia del español en el mundo.,西班牙大使发表了关于西班牙语在世界上重要性的演讲。,embajador_1.jpg,考试路径|B1|n,专四,昏迷；晕倒,香味；香气,逃跑；逃脱,大创内容组_senses_table_tem4 9.13.xlsx
embarcación,n,f,B1,1,,船舶；上船,,La embarcación llegó al puerto con estudiantes de intercambio de varios países.,这艘船载着来自多个国家的交换生抵达港口。,embarcacion_1.jpg,考试路径|B1|n,专四,城墙,肯定；断言,修补；修正,大创内容组_senses_table_tem4 9.13.xlsx
embarcar,v,n/a,B1,1,,登机；上船,,Todos los pasajeros deben embarcar veinte minutos antes de la salida del vuelo.,所有乘客必须在航班起飞前二十分钟登机。,embarcar_1.jpg,考试路径|B1|v,专四,紧急情况,电缆；电线,抖落；拍打,大创内容组_senses_table_tem4 7.20.xlsx
embargo,n,m,B1,1,,查封；禁运,,El gobierno levantó el embargo comercial después de las negociaciones internacionales.,政府在 international 谈判后解除了贸易禁运。,embargo_1.jpg,考试路径|B1|n,专四,人物；身影,激怒；生气,外国的；外来的；奇异的,大创内容组_senses_table_tem4 9.13.xlsx
emborrachar,v,n/a,B1,1,,灌醉；使头晕,,El calor y el cansancio emborracharon al estudiante durante la excursión.,炎热和疲惫使这名学生在远足中头晕目眩。,emborrachar_1.jpg,考试路径|B1|v,专四,混合的；混成的,无论什么地方；到处,公平的；正义的；正好的；恰好,大创内容组_senses_table_tem4 9.13.xlsx
emborracharse,v,n/a,B1,1,,喝醉；头晕,,Los estudiantes se emborracharon en la fiesta y tuvieron que volver en taxi.,学生们在派对上喝醉了，不得不打车回去。,emborracharse_1.jpg,考试路径|B1|v,专四,即使,使分离；取下,有效力的；有能力的,大创内容组_senses_table_tem4 9.13.xlsx
emergencia,n,f,B1,1,,紧急情况,,"En caso de emergencia, todos los estudiantes deben seguir las instrucciones del personal.",发生紧急情况时，所有学生必须遵循工作人员的指示。,emergencia_1.jpg,考试路径|B1|n,专四,民主；民主主义,无用的；无益的；无价值的,担任（职务）,大创内容组_senses_table_tem4 9.13.xlsx
emergencia,n,f,B1,2,,浮现；露出,,La emergencia de nuevas ideas es fundamental para el progreso científico.,新思想的涌现对科学进步至关重要。,emergencia_2.jpg,考试路径|B1|n,专四,流通的；通用的,使受益；有利于,文学；文学作品,大创内容组_senses_table_tem4 9.13.xlsx
emerger,v,n/a,B1,1,,露出水面；浮现；露出,,El sol emergió lentamente detrás de las montañas al amanecer.,黎明时太阳从山后缓缓露出。,emerger_1.jpg,考试路径|B1|v,专四,大气层；大气,运动（社会/政治/广告）,欺骗；愚弄；搞错,大创内容组_senses_table_tem4 9.13.xlsx
emitir,v,n/a,B1,1,,发射；发行；广播,,La universidad emitió un comunicado sobre el cambio de fecha del examen final.,大学发布了一则关于期末考试日期变更的通知。,emitir_1.jpg,考试路径|B1|v,专四,民族；国家,估计；估算,纪念碑；古迹；纪念物,大创内容组_senses_table_tem4 9.13.xlsx
emocionar,v,n/a,B1,1,,使激动；使感动,,La historia de superación del atleta emocionó a todos los estudiantes presentes.,这位运动员的奋斗故事感动了在场所有学生。,emocionar_1.jpg,考试路径|B1|v,专四,露出；探出,分为；分裂,住宿,大创内容组_senses_table_tem4 9.13.xlsx
emocionarse,v,n/a,B1,1,,感动；激动,,Los estudiantes se emocionaron cuando el profesor les entregó los diplomas.,当老师颁发毕业证书时，学生们感动了。,emocionarse_1.jpg,考试路径|B1|v,专四,形式的；表面的；正式的,反常的；异常的,瞄准；指向,大创内容组_senses_table_tem4 9.13.xlsx
emperador,n,m,B1,1,,皇帝,,El emperador Carlos V gobernó un imperio muy extenso en Europa y América.,皇帝卡洛斯五世统治了欧洲和美洲一个非常庞大的帝国。,emperador_1.jpg,考试路径|B1|n,专四,遵守（规则）,浮现；露出,交际；沟通,大创内容组_senses_table_tem4 9.13.xlsx
emplear,v,n/a,B1,1,,使用；运用；雇佣；聘用,,El profesor emplea ejemplos prácticos para explicar la gramática española.,老师使用实际例子来解释西班牙语语法。,emplear_1.jpg,考试路径|B1|v,专四,不识字的；文盲,池塘；小湖,报名；注册；登记（表）,大创内容组_senses_table_tem4 9.13.xlsx
emplearse,v,n/a,B1,1,,就业；受雇,,Muchos estudiantes se emplean en trabajos de verano para pagar sus estudios.,许多学生在暑期工作中就业以支付学费。,emplearse_1.jpg,考试路径|B1|v,专四,扫；打扫,冲向；扑向；突然开始,外表；外观,大创内容组_senses_table_tem4 9.13.xlsx
emprender,v,n/a,B1,1,,开始；着手进行（事业/旅程）,,"Después de graduarse, el estudiante emprendió un viaje por América Latina para mejorar su español.",毕业后，这名学生踏上了穿越拉丁美洲的旅程以提高西班牙语水平。,emprender_1.jpg,考试路径|B1|v,专四,绳索；绳子,锻造；建造；锻炼；建立,花蕾；芽（植物）,大创内容组_senses_table_tem4 9.13.xlsx
empresario,n,n/a,B1,1,,企业主；企业家,,El empresario donó una gran suma de dinero para construir la nueva biblioteca universitaria.,这位企业家捐赠了一大笔钱来建造新的大学图书馆。,empresario_1.jpg,考试路径|B1|n,专四,策略,法令；命令,话；言论；格言,大创内容组_senses_table_tem4 9.13.xlsx
enamorar,v,n/a,B1,1,,激起爱情；使爱上,,Su pasión por la literatura española enamoró a todos los estudiantes de la clase.,他对西班牙语文学的热情使班上所有学生都爱上了这门学科。,enamorar_1.jpg,考试路径|B1|v,专四,凭空想象的；极好的,策略,抖落；拍打,大创内容组_senses_table_tem4 9.13.xlsx
enano,n,n/a,B1,1,,侏儒；矮人,,"En el cuento de hadas, el enano ayudaba al héroe a encontrar el tesoro escondido.",在童话中，侏儒帮助主人公找到了隐藏的宝藏。,enano_1.jpg,考试路径|B1|n,专四,认为；估计,机械装置；结构；机制,室；房间（特定用途）,大创内容组_senses_table_tem4 9.13.xlsx
encabezar,v,n/a,B1,1,,居于首位；领头,,La estudiante encabezó la lista de los mejores expedientes académicos de la facultad.,这名学生位居学院最佳学业成绩名单之首。,encabezar_1.jpg,考试路径|B1|v,专四,出生的；出生地的；天然的；本地的；土著居民,派遣；寄发,流通的；通用的,大创内容组_senses_table_tem4 9.13.xlsx
encaminar,v,n/a,B1,1,,指路；引导,,El profesor encaminó a los estudiantes hacia la biblioteca para buscar material adicional.,老师引导学生去图书馆寻找补充材料。,encaminar_1.jpg,考试路径|B1|v,专四,频道（电视/广播）,使变容易；提供,劳动；活计；杂务；家务,大创内容组_senses_table_tem4 9.13.xlsx
encaminarse,v,n/a,B1,1,,走向；前往,,"Después de la clase, los estudiantes se encaminaron hacia el centro cultural para la exposición.",下课后，学生们前往文化中心参观展览。,encaminarse_1.jpg,考试路径|B1|v,专四,信任；信誉,找回；补回,强烈的；剧烈的；紧张的,大创内容组_senses_table_tem4 9.13.xlsx
encargar,v,n/a,B1,1,,委托；托付；嘱咐,,La profesora encargó a los estudiantes preparar una presentación sobre la cultura española.,老师委托学生们准备一个关于西班牙文化的展示。,encargar_1.jpg,考试路径|B1|v,专四,内行的；专家；行家,神；神性,使具备；赋予,大创内容组_senses_table_tem4 9.13.xlsx
encargarse,v,n/a,B1,1,,负责；承担,,El estudiante se encargó de organizar el debate sobre literatura hispanoamericana.,这名学生负责组织拉美文学辩论。,encargarse_1.jpg,考试路径|B1|v,专四,比较；对比；对照,冠军,稳定的；稳固的；持久的,大创内容组_senses_table_tem4 9.13.xlsx
encenderse,v,n/a,B1,1,,脸红；害羞,,Se encendió cuando el profesor la felicitó delante de toda la clase.,老师在全班面前表扬她时，她脸红了。,encenderse_1.jpg,考试路径|B1|v,专四,手续（常用复数）,交通；运输,确定位置；找到；位于,大创内容组_senses_table_tem4 9.13.xlsx
encerrar,v,n/a,B1,1,,关；锁；包含,,El bibliotecario encerró los libros raros en una sala especial para protegerlos.,图书管理员把珍本书锁在一个专门的房间里加以保护。,encerrar_1.jpg,考试路径|B1|v,专四,就坐；坐下,经济上的；节约的,抖落；拍打,大创内容组_senses_table_tem4 9.13.xlsx
encerrarse,v,n/a,B1,1,,与世隔绝；隐居,,El estudiante se encerró en su habitación para concentrarse en el examen final.,这名学生把自己关在房间里专心准备期末考试。,encerrarse_1.jpg,考试路径|B1|v,专四,律师,焦点；中心；光源,培训；能力培养,大创内容组_senses_table_tem4 9.13.xlsx
encima,adv,n/a,B1,2,,除此之外；而且,,"Estoy muy cansado y, encima, tengo que estudiar para el examen de mañana.",我很累了，而且还得为明天的考试学习。,encima_2.jpg,考试路径|B1|adv,专四,表达；固定表达,事先；预先（搭配 de）,嫉妒；羡慕,大创内容组_senses_table_tem4 9.13.xlsx
enderezar,v,n/a,B1,1,,弄直；扶直,,El profesor enderezó el cuadro que estaba torcido en la pared del aula.,老师把教室里挂在墙上歪了的画扶正。,enderezar_1.jpg,考试路径|B1|v,专四,使不安；使忧虑；焦虑；不安,毯子；被子；披风,坚持；强调,大创内容组_senses_table_tem4 9.13.xlsx
enemigo,n,n/a,B1,1,,敌人；敌对的,,"En la novela, el protagonista tiene que enfrentarse a un enemigo muy poderoso.",在小说中，主人公必须面对一个非常强大的敌人。,enemigo_1.jpg,考试路径|B1|n,专四,吃点心；吃下午茶,保护；庇护,养育；抚养,大创内容组_senses_table_tem4 9.13.xlsx
energético,adj,n/a,B1,1,,能源的；能量的,,La crisis energética ha obligado a la universidad a reducir el consumo de electricidad.,能源危机迫使大学减少电力消耗。,energetico_1.jpg,考试路径|B1|adj,专四,船队；舰队；机群,背景；底色,希望；期望；盼望,大创内容组_senses_table_tem4 9.13.xlsx
energía,n,f,B1,1,,力量；精力；能量,,Los estudiantes necesitan mucha energía para estudiar y participar en todas las actividades.,学生们需要很多精力来学习和参加所有活动。,energia_1.jpg,考试路径|B1|n,专四,楼层,故障；损伤（设备/车辆）,城市；市政府,大创内容组_senses_table_tem4 9.13.xlsx
enfadar,n,n/a,B1,1,,激怒；生气,,El retraso del autobús enfadó a los estudiantes que llegaron tarde al examen.,公交车晚点激怒了那些考试迟到的学生。,enfadar_1.jpg,考试路径|B1|n,专四,强盗；土匪；坏蛋,希望；期望；盼望,实行；进行,大创内容组_senses_table_tem4 9.13.xlsx
enfatizar,v,n/a,B1,1,,强调；突出,,La profesora enfatizó la importancia de practicar la pronunciación todos los días.,老师强调了每天练习发音的重要性。,enfatizar_1.jpg,考试路径|B1|v,专四,赊销；担保；信任,原子,传记,大创内容组_senses_table_tem4 9.13.xlsx
enfocar,v,n/a,B1,1,,调整焦距；聚焦,,El fotógrafo enfocó la cámara hacia los estudiantes que estaban en el patio.,摄影师把相机镜头对准了在庭院里的学生们。,enfocar_1.jpg,考试路径|B1|v,专四,头发；毛发,过多的；过度的,节日的；节庆的；快乐的,大创内容组_senses_table_tem4 9.13.xlsx
enfocar,v,n/a,B1,2,,分析；研究（问题）,,El profesor enfocó el problema desde una perspectiva completamente nueva.,老师从一个全新的角度分析了这个问题。,enfocar_2.jpg,考试路径|B1|v,专四,魔鬼；恶魔,抢夺；强行拿走,城市的；市政的,大创内容组_senses_table_tem4 9.13.xlsx
enfrentar,v,n/a,B1,1,,使面对面；使对抗,,El debate enfrentó a los dos equipos de estudiantes en una discusión muy interesante.,辩论使两支学生队伍面对面进行了一场非常有趣的讨论。,enfrentar_1.jpg,考试路径|B1|v,专四,基督教的；基督教徒,灾难；灾害,前进；进展,大创内容组_senses_table_tem4 9.13.xlsx
enfrentarse,v,n/a,B1,1,,面临；对抗,,Los estudiantes se enfrentan a un examen muy difícil la próxima semana.,学生们下周将面临一场非常难的考试。,enfrentarse_1.jpg,考试路径|B1|v,专四,刺激；鼓励；激励,完成；实现,提前（搭配 con）,大创内容组_senses_table_tem4 9.13.xlsx
enfrente,adv,n/a,B1,1,,在对面；反对,,"La biblioteca está enfrente del edificio de la facultad, solo tienes que cruzar la calle.",图书馆在学院大楼对面，你只需要过马路。,enfrente_1.jpg,考试路径|B1|adv,专四,外面的；外表的；对外的；外部；外国,基督教,形成；构成；培养；成长,大创内容组_senses_table_tem4 9.13.xlsx
enfriar,n,n/a,B1,1,,使冷却；变凉,,El café se enfría rápidamente si no lo tomas mientras está caliente.,如果不趁热喝，咖啡很快就凉了。,enfriar_1.jpg,考试路径|B1|n,专四,比较；对比；对照,论据；论点,发出轻微响声；咕哝；窃窃私语,大创内容组_senses_table_tem4 9.13.xlsx
engañar,n,n/a,B1,1,,欺骗；愚弄；搞错,,No debes engañar a tus compañeros copiando en el examen de español.,你不应该在西班牙语考试中作弊欺骗同学。,enganar_1.jpg,考试路径|B1|n,专四,比较；对比；对照,火焰,思考；沉思,大创内容组_senses_table_tem4 9.13.xlsx
enigma,n,m,B1,1,,谜；谜语,,El origen de algunas palabras españolas sigue siendo un enigma para los lingüistas.,一些西班牙语单词的起源对语言学家来说仍是一个谜。,enigma_1.jpg,考试路径|B1|n,专四,射击；发射,（语言）交换；交流,极大的；无数的；广阔的,大创内容组_senses_table_tem4 9.13.xlsx
enlazar,v,n/a,B1,1,,连接；使联系在一起,,El profesor enlazó los conceptos de gramática con ejemplos de la vida real.,老师把语法概念与真实生活例子联系起来。,enlazar_1.jpg,考试路径|B1|v,专四,分析,发明；创造；创作；杜撰,居于首位；领头,大创内容组_senses_table_tem4 9.13.xlsx
enojar,n,n/a,B1,1,,使生气；生气,,El ruido constante de la calle enojó al estudiante que intentaba concentrarse.,街上持续不断的噪音让试图集中注意力的学生很生气。,enojar_1.jpg,考试路径|B1|n,专四,祝福；赐福,机构；机关；协会；学校；制度,庆祝；纪念；招待,大创内容组_senses_table_tem4 9.13.xlsx
enrollar,v,n/a,B1,1,,卷；使成卷状,,La profesora enrolló el póster para guardarlo en el armario del aula.,老师把海报卷起来收进教室的柜子里。,enrollar_1.jpg,考试路径|B1|v,专四,肥沃的；富饶的；盛产的,份；份额；批；堆,指路；引导,大创内容组_senses_table_tem4 9.13.xlsx
ensayar,n,n/a,B1,1,,排练；练习,,Los estudiantes ensayaron la obra de teatro durante varias semanas antes del estreno.,学生们在首演前排练了好几周话剧。,ensayar_1.jpg,考试路径|B1|n,专四,长；长度,舒适；安逸；福利,因素,大创内容组_senses_table_tem4 9.13.xlsx
ensayo,n,m,B1,1,,议论文；散文式写作,,En el ensayo debes presentar una tesis clara y apoyarla con ejemplos y argumentos coherentes.,在议论文中你需要提出清晰论点，并用例子与连贯论据加以支持。,ensayo_1.jpg,考试路径|B1|n,专四,（器具等的）一套；组,抖落；拍打,外表；外观,大创内容组_senses_table_tem4_with_images.xlsx
entenderse,v,n/a,B1,1,,互相理解；相处；合得来,,Mis compañeros de piso y yo nos entendemos muy bien desde el primer día que llegamos.,我和我的室友们从搬来的第一天起就相处得非常好。,entenderse_1.jpg,考试路径|B1|v,专四,缺席；没来；缺勤,运动（社会/政治/广告）,生长；成长,大创内容组_senses_table_tem4 7.17.xlsx
enterar,n,n/a,B1,1,,通知；获悉,,Me enteré de que habrá un intercambio con una universidad de Madrid el próximo año.,我得知明年将有一所马德里大学的交换项目。,enterar_1.jpg,考试路径|B1|n,专四,群；堆；大量；人群,焦点；中心；光源,影响；势力；权势,大创内容组_senses_table_tem4 9.13.xlsx
enterrar,n,n/a,B1,1,,埋；埋葬；藏匿,,El perro enterró el hueso en el jardín y luego olvidó dónde lo había puesto.,狗把骨头埋在花园里，然后忘了放在哪里。,enterrar_1.jpg,考试路径|B1|n,专四,结构的；构造的,资产阶级的；资产阶级分子,愚弄；欺骗,大创内容组_senses_table_tem4 9.13.xlsx
entidad,n,f,B1,1,,实体；单位；机构,,La universidad es una entidad pública que ofrece educación de alta calidad.,大学是一个提供高质量教育的公共机构。,entidad_1.jpg,考试路径|B1|n,专四,折刀；剃刀,租借；租赁,取出；榨取；提取；摘录,大创内容组_senses_table_tem4 9.13.xlsx
entonces,adv,n/a,B1,1,,那么（用于推理/结论）,,"Si no te gusta este libro, entonces podemos buscar otro en la biblioteca.",如果你不喜欢这本书，那么我们可以在图书馆找另一本。,entonces_1.jpg,考试路径|B1|adv,专四,漂浮；浮动；飘动,咨询；查阅；询问,领袖；首领,大创内容组_senses_table_tem4 9.13.xlsx
entrada,n,f,B1,2,,入场券；门票,,Compré dos entradas para el concierto de música española del próximo sábado.,我买了两张下周六西班牙语音乐会的门票。,entrada_2.jpg,考试路径|B1|n,专四,合同；合约,等等,迷人的,大创内容组_senses_table_tem4 9.13.xlsx
entrar,v,n/a,B1,2,,参加；加入；入学,,Mi hermano mayor quiere entrar en la universidad de medicina el año que viene.,我哥哥明年想考上医科大学。,entrar_2.jpg,考试路径|B1|v,专四,记录；登记；注册,图表；图解,神的；绝妙的,大创内容组_senses_table_tem4 7.17.xlsx
entrega,n,f,B1,1,,提交；交作业,,La fecha de entrega del ensayo es el viernes; el profesor no acepta trabajos fuera de plazo.,论文提交截止日是周五，老师不接受逾期作业。,entrega_1.jpg,考试路径|B1|n,专四,表达；固定表达,估计；估算,使惊奇；感到异样,大创内容组_senses_table_tem4_with_images.xlsx
entregarse,v,n/a,B1,1,,投降；致力于；沉溺于,,Los estudiantes se entregaron por completo al proyecto de investigación durante el semestre.,学生们在这个学期完全投入到了研究项目中。,entregarse_1.jpg,考试路径|B1|v,专四,修理；维修,掌握；使用；管理；操纵；处事；设法对付,主题；情节（文学/电影）,大创内容组_senses_table_tem4 9.13.xlsx
entrenamiento,n,m,B1,1,,训练；培训,,El entrenamiento de los estudiantes de español incluye prácticas de conversación y comprensión auditiva.,西班牙语学生的训练包括会话练习和听力理解。,entrenamiento_1.jpg,考试路径|B1|n,专四,否定的；反面的；底片,实现；完成目标,层；阶层（社会）,大创内容组_senses_table_tem4 9.16.xlsx
entretener,v,n/a,B1,1,,耽搁；使延迟,,El tráfico nos entretuvo casi una hora y llegamos tarde a la conferencia.,交通耽搁了我们将近一个小时，我们到讲座时已经迟到了。,entretener_1.jpg,考试路径|B1|v,专四,勇气；胆量,首要的；根本的,煤；木炭,大创内容组_senses_table_tem4 9.16.xlsx
entretener,v,n/a,B1,2,,使感到愉快；使消遣,,La profesora entretiene a los estudiantes con juegos de vocabulario antes del examen.,考试前老师用词汇游戏让学生们感到愉快。,entretener_2.jpg,考试路径|B1|v,专四,品质；特性,叙述；讲述；故事,困境；窘境,大创内容组_senses_table_tem4 9.16.xlsx
entretenerse,v,n/a,B1,1,,消遣；娱乐,,Los estudiantes se entretienen leyendo cómics en español durante su tiempo libre.,学生们空闲时读西班牙语漫画消遣。,entretenerse_1.jpg,考试路径|B1|v,专四,捕捉；捕获,偶然；运气；意外；不幸；灾祸,匆忙；仓促行事,大创内容组_senses_table_tem4 9.16.xlsx
entrevista,n,f,B1,1,,采访；面试,,Para la entrevista de trabajo preparé respuestas sobre mi experiencia y mis objetivos profesionales.,为了工作面试，我准备了关于经历与职业目标的回答。,entrevista_1.jpg,考试路径|B1|n,专四,泥土；泥巴,奇事；奇迹；奇观；惊奇,终有一死的；致命的；凡人,大创内容组_senses_table_tem4_with_images.xlsx
entrevistarse,v,n/a,B1,1,,会见；面谈,,El estudiante se entrevistó con el director de la facultad para solicitar una beca.,这名学生与院长会面申请奖学金。,entrevistarse_1.jpg,考试路径|B1|v,专四,输掉；输；失败,明显的,戏剧；话剧,大创内容组_senses_table_tem4 9.16.xlsx
entusiasmo,n,m,B1,1,,热情；热忱,,Los estudiantes mostraron mucho entusiasmo durante el debate sobre literatura hispanoamericana.,学生们在拉美文学辩论中表现出极大的热情。,entusiasmo_1.jpg,考试路径|B1|n,专四,口径；直径,热烈的（欢迎/感情）,鼓舞；激励,大创内容组_senses_table_tem4 9.16.xlsx
envidia,n,f,B1,1,,嫉妒；羡慕,,La envidia no es buena consejera; mejor alegrarse por el éxito de los compañeros.,嫉妒不是好顾问，最好为同学的成功感到高兴。,envidia_1.jpg,考试路径|B1|n,专四,橱窗；玻璃柜,溶解,智力；头脑；思想,大创内容组_senses_table_tem4 9.16.xlsx
envolver,v,n/a,B1,1,,包；裹,,La profesora envolvió los libros en papel de regalo para los estudiantes del intercambio.,老师把书用礼物纸包好，送给交换生们。,envolver_1.jpg,考试路径|B1|v,专四,取消；毁掉,护肤霜；药膏,典范；模范；样式；模特,大创内容组_senses_table_tem4 9.16.xlsx
envolver,v,n/a,B1,2,,包含；包围,,El misterio que envuelve la desaparición del libro antiguo intriga a todos.,围绕古书失踪的谜团让所有人都感到好奇。,envolver_2.jpg,考试路径|B1|v,专四,高达；耸立,框；框架；范围；范畴,首要的；根本的,大创内容组_senses_table_tem4 9.16.xlsx
enérgico,adj,n/a,B1,1,,精力充沛的；有力的,,El profesor hizo un gesto enérgico para que los estudiantes guardaran silencio.,老师做了一个有力的手势让学生们安静下来。,energico_1.jpg,考试路径|B1|adj,专四,大胆的；勇敢无畏的,损坏；伤害,报告；汇报；通知,大创内容组_senses_table_tem4 9.13.xlsx
equilibrio,n,m,B1,1,,平衡；均势,,Es importante mantener un equilibrio entre el estudio y el descanso para no agotarse.,保持学习和休息之间的平衡很重要，以免筋疲力尽。,equilibrio_1.jpg,考试路径|B1|n,专四,太空,内行的；专家；行家,交换；互换,大创内容组_senses_table_tem4 9.16.xlsx
equivaler,v,n/a,B1,1,,等于；相当于,,Un año de estudios en el extranjero equivale a dos semestres en la universidad local.,一年的海外学习相当于本地大学的两个学期。,equivaler_1.jpg,考试路径|B1|v,专四,路线；行程,注射；注射剂,吃点心；吃下午茶,大创内容组_senses_table_tem4 9.16.xlsx
era,n,f,B1,1,,纪元；时代,,La era digital ha cambiado por completo la forma de aprender idiomas.,数字时代彻底改变了学习语言的方式。,era_1.jpg,考试路径|B1|n,专四,乞丐,乐观的,最小的；最低的；最少的,大创内容组_senses_table_tem4 9.16.xlsx
escala,n,f,B1,1,,梯子；阶梯,,Los pintores usaron una escala para alcanzar la parte alta de la pared del aula.,油漆工用梯子够到教室墙壁的高处。,escala_1.jpg,考试路径|B1|n,专八|专四,稳定；稳固；持久性,口译；阐释；理解,预算,大创内容组_senses_table_tem4 9.16.xlsx
escala,n,f,B1,2,,规模；比例,,La exposición de arte hispanoamericano fue a gran escala y atrajo a muchos visitantes.,拉美艺术展规模宏大，吸引了许多参观者。,escala_2.jpg,考试路径|B1|n,专四,使就坐；安排就座,破坏；毁坏,存入仓库；库存；存储,大创内容组_senses_table_tem4 9.16.xlsx
escapar,n,n/a,B1,1,,逃跑；逃脱,,Los estudiantes escaparon del aula cuando sonó la alarma de incendios.,火警响起时，学生们从教室里逃了出来。,escapar_1.jpg,考试路径|B1|n,专四,带子；带状物,奇迹；奇事；怪事,癌症,大创内容组_senses_table_tem4 9.16.xlsx
escaparate,n,m,B1,1,,橱窗；玻璃柜,,El escaparate de la librería muestra las novedades editoriales en español de este mes.,书店的橱窗里展示着本月新出版的西班牙语书籍。,escaparate_1.jpg,考试路径|B1|n,专四,杀死；弄死；折磨；自杀,脸红；害羞,记性；记忆力；记忆；纪念,大创内容组_senses_table_tem4 9.16.xlsx
escasez,n,f,B1,1,,匮乏；不足,,La escasez de materiales dificultó la preparación del proyecto de investigación.,材料的匮乏使研究项目的准备变得困难。,escasez_1.jpg,考试路径|B1|n,专四,强盗；土匪；坏蛋,折扣；减价,推卸（责任）,大创内容组_senses_table_tem4 9.16.xlsx
escaso,adj,n/a,B1,1,,不多的；不足的,,Los recursos de la biblioteca son escasos para tantos estudiantes interesados.,图书馆的资源对这么多感兴趣的学生来说太少了。,escaso_1.jpg,考试路径|B1|adj,专四,分类；分级；排名,对话；会话,勤奋；专心于,大创内容组_senses_table_tem4 9.16.xlsx
escena,n,f,B1,1,,舞台；场景,,La escena más emocionante de la obra fue el reencuentro de los dos personajes.,剧中最感人的场景是两个人物重逢的那一刻。,escena_1.jpg,考试路径|B1|n,专四,同样；也,否认,理智；看法；见解,大创内容组_senses_table_tem4 9.16.xlsx
escenario,n,m,B1,1,,舞台,,El escenario del teatro universitario tiene capacidad para veinte actores.,大学剧院的舞台可以容纳二十名演员。,escenario_1.jpg,考试路径|B1|n,专四,形式的；表面的；正式的,露营；扎营,显露；发芽（植物）,大创内容组_senses_table_tem4 9.16.xlsx
esconder,v,n/a,B1,1,,隐藏；掩盖,,El estudiante escondió sus apuntes debajo del escritorio para que el profesor no los viera.,这名学生把笔记藏在书桌下面，不让老师看到。,esconder_1.jpg,考试路径|B1|v,专四,传记,语言；表达方式,彩票,大创内容组_senses_table_tem4 9.16.xlsx
esconderse,v,n/a,B1,1,,躲藏；隐藏,,Los niños se escondieron detrás de la cortina durante el juego de las escondidas.,孩子们在捉迷藏游戏中躲在窗帘后面。,esconderse_1.jpg,考试路径|B1|v,专四,证明；表明；示范,承担；接受（责任/职务）,智力的；脑力的；思想上的,大创内容组_senses_table_tem4 9.16.xlsx
escultura,n,f,B1,1,,雕塑；雕像,,La escultura de bronce en el campus representa a un estudiante leyendo un libro.,校园里的青铜雕塑表现了一个正在读书的学生。,escultura_1.jpg,考试路径|B1|n,专四,在…面前；面对,分析；研究（问题）,弄直；扶直,大创内容组_senses_table_tem4 9.16.xlsx
escándalo,n,m,B1,1,,丑闻；风波,,El escándalo sobre el examen filtrado obligó a la universidad a repetir la prueba.,考试泄题丑闻迫使大学重新组织考试。,escandalo_1.jpg,考试路径|B1|n,专四,十五天；半个月,更偏爱；宁愿,耽搁；使延迟,大创内容组_senses_table_tem4 9.16.xlsx
esencia,n,f,B1,1,,本质；实质,,La esencia de aprender un idioma es comunicarse con confianza y respeto.,学习一门语言的本质是带着自信和尊重去交流。,esencia_1.jpg,考试路径|B1|n,专四,相反的；对立的,偶然；运气；意外；不幸；灾祸,古物；古迹；古董,大创内容组_senses_table_tem4 9.16.xlsx
esencial,adj,n/a,B1,1,,本质的；基本的；必要的,,Es esencial practicar la pronunciación todos los días para mejorar la fluidez.,每天练习发音对提高流利度至关重要。,esencial_1.jpg,考试路径|B1|adj,专四,划定界线；限定；接壤；只限于,魔法；魔术；魔力；魅力,分配；分派,大创内容组_senses_table_tem4 9.16.xlsx
esfera,n,f,B1,1,,球体；球,,La Tierra es una esfera que gira alrededor del sol en su órbita.,地球是一个围绕太阳轨道旋转的球体。,esfera_1.jpg,考试路径|B1|n,专四,牢固性；坚定；坚决,轴（机器）；桅（船）,地中海的；地中海,大创内容组_senses_table_tem4 9.16.xlsx
esforzar,v,n/a,B1,1,,使有力；激励,,El profesor esforzó a los estudiantes a participar en el concurso de debate.,老师激励学生们参加辩论比赛。,esforzar_1.jpg,考试路径|B1|v,专四,冠军,修改；改动,学位；学衔,大创内容组_senses_table_tem4 9.16.xlsx
esforzarse,v,n/a,B1,1,,努力；尽力,,Tienes que esforzarse al máximo si quieres obtener la máxima calificación en la prueba de traducción.,如果你想在翻译测试中获得最高分，你必须竭尽全力。,esforzarse_1.jpg,考试路径|B1|v,专四,使用；运用；雇佣；聘用,能源的；能量的,同志；同伴；战友,大创内容组_senses_table_tem4 7.16.xlsx
esfuerzo,n,m,B1,1,,努力；气力；付出,,"Aprender una nueva lengua requiere tiempo, paciencia y un esfuerzo constante por parte del estudiante.",学习一门新语言需要学生付出时间、耐心和持久的努力。,esfuerzo_1.jpg,考试路径|B1|n,专四,真正的；真实的,改善；提高；进步,城市；市政府,大创内容组_senses_table_tem4 7.16.xlsx
espacial,adj,n/a,B1,1,,空间的；太空的,,La exploración espacial ha permitido descubrir nuevos planetas fuera del sistema solar.,太空探索使人类得以发现太阳系外的新行星。,espacial_1.jpg,考试路径|B1|adj,专四,努力；尽力,小巷；胡同,祝贺；恭喜,大创内容组_senses_table_tem4 9.16.xlsx
espacio,n,m,B1,2,,太空,,A los niños les fascina aprender sobre los planetas y el espacio exterior.,孩子们对学习行星和外太空非常着迷。,espacio_2.jpg,考试路径|B1|n,专四,神话,狡猾的；精明的,提供；给予（机会/帮助）,大创内容组_senses_table_tem4 9.16.xlsx
espada,n,f,B1,1,,剑,,"En la obra de teatro, el caballero desenvainó su espada para defender el castillo.",在戏剧中，骑士拔出剑来保卫城堡。,espada_1.jpg,考试路径|B1|n,专四,养育；抚养,熨烫,哲学；哲理,大创内容组_senses_table_tem4 9.16.xlsx
espantar,v,n/a,B1,1,,使害怕；驱赶,,El ruido fuerte espantó a los pájaros que estaban en el árbol del jardín.,巨大的声响吓跑了花园树上的鸟。,espantar_1.jpg,考试路径|B1|v,专四,穿透；刺穿,固定的；不动的；静止的,接受考试；参加考试,大创内容组_senses_table_tem4 9.16.xlsx
espantarse,v,n/a,B1,1,,惊讶；恐惧,,Los estudiantes se espantaron al ver la cantidad de libros que debían leer.,学生们看到要读的书数量时吓了一跳。,espantarse_1.jpg,考试路径|B1|v,专四,仆人；佣人,学术交流；交换学习,证件；学生证,大创内容组_senses_table_tem4 9.16.xlsx
especialidad,n,f,B1,1,,专业,,Mi especialidad combina lingüística aplicada con estudios culturales del mundo hispánico.,我的专业把应用语言学与西语世界文化研究结合在一起。,especialidad_1.jpg,考试路径|B1|n,专四,用于；指定用途,议论文；散文式写作,负责；承担,大创内容组_senses_table_tem4_with_images.xlsx
esperar,v,n/a,B1,2,,希望；期望；盼望,,Espero que apruebes todos los exámenes del final de este semestre con buenas notas.,我希望你这学期期末所有考试都能取得好成绩。,esperar_2.jpg,考试路径|B1|v,专四,手续（常用复数）,缺席；不在,议员；代表,大创内容组_senses_table_tem4 7.17.xlsx
espiar,v,n/a,B1,1,,侦察；窥探；暗中监视,,El estudiante espió a sus compañeros para descubrir quién había roto el proyector.,这名学生暗中监视同学们，想查出是谁弄坏了投影仪。,espiar_1.jpg,考试路径|B1|v,专四,策略,最大的；最高的；最多的；最大限度,轶事；趣闻,大创内容组_senses_table_tem4 9.16.xlsx
espiritual,adj,n/a,B1,1,,精神上的；心灵的,,La lectura de poemas es una actividad espiritual que ayuda a relajarse y reflexionar.,读诗是一种精神活动，有助于放松和反思。,espiritual_1.jpg,考试路径|B1|adj,专四,口头报告；演示,泵；抽水机；炸弹,兵营；营房,大创内容组_senses_table_tem4 9.16.xlsx
espíritu,n,m,B1,1,,精神；灵魂,,El espíritu de superación de los estudiantes los ayudó a aprobar el examen más difícil.,学生们的拼搏精神帮助他们通过了最难的考试。,espiritu_1.jpg,考试路径|B1|n,专四,药品（总称）,大气层；大气,先前的；背景；前例,大创内容组_senses_table_tem4 9.16.xlsx
esquema,n,m,B1,1,,纲要；简图；轮廓框架,,Haz un esquema del tema antes de empezar a escribir el ensayo final de la asignatura.,在开始写这门课的期末论文之前，先做一个主题纲要框架。,esquema_1.jpg,考试路径|B1|n,专四,公平的；正义的；正好的；恰好,节省；节约,平原；平地,大创内容组_senses_table_tem4 7.19.xlsx
estabilidad,n,f,B1,1,,稳定；稳固；持久性,,La estabilidad económica es fundamental para que los estudiantes puedan terminar sus carreras.,经济稳定对学生完成学业至关重要。,estabilidad_1.jpg,考试路径|B1|n,专八|专四,翻译,预算,口译；阐释；理解,大创内容组_senses_table_tem4 9.16.xlsx
estable,adj,n/a,B1,1,,稳定的；稳固的；持久的,,Es importante tener un horario estable de estudio para no perder el ritmo.,有一个稳定的学习时间表很重要，以免失去节奏。,estable_1.jpg,考试路径|B1|adj,专四,借助；通过；利用,带子；带状物,靠近；走近,大创内容组_senses_table_tem4 9.16.xlsx
establecer,v,n/a,B1,1,,建立；确立；制定,,El comité académico estableció un nuevo plan de estudios para el próximo semestre.,学术委员会为下学期制定了新的教学计划。,establecer_1.jpg,考试路径|B1|v,专四,婚姻；结婚；夫妻,导游；向导,原谅；宽恕,大创内容组_senses_table_tem4 7.19.xlsx
estacionar,v,n/a,B1,1,,停放（车辆）,,Está prohibido estacionar en esta avenida durante las horas de mayor tránsito.,这条大道在交通最繁忙时段禁止停车。,estacionar_1.jpg,考试路径|B1|v,专四,观赏；欣赏,折扣；减价,相反的；对立的,大创内容组_senses_table_tem4 7.20.xlsx
estadio,n,m,B1,1,,体育场；运动场,,El estadio universitario tiene capacidad para veinte mil espectadores.,大学体育场可容纳两万名观众。,estadio_1.jpg,考试路径|B1|n,专四,分配；分发,实体；单位；机构,水晶；玻璃；镜片,大创内容组_senses_table_tem4 9.16.xlsx
estado,n,m,B1,1,,状况；状态,,El estado de ánimo de los estudiantes mejora cuando reciben buenas calificaciones.,学生们收到好成绩时情绪状态会改善。,estado_1.jpg,考试路径|B1|n,专四,民族；国家,躺下；扑向；投入,分类；分级；排名,大创内容组_senses_table_tem4 9.16.xlsx
estado,n,m,B1,2,,国家；州,,El estado español está formado por diecisiete comunidades autónomas.,西班牙国家由十七个自治区组成。,estado_2.jpg,考试路径|B1|n,专四,反义词,变成；成为,麻烦；不便,大创内容组_senses_table_tem4 9.16.xlsx
estadístico,n,n/a,B1,1,,统计的；统计员,,El análisis estadístico de los resultados del examen mostró una mejora significativa.,考试结果的统计分析显示出显著提高。,estadistico_1.jpg,考试路径|B1|n,专四,习俗；风俗；时髦,灌醉；使头晕,精确的；准确的；明确的,大创内容组_senses_table_tem4 9.16.xlsx
estallar,v,n/a,B1,1,,爆炸；爆发,,La olla a presión estalló porque la válvula estaba bloqueada y nadie la revisó.,高压锅因为阀门堵塞且无人检查而爆炸了。,estallar_1.jpg,考试路径|B1|v,专四,收集；采集,阶段；时期,受教育；培养,大创内容组_senses_table_tem4 9.16.xlsx
estampilla,n,f,B1,1,,邮票（拉美用法）,,Colecciono estampillas de diferentes países hispanohablantes desde que era niño.,我从孩提时代起就收集不同西语国家的邮票。,estampilla_1.jpg,考试路径|B1|n,专四,碾磨机；磨坊；作坊；工厂,智力；头脑；思想,感染；传染；不良影响,大创内容组_senses_table_tem4 9.16.xlsx
estancia,n,f,B1,1,,逗留；停留期间,,"Durante mi estancia en Madrid, visité el Museo del Prado y la Universidad Complutense.",在马德里逗留期间，我参观了普拉多博物馆和马德里康普顿斯大学。,estancia_1.jpg,考试路径|B1|n,专四,薄板；薄片,记者；新闻工作者,庆祝；举行,大创内容组_senses_table_tem4 9.16.xlsx
estatal,adj,n/a,B1,1,,国家的；国立的,,La universidad estatal ofrece becas para estudiantes de bajos recursos económicos.,国立大学为经济困难的学生提供奖学金。,estatal_1.jpg,考试路径|B1|adj,专四,神话；传说,柴火,第十,大创内容组_senses_table_tem4 9.16.xlsx
estatua,n,f,B1,1,,雕像；塑像,,La estatua del fundador de la universidad se encuentra en la plaza central.,大学创始人的雕像位于中央广场。,estatua_1.jpg,考试路径|B1|n,专四,增加；使倍增；乘；成倍增加；繁殖,远离；避开,一打；十二个,大创内容组_senses_table_tem4 9.16.xlsx
estimar,v,n/a,B1,1,,重视；敬重,,Los estudiantes estiman mucho a su profesor porque siempre los trata con respeto.,学生们非常敬重他们的老师，因为他总是以尊重待人。,estimar_1.jpg,考试路径|B1|v,专四,语言；表达方式,勤劳的；勤勉的,住宿；住所,大创内容组_senses_table_tem4 9.16.xlsx
estimar,v,n/a,B1,2,,认为；估计,,Estimo que necesitaremos al menos dos semanas para preparar el proyecto final.,我估计我们至少需要两周时间准备期末项目。,estimar_2.jpg,考试路径|B1|v,专四,占优势；处于支配地位,适合；中意（搭配bien/mal）,焦点；中心；光源,大创内容组_senses_table_tem4 9.16.xlsx
estimular,v,n/a,B1,1,,刺激；鼓励；激励,,Los profesores deben estimular la curiosidad de los estudiantes para que aprendan mejor.,老师应该激发学生的好奇心，让他们学得更好。,estimular_1.jpg,考试路径|B1|v,专四,室；房间（特定用途）,家庭的；家养的,物理的；物理学家；物理学,大创内容组_senses_table_tem4 9.16.xlsx
estrategia,n,f,B1,1,,策略,,Una buena estrategia de lectura es leer primero el título y los subtítulos antes del texto.,很好的阅读策略是先看标题与小标题，再读正文。,estrategia_1.jpg,考试路径|B1|n,专四,贼；强盗,地方；方面,爬；爬行,大创内容组_senses_table_tem4_with_images.xlsx
estrechar,v,n/a,B1,1,,使狭小；使变窄,,La universidad estrechó el pasillo para construir más aulas en el edificio.,大学把走廊改窄了，以便在楼里建更多教室。,estrechar_1.jpg,考试路径|B1|v,专四,首要的；根本的,感谢；感激,交叉路口；十字路口,大创内容组_senses_table_tem4 9.16.xlsx
estrechar,v,n/a,B1,2,,握住（手）；使亲密,,El profesor estrechó la mano del estudiante que ganó el concurso de poesía.,老师握住了赢得诗歌比赛的学生的手。,estrechar_2.jpg,考试路径|B1|v,专四,布告；公告；通告,发光；发亮；出众,小教堂；礼拜堂,大创内容组_senses_table_tem4 9.16.xlsx
estrecharse,v,n/a,B1,1,,变狭窄；变亲密,,La amistad entre los compañeros se estrechó después de trabajar juntos en el proyecto.,同学们在合作完成项目后，友谊变得更加亲密。,estrecharse_1.jpg,考试路径|B1|v,专四,骑手,布置；安排,扑向；扑过去,大创内容组_senses_table_tem4 9.16.xlsx
estrella,n,f,B1,2,,明星；杰出人物,,La estrella del equipo de debate es una estudiante que habla cuatro idiomas.,辩论队的明星是一名会说四种语言的学生。,estrella_2.jpg,考试路径|B1|n,专四,难以忍受的,怀疑；拿不准,检查；审查,大创内容组_senses_table_tem4 9.16.xlsx
estremecer,v,n/a,B1,1,,震动；使发抖,,La noticia del terremoto estremeció a toda la comunidad universitaria.,地震的消息震动了整个大学社区。,estremecer_1.jpg,考试路径|B1|v,专四,贵妇人；女士,忠厚的；忠诚的；忠实的,实体；单位；机构,大创内容组_senses_table_tem4 9.16.xlsx
estremecerse,v,n/a,B1,1,,发抖；战栗,,El estudiante se estremeció de frío mientras esperaba el autobús en la parada.,这名学生在公交站等车时冷得发抖。,estremecerse_1.jpg,考试路径|B1|v,专四,在对面；反对,当地的；地方性的；局部的；地点；场所,衷心的；热情的,大创内容组_senses_table_tem4 9.16.xlsx
estrenar,v,n/a,B1,1,,初次使用；首次上演,,Los estudiantes estrenaron el nuevo laboratorio de idiomas con una clase de conversación.,学生们用一堂会话课首次使用了新的语言实验室。,estrenar_1.jpg,考试路径|B1|v,专四,跳动；搏动,会议；大会,造反；起义,大创内容组_senses_table_tem4 9.16.xlsx
estricto,adj,n/a,B1,1,,严格的；精确的,,El profesor es muy estricto con la puntualidad y no acepta retrasos sin justificación.,老师对守时非常严格，不接受无正当理由的迟到。,estricto_1.jpg,考试路径|B1|adj,专四,洗礼；洗礼仪式,神秘；奥秘；秘密,流通的；通用的,大创内容组_senses_table_tem4 9.16.xlsx
estropear,v,n/a,B1,1,,损坏；弄坏,,El estudiante estropeó el ordenador de la biblioteca al derramar agua sobre el teclado.,这名学生把水洒在键盘上，弄坏了图书馆的电脑。,estropear_1.jpg,考试路径|B1|v,专四,脸红；害羞,肥料,避难所；庇护所,大创内容组_senses_table_tem4 9.16.xlsx
estructura,n,f,B1,1,,结构；构造,,Comprender la estructura de las oraciones compuestas es un step clave para avanzar al nivel intermedio.,理解复合句的结构是迈向中级水平的关键一步。,estructura_1.jpg,考试路径|B1|n,专四,成本；费用,公式；方案；配方,简报；公告,大创内容组_senses_table_tem4 7.16.xlsx
estructural,adj,n/a,B1,1,,结构的；构造的,,El análisis estructural de la novela revela temas profundos sobre la sociedad.,对这部小说的结构分析揭示了关于社会的深刻主题。,estructural_1.jpg,考试路径|B1|adj,专四,档案；档案馆,舒适；安逸；福利,青铜；青铜器,大创内容组_senses_table_tem4 9.16.xlsx
estético,adj,n/a,B1,1,,美学的；美的,,El diseño estético de la biblioteca combina madera y luz natural de forma armoniosa.,图书馆的美学设计将木材和自然光和谐地结合在一起。,estetico_1.jpg,考试路径|B1|adj,专四,不同的；各种各样的,领域；范围；面积（数学/几何）,护肤霜；药膏,大创内容组_senses_table_tem4 9.16.xlsx
etapa,n,f,B1,1,,阶段；时期,,La etapa universitaria es una de las más importantes en la vida de una persona.,大学阶段是一个人一生中最重要的时期之一。,etapa_1.jpg,考试路径|B1|n,专四,魔法；魔术；魔力；魅力,资助,善良；仁慈,大创内容组_senses_table_tem4 9.16.xlsx
etcétera,n,f,B1,1,,等等,,"En la biblioteca puedes encontrar libros, revistas, periódicos, etcétera.",在图书馆你可以找到书、杂志、报纸等等。,etcetera_1.jpg,考试路径|B1|n,专四,交换；互换,认为…是自己的；自认为,铁路,大创内容组_senses_table_tem4 9.16.xlsx
eterno,adj,n/a,B1,1,,永恒的；永久的,,El amor por la literatura es un sentimiento eterno que nunca desaparece.,对文学的热爱是一种永不消失的永恒情感。,eterno_1.jpg,考试路径|B1|adj,专四,内部的；国内的,使面对面；使对抗,完成；实现,大创内容组_senses_table_tem4 9.16.xlsx
etiqueta,n,f,B1,1,,标签；商标,,Lee la etiqueta del producto para saber si contiene ingredientes que te hagan daño.,阅读产品标签，了解它是否含有对你有害的成分。,etiqueta_1.jpg,考试路径|B1|n,专四,驱散；消除,核对；查验,不多的；不足的,大创内容组_senses_table_tem4 9.16.xlsx
etnia,n,f,B1,1,,人种；种族,,En América Latina conviven muchas etnias diferentes con culturas y lenguas propias.,在拉丁美洲，许多不同的种族共同生活，拥有各自的文化和语言。,etnia_1.jpg,考试路径|B1|n,专四,对话；会话,全部的；所有（复数/集合）,区别；差别,大创内容组_senses_table_tem4 9.16.xlsx
evadir,n,n/a,B1,1,,躲避；回避；逃脱,,El estudiante intentó evadir la pregunta del profesor cambiando de tema.,这名学生试图通过换话题来回避老师的问题。,evadir_1.jpg,考试路径|B1|n,专四,民族；国家,不可见的；无形的,怀疑；拿不准,大创内容组_senses_table_tem4 9.16.xlsx
evento,n,m,B1,1,,事件；比赛项目,,El evento cultural más importante del año es la semana de la cultura hispánica.,一年中最重要的文化活动是西班牙语文化周。,evento_1.jpg,考试路径|B1|n,专四,温度（度数）,疏忽；不关心,激起爱情；使爱上,大创内容组_senses_table_tem4 9.16.xlsx
evidencia,n,f,B1,1,,明显；证据,,No hay evidencia de que el examen fuera demasiado difícil para los estudiantes.,没有证据表明考试对学生来说太难了。,evidencia_1.jpg,考试路径|B1|n,专八|专四,阐述；陈述；展览,梯子；阶梯,协议；约定,大创内容组_senses_table_tem4 9.16.xlsx
evidente,adj,n/a,B1,1,,明显的,,Es evidente que los estudiantes que practican todos los días mejoran más rápido.,很明显，每天练习的学生进步更快。,evidente_1.jpg,考试路径|B1|adj,专四,实施；执行,证券交易所；股市,工业；产业；行业,大创内容组_senses_table_tem4 9.16.xlsx
evitar,v,n/a,B1,1,,规避；避免错误,,Evita repetir los mismos errores de conjugación.,避免反复出现同样的变位错误。,evitar_1.jpg,考试路径|B1|v,专四,床；河床,淤泥；烂泥,出版；版本，版次,大创内容组_senses_table_tem4 7.19.xlsx
evolución,n,f,B1,1,,演变；发展；进化,,La evolución del español a lo largo de los siglos es un tema fascinante.,西班牙语几个世纪以来的演变是一个迷人的话题。,evolucion_1.jpg,考试路径|B1|n,专四,交际；沟通,同样地；也,真正的；真实的,大创内容组_senses_table_tem4 9.16.xlsx
exactitud,n,f,B1,1,,精确性；准确,,La exactitud de los datos es fundamental para que la investigación sea válida.,数据的准确性对研究是否有效至关重要。,exactitud_1.jpg,考试路径|B1|n,专四,取决于（搭配 de）,拉长；延长,展开；传播；延长；扩展,大创内容组_senses_table_tem4 9.16.xlsx
exacto,adj,n/a,B1,1,,确切的；精确的；一模一样的,,Repite la misma frase exacta que ha dicho el profesor para practicar la entonación correcta.,重复老师说的完全相同的句子，来练习正确的语调。,exacto_1.jpg,考试路径|B1|adj,专四,资本；资金,马厩,握住（手）；使亲密,大创内容组_senses_table_tem4 7.19.xlsx
examinar,v,n/a,B1,1,,检查；审查,,El médico examinó al estudiante antes de darle el certificado de salud.,医生在给学生健康证明之前对他进行了检查。,examinar_1.jpg,考试路径|B1|v,专四,肯定；断言,遮蔽身体,注意；倾听；考虑,大创内容组_senses_table_tem4 9.16.xlsx
examinar,v,n/a,B1,2,,考试；测验,,La profesora examinará a los estudiantes sobre los verbos irregulares la próxima semana.,老师下周将就不规则动词对学生进行考试。,examinar_2.jpg,考试路径|B1|v,专四,它；这（中性）,外币；外汇（复数）,躲藏；隐藏,大创内容组_senses_table_tem4 9.16.xlsx
examinarse,v,n/a,B1,1,,接受考试；参加考试,,Los estudiantes se examinarán de español oral el viernes por la mañana.,学生们周五上午参加西班牙语口语考试。,examinarse_1.jpg,考试路径|B1|v,专四,拆开；拆散,事情；事务（引申）,部；内阁；部长会议,大创内容组_senses_table_tem4 9.16.xlsx
exceder,v,n/a,B1,1,,超过；胜过,,El número de solicitudes excedió todas las expectativas de la universidad.,申请数量超出了大学的所有预期。,exceder_1.jpg,考试路径|B1|v,专四,专心；集中注意力,覆盖；布满；遍布,发光；发亮；出众,大创内容组_senses_table_tem4 9.16.xlsx
excederse,v,n/a,B1,1,,过分；过度,,El estudiante se excedió en la explicación y los compañeros se aburrieron.,这名学生讲解得过于冗长，同学们都感到无聊了。,excederse_1.jpg,考试路径|B1|v,专四,努力；气力；付出,口头报告；演示,神话；传说,大创内容组_senses_table_tem4 9.16.xlsx
excepción,n,f,B1,1,,例外；特例,,Todos los estudiantes deben asistir a clase; no hay excepción para nadie.,所有学生都必须上课，没有人是例外。,excepcion_1.jpg,考试路径|B1|n,专四,强盗；土匪；坏蛋,退休,迷人的,大创内容组_senses_table_tem4 9.16.xlsx
excepto,adv,n/a,B1,1,,除…之外,,Todos aprobaron el examen excepto dos estudiantes que no estudiaron lo suficiente.,除了两个没有充分学习的学生外，所有人都通过了考试。,excepto_1.jpg,考试路径|B1|adv,专四,目标；目的,吞咽；咽下,基地；总部,大创内容组_senses_table_tem4 9.16.xlsx
excesivo,adj,n/a,B1,1,,过多的；过度的,,El uso excesivo del móvil puede afectar negativamente la concentración en clase.,过度使用手机可能对课堂注意力产生负面影响。,excesivo_1.jpg,考试路径|B1|adj,专四,预报；预测,申请；请求,显露；发芽（植物）,大创内容组_senses_table_tem4 9.16.xlsx
exceso,n,m,B1,1,,剩余；过多；过度,,El exceso de tareas puede provocar estrés en los estudiantes durante el semestre.,过多的作业可能会在学期中给学生带来压力。,exceso_1.jpg,考试路径|B1|n,专四,斗篷；披风,机构；机关；协会；学校；制度,强调；突出,大创内容组_senses_table_tem4 9.16.xlsx
exclamar,v,n/a,B1,1,,叫喊；感叹,,El profesor exclamó con sorpresa al ver el excelente trabajo de los estudiantes.,老师看到学生们的出色作品时惊讶地叫了起来。,exclamar_1.jpg,考试路径|B1|v,专四,租借；租赁,天真的；纯朴的,海的；海洋的,大创内容组_senses_table_tem4 9.16.xlsx
exclusivo,adj,n/a,B1,1,,专门的；唯一的；排他的,,Este curso es exclusivo para estudiantes que ya tienen un nivel B2 de español.,这门课程专门为已经具备B2西班牙语水平的学生开设。,exclusivo_1.jpg,考试路径|B1|adj,专四,气氛；氛围,努力；气力；付出,军事的；军队的；军人,大创内容组_senses_table_tem4 9.16.xlsx
excursión,n,f,B1,1,,远足；短途旅行,,El colegio organiza una excursión al museo del Prado para todos los estudiantes.,学校为所有学生组织了一次去普拉多博物馆的远足活动。,excursion_1.jpg,考试路径|B1|n,专四,排除；消灭；淘汰；排出,神父,利益；好处,大创内容组_senses_table_tem4 7.20.xlsx
exhibir,v,n/a,B1,1,,陈列；展览,,La universidad exhibe los mejores trabajos de los estudiantes en la galería del campus.,大学在校园画廊里展出学生们的优秀作品。,exhibir_1.jpg,考试路径|B1|v,专四,天赋；才能,折叠；叠,预报；预测,大创内容组_senses_table_tem4 9.16.xlsx
expansión,n,f,B1,1,,展开；膨胀；传播,,La expansión del español en el mundo ha sido muy rápida en las últimas décadas.,近几十年来，西班牙语在世界上的传播非常迅速。,expansion_1.jpg,考试路径|B1|n,专四,匆忙；仓促行事,布置；安排,硕士；学士,大创内容组_senses_table_tem4 9.16.xlsx
experimentar,v,n/a,B1,1,,实验；试验；经历；体验,,Los científicos experimentan con nuevas técnicas para enseñar idiomas más rápido.,科学家们实验新的技术，以更快地教授语言。,experimentar_1.jpg,考试路径|B1|v,专四,下降；降低,走；行军；运转；进展；离开,弱点；缺点,大创内容组_senses_table_tem4 9.16.xlsx
experto,n,n/a,B1,1,,内行的；专家；行家,,El profesor es un experto en literatura hispanoamericana y ha publicado varios libros.,这位老师是拉美文学专家，出版了好几本书。,experto_1.jpg,考试路径|B1|n,专四,吞咽；咽下,挪近；使靠近,勤奋；专心于,大创内容组_senses_table_tem4 9.16.xlsx
explorar,v,n/a,B1,1,,探索；考察,,Los estudiantes exploraron las ruinas romanas durante su viaje de estudios a Mérida.,学生们在去梅里达的游学旅行中探索了罗马遗址。,explorar_1.jpg,考试路径|B1|v,专四,材料；物质,灵魂；心灵,斗篷；披风,大创内容组_senses_table_tem4 7.20.xlsx
explosión,n,f,B1,1,,爆裂；爆炸；爆发,,La explosión en el laboratorio de química no causó heridos gracias a las medidas de seguridad.,化学实验室的爆炸由于安全措施到位没有造成人员受伤。,explosion_1.jpg,考试路径|B1|n,专四,指导；指引；使朝向,日历；历书；年鉴,链子；链条,大创内容组_senses_table_tem4 9.16.xlsx
explotar,v,n/a,B1,1,,开发；开采；剥削；利用,,La empresa explota los recursos naturales de la región de manera sostenible.,该公司以可持续的方式开发该地区的自然资源。,explotar_1.jpg,考试路径|B1|v,专四,骑手,使变容易；提供,宣布；声明；申报,大创内容组_senses_table_tem4 9.16.xlsx
exponer,v,n/a,B1,1,,陈述；阐述；展览,,Cada grupo de nuestro taller dispone de diez minutos para exponer sus principales conclusiones ante la clase.,我们工作坊的每个小组都有十分钟时间向全班陈述他们的主要结论。,exponer_1.jpg,考试路径|B1|v,专四,阵雨；暴雨,收款处；收银台,兵营；营房,大创内容组_senses_table_tem4 7.16.xlsx
exportar,v,n/a,B1,1,,输出；出口,,España exporta aceite de oliva y vino a muchos países del mundo.,西班牙向世界许多国家出口橄榄油和葡萄酒。,exportar_1.jpg,考试路径|B1|v,专四,投入（资本）；花费（时间）,采访；面试,透镜；镜片；眼镜,大创内容组_senses_table_tem4 9.16.xlsx
exposición,n,f,B1,1,,阐述；陈述；展览,,La exposición clara de las hipótesis de trabajo es fundamental para lograr una buena nota en la defensa.,清晰地阐述工作假说是为了在答辩中取得好成绩的关键基础。,exposicion_1.jpg,考试路径|B1|n,专八|专四,梯子；阶梯,拼写,协议；约定,大创内容组_senses_table_tem4 7.16.xlsx
expresión,n,f,B1,1,,表达；固定表达,,"Aprendí una expresión muy útil: «estar hecho polvo», que significa estar muy cansado.",我学到一个很有用的表达：estar hecho polvo，意思是筋疲力尽。,expresion_1.jpg,考试路径|B1|n,专四,鼓舞；激励,国家的；国立的,躲避；回避；逃脱,大创内容组_senses_table_tem4_with_images.xlsx
expulsar,v,n/a,B1,1,,驱逐；逐出；排出,,El árbitro expulsó al jugador por conducta antideportiva durante el partido.,裁判因球员在比赛中的非体育行为将其罚出场。,expulsar_1.jpg,考试路径|B1|v,专四,神父,瞬间；刹那,闷热；暑热,大创内容组_senses_table_tem4 9.16.xlsx
extender,v,n/a,B1,1,,展开；传播；延长；扩展,,La universidad extendió el plazo de inscripción para los cursos de verano.,大学延长了暑期课程的报名截止日期。,extender_1.jpg,考试路径|B1|v,专四,煤；木炭,查封；禁运,成本；费用,大创内容组_senses_table_tem4 9.16.xlsx
extenderse,v,n/a,B1,1,,躺下；传开；扩散；延伸,,La noticia sobre el intercambio se extendió rápidamente entre todos los estudiantes.,关于交换项目的消息在学生们中间迅速传开。,extenderse_1.jpg,考试路径|B1|v,专四,因素,掩饰；隐瞒,读者,大创内容组_senses_table_tem4 9.16.xlsx
exterior,n,n/a,B1,1,,外面的；外表的；对外的；外部；外国,,El edificio exterior de la biblioteca tiene un diseño moderno y atractivo.,图书馆的外部建筑有现代而吸引人的设计。,exterior_1.jpg,考试路径|B1|n,专四,法官；仲裁人；裁判员,站起；起身,提供；贡献,大创内容组_senses_table_tem4 9.16.xlsx
externo,adj,n/a,B1,1,,外部的；外面的,,Los estudiantes externos pueden usar la biblioteca con un carnet especial.,校外学生可以凭特殊证件使用图书馆。,externo_1.jpg,考试路径|B1|adj,专四,评分；成绩；评定,适应（搭配 a）,不幸,大创内容组_senses_table_tem4 9.16.xlsx
extra,adj,n/a,B1,1,,极好的；额外的,,La profesora nos dio una hora extra de clase para repasar antes del examen.,老师给我们额外加了一小时课，在考试前复习。,extra_1.jpg,考试路径|B1|adj,专四,抱负；雄心；野心,合法的；正当的；真正的,份；份额；批；堆,大创内容组_senses_table_tem4 9.16.xlsx
extraer,v,n/a,B1,1,,取出；榨取；提取；摘录,,El dentista extrajo la muela del paciente sin causarle dolor.,牙医为患者拔出了那颗牙，没有造成疼痛。,extraer_1.jpg,考试路径|B1|v,专四,要素；因素,连接；接通；建立联系,细的；薄的；精致的,大创内容组_senses_table_tem4 9.16.xlsx
extraordinario,adj,n/a,B1,1,,非凡的；罕见的；特别的,,El concierto de música española fue un evento extraordinario que emocionó a todos.,那场西班牙语音乐会是一场非凡的活动，感动了所有人。,extraordinario_1.jpg,考试路径|B1|adj,专四,道理；理智,观察；仔细看,目的；宗旨,大创内容组_senses_table_tem4 9.16.xlsx
extrañar,v,n/a,B1,1,,使惊奇；感到异样,,"Me extraña que no haya venido a clase hoy, normalmente es muy puntual.",我很奇怪他今天没来上课，他通常很准时。,extranar_1.jpg,考试路径|B1|v,专四,资本；资金,改变；更改；调换；调动；换衣服；搬家,那么（用于推理/结论）,大创内容组_senses_table_tem4 9.16.xlsx
extrañarse,v,n/a,B1,1,,感到惊奇,,Los estudiantes se extrañaron al ver al profesor vestido de manera tan informal.,学生们看到老师穿得如此休闲，感到很奇怪。,extranarse_1.jpg,考试路径|B1|v,专四,哥斯达黎加的；哥斯达黎加人,模子；模型；铸模；楷模,分类；分级；排名,大创内容组_senses_table_tem4 9.16.xlsx
extremo,n,n/a,B1,1,,端头的；极端的；末端；尽头；极端,,En el extremo norte del campus se encuentra la residencia de estudiantes internacionales.,在校园的最北端是国际学生宿舍。,extremo_1.jpg,考试路径|B1|n,专四,缺席的；缺席者,评分；成绩；评定,邻接的；立即的；即刻的,大创内容组_senses_table_tem4 9.16.xlsx
exótico,adj,n/a,B1,1,,外国的；外来的；奇异的,,En el jardín botánico crecen plantas exóticas de América Latina y Asia.,植物园里生长着来自拉丁美洲和亚洲的奇异植物。,exotico_1.jpg,考试路径|B1|adj,专四,侦察；窥探；暗中监视,耕作；种植；培育,花蕾；芽（植物）,大创内容组_senses_table_tem4 9.16.xlsx
fabricar,v,n/a,B1,1,,生产；制造；建造,,La fábrica fabrica componentes electrónicos para ordenadores y teléfonos móviles.,这家工厂生产用于电脑和手机的电子元件。,fabricar_1.jpg,考试路径|B1|v,专四,兵营；营房,故事；叙述,联系；关系；纽带,大创内容组_senses_table_tem4 9.16.xlsx
facilitar,v,n/a,B1,1,,使变容易；提供,,El profesor facilita materiales adicionales a los estudiantes que quieren profundizar.,老师向想要深入学习的同学提供额外材料。,facilitar_1.jpg,考试路径|B1|v,专四,队；旅；工作组,租借；租赁,发抖；战栗,大创内容组_senses_table_tem4 9.16.xlsx
factor,n,m,B1,1,,因素,,La motivación es un factor clave para tener éxito en el aprendizaje de idiomas.,动力是语言学习成功的关键因素。,factor_1.jpg,考试路径|B1|n,专四,完成；实现,致力于；投身于,泵；抽水机；炸弹,大创内容组_senses_table_tem4 9.16.xlsx
factura,n,f,B1,1,,发票；账单,,Pide la factura con todos los detalles para poder reclamar si hay algún problema.,索要详细发票，以便有问题时能进行投诉。,factura_1.jpg,考试路径|B1|n,专四,挪近；使靠近,出现；在；有；有声望,以…为食；汲取营养,大创内容组_senses_table_tem4 7.20.xlsx
facultad,n,f,B1,1,,（大学）学院,,Estudio en la facultad de lenguas extranjeras y mi especialidad es la lengua española.,我在外国语学院学习，专业是西班牙语。,facultad_1.jpg,考试路径|B1|n,专四,投降；致力于；沉溺于,留宿；接纳住宿,纪元；时代,大创内容组_senses_table_tem4_with_images.xlsx
faena,n,f,B1,1,,劳动；活计；杂务；家务,,Los estudiantes comparten las faenas de la casa para mantenerla limpia y ordenada.,学生们分担家务，保持家里干净整洁。,faena_1.jpg,考试路径|B1|n,专四,终有一死的；致命的；凡人,分析,警报；警铃,大创内容组_senses_table_tem4 9.16.xlsx
fallar,v,n/a,B1,1,,落空；失败,,El plan de estudiar en el extranjero falló por falta de dinero.,出国留学的计划因缺钱而落空了。,fallar_1.jpg,考试路径|B1|v,专四,人种；种族,核对；查验,山顶；顶峰,大创内容组_senses_table_tem4 9.16.xlsx
fallar,v,n/a,B1,2,,判决,,El juez falló a favor del estudiante que había sido tratado injustamente.,法官判决支持那名受到不公正对待的学生。,fallar_2.jpg,考试路径|B1|v,专四,膨胀；通货膨胀,禁止；不许,论据；论点,大创内容组_senses_table_tem4 9.16.xlsx
falso,adj,n/a,B1,1,,假的；伪造的；虚伪的,,No debes creer en las noticias falsas que circulan por las redes sociales.,你不应该相信社交媒体上流传的假新闻。,falso_1.jpg,考试路径|B1|adj,专四,小溪,理应得到（自复强调）,匮乏；不足,大创内容组_senses_table_tem4 9.16.xlsx
falso amigo,n,m,B1,1,,假朋友词（形似义不同）,,"«Embarazada» es un falso amigo famoso: no significa «avergonzada», sino «pregnant».",embarazada 是个著名的假朋友词：不是「尴尬」，而是「怀孕」。,falso_amigo_1.jpg,考试路径|B1|n,专四,出席者；参加者,能力；技能,辱骂；侮辱,大创内容组_senses_table_tem4_with_images.xlsx
falta,n,f,B1,3,,过错；失误,,Cometí una falta de ortografía en el examen y perdí un punto importante por eso.,我在考试中犯了一个拼写错误，因此丢掉了一个重要分数。,falta_3.jpg,考试路径|B1|n,专四,城市；市政府,人工的；人造的,公的；雄的；雄性动物,大创内容组_senses_table_tem4 7.19.xlsx
faltar,v,n/a,B1,2,,缺席；没来；缺勤,,Hoy faltan tres alumnos en clase porque están enfermos con gripe de temporada.,今天有三个学生没来上课，因为得了季节性流感。,faltar_2.jpg,考试路径|B1|v,专四,指路；引导,切碎；剁碎；啄,伪装；掩饰,大创内容组_senses_table_tem4 7.17.xlsx
fama,n,f,B1,1,,声誉；名声；名气,,La universidad ha ganado fama internacional por sus programas de intercambio.,这所大学因其交换项目而赢得了国际声誉。,fama_1.jpg,考试路径|B1|n,专四,承担；接受（责任/职务）,感谢；感激,位于；坐落于,大创内容组_senses_table_tem4 9.16.xlsx
fantástico,adj,n/a,B1,1,,凭空想象的；极好的,,La idea de crear un club de lectura en español nos pareció fantástica a todos.,创建一个西班牙语读书俱乐部的想法在我们看来棒极了。,fantastico_1.jpg,考试路径|B1|adj,专四,炎热的（天气）,渴望；热切期望,吸气；启发；激发；产生灵感,大创内容组_senses_table_tem4 9.16.xlsx
fascinante,adj,n/a,B1,1,,迷人的,,La historia del español y su evolución a lo largo de los siglos es fascinante.,西班牙语的历史及其几个世纪以来的演变非常迷人。,fascinante_1.jpg,考试路径|B1|adj,专四,使不安；使忧虑；焦虑；不安,靶子；目标,有罪的；有过错的；罪人,大创内容组_senses_table_tem4 9.16.xlsx
fase,n,f,B1,1,,阶段,,La primera fase del proyecto consiste en recopilar información sobre el tema.,项目的第一阶段是收集关于该主题的信息。,fase_1.jpg,考试路径|B1|n,专四,解决；解答,使惊奇；感到异样,考试；测验,大创内容组_senses_table_tem4 9.16.xlsx
fatiga,n,f,B1,1,,疲劳；呼吸困难,,"Después de estudiar toda la noche, sentía una gran fatiga y no podía concentrarse.",熬夜学习之后，他感到非常疲劳，无法集中注意力。,fatiga_1.jpg,考试路径|B1|n,专四,辱骂；侮辱,溶解,论述；论文,大创内容组_senses_table_tem4 9.16.xlsx
favorecer,v,n/a,B1,1,,帮助；支持；有利于；促进,,El buen clima favorece el aprendizaje al aire libre en el campus universitario.,好的天气有利于在校园里进行户外学习。,favorecer_1.jpg,考试路径|B1|v,专四,药品；麻醉剂；毒品,群；堆；大量；人群,显露；发芽（植物）,大创内容组_senses_table_tem4 9.16.xlsx
favorecerse,v,n/a,B1,1,,得益；获益,,Los estudiantes se favorecen de los recursos digitales que ofrece la biblioteca.,学生们从图书馆提供的数字资源中获益。,favorecerse_1.jpg,考试路径|B1|v,专四,集团；联盟（国家/企业）,极大的；无数的；广阔的,抖落；拍打,大创内容组_senses_table_tem4 9.16.xlsx
fe,n,f,B1,1,,信念；信仰；相信；证明,,Tengo fe en que aprobaré el examen de español con esfuerzo y constancia.,我相信通过努力和坚持，我一定能通过西班牙语考试。,fe_1.jpg,考试路径|B1|n,专四,询问；质问；审问,利益；好处,目的；目标,大创内容组_senses_table_tem4 9.16.xlsx
federal,adj,n/a,B1,1,,联邦的；联邦主义的,,El sistema federal permite que cada estado tenga sus propias leyes educativas.,联邦制度允许每个州拥有自己的教育法律。,federal_1.jpg,考试路径|B1|adj,专四,追求；渴望,发票；账单,时代；时期,大创内容组_senses_table_tem4 9.16.xlsx
felicitar,v,n/a,B1,1,,祝贺；恭喜,,Todos los compañeros felicitaron a María por su excelente nota en el examen final.,所有同学都祝贺玛丽亚在期末考试中取得了优异的成绩。,felicitar_1.jpg,考试路径|B1|v,专四,冲向；扑向；突然开始,奖学金,比较；对比；对照,大创内容组_senses_table_tem4 7.20.xlsx
femenino,adj,n/a,B1,1,,女性的；雌性的；阴性的,,"En español, muchas palabras terminadas en «-a» son de género femenino.",在西班牙语中，许多以“-a”结尾的词是阴性。,femenino_1.jpg,考试路径|B1|adj,专四,借给,超过；胜过,不多的；不足的,大创内容组_senses_table_tem4 9.16.xlsx
fenómeno,n,m,B1,1,,现象；怪事；非凡的人,,El fenómeno de la globalización del español es estudiado por muchos expertos.,西班牙语全球化的现象被许多专家研究。,fenomeno_1.jpg,考试路径|B1|n,专四,一半的,铝,内行的；专家；行家,大创内容组_senses_table_tem4 9.16.xlsx
feria,n,f,B1,1,,集市；市场；交易会；博览会,,La feria del libro de Madrid atrae a miles de visitantes cada año.,马德里书展每年吸引数千名参观者。,feria_1.jpg,考试路径|B1|n,专四,文学的,直径,平衡；均势,大创内容组_senses_table_tem4 9.16.xlsx
ferrocarril,n,m,B1,1,,铁路,,El ferrocarril conecta la capital con las principales ciudades del país.,铁路将首都与全国主要城市连接起来。,ferrocarril_1.jpg,考试路径|B1|n,专四,居于首位；领头,提醒,青铜；青铜器,大创内容组_senses_table_tem4 9.16.xlsx
fertilizante,n,m,B1,1,,肥料,,Los agricultores usan fertilizantes naturales para cuidar el medio ambiente.,农民使用天然肥料来保护环境。,fertilizante_1.jpg,考试路径|B1|n,专四,逃跑；逃脱,抢夺；强行拿走,交际；沟通,大创内容组_senses_table_tem4 9.16.xlsx
festejar,v,n/a,B1,1,,庆祝；纪念；招待,,Los estudiantes festejaron el final del semestre con una cena en el campus.,学生们在校园里用一顿晚餐庆祝学期结束。,festejar_1.jpg,考试路径|B1|v,专四,引用；约见；传唤,属性；特质,使接近；靠近,大创内容组_senses_table_tem4 9.16.xlsx
festivo,adj,n/a,B1,1,,节日的；节庆的；快乐的,,El ambiente festivo del campus durante la semana cultural contagia a todos los estudiantes.,文化周期间校园里节日的氛围感染了所有学生。,festivo_1.jpg,考试路径|B1|adj,专四,矿；矿山；矿井,耕作；种植；培育,优点；功劳；功绩,大创内容组_senses_table_tem4 9.16.xlsx
fiar,n,n/a,B1,1,,赊销；担保；信任,,El dueño de la tienda fiaba a los estudiantes que no tenían dinero en efectivo.,店主允许没有现金的学生赊账。,fiar_1.jpg,考试路径|B1|n,专四,隐藏；隐瞒,正方形；方格,外国的；外来的；奇异的,大创内容组_senses_table_tem4 9.16.xlsx
fibra,n,f,B1,1,,纤维,,Las frutas y verduras son ricas en fibra y ayudan a mantener una buena digestión.,水果和蔬菜富含纤维，有助于保持良好消化。,fibra_1.jpg,考试路径|B1|n,专四,渴望；热切期望,承担；接受（责任/职务）,利益；好处,大创内容组_senses_table_tem4 9.16.xlsx
ficha,n,f,B1,1,,卡片,,La profesora repartió fichas de vocabulario para que los estudiantes practicaran en grupo.,老师分发了词汇卡片，让学生们分组练习。,ficha_1.jpg,考试路径|B1|n,专四,自由；无拘束,天体；星,恐惧；惊慌,大创内容组_senses_table_tem4 9.16.xlsx
fiel,n,n/a,B1,1,,忠诚的；忠实的；信徒,,El perro es un animal muy fiel que siempre espera a su dueño en la puerta.,狗是非常忠诚的动物，总是在门口等主人。,fiel_1.jpg,考试路径|B1|n,专四,古物；古迹；古董,通知；告诉；打听；获悉,模子；模型；铸模；楷模,大创内容组_senses_table_tem4 9.16.xlsx
fiera,n,f,B1,1,,野兽,,En la selva amazónica viven muchas fieras que no se ven en otros continentes.,亚马逊雨林里生活着许多在其他大洲看不到的野兽。,fiera_1.jpg,考试路径|B1|n,专四,流；流动；涌出,哥斯达黎加的；哥斯达黎加人,获得（经验 / 机会）,大创内容组_senses_table_tem4 9.16.xlsx
figura,n,f,B1,2,,人物；身影,,Miguel de Cervantes es una figura clave en la historia de la literatura española universal.,米格尔·德·塞万提斯是世界西班牙语文学史上的关键人物。,figura_2.jpg,考试路径|B1|n,专四,停住；停下,笼子,突出；出众,大创内容组_senses_table_tem4 7.19.xlsx
figurar,v,n/a,B1,1,,出现；在；有；有声望,,El nombre del estudiante figura en la lista de los mejores expedientes del curso.,这名学生的名字出现在本课程最佳成绩名单上。,figurar_1.jpg,考试路径|B1|v,专四,洗礼；洗礼仪式,哲学；哲理,外表；神态；样子,大创内容组_senses_table_tem4 9.16.xlsx
fijar,n,n/a,B1,1,,固定；集中；确定；注意,,El profesor fijó la fecha del examen para el próximo viernes a las diez.,老师把考试日期定在下周五十点。,fijar_1.jpg,考试路径|B1|n,专四,从事；施行；行使,决心；决定,窄的；狭窄的,大创内容组_senses_table_tem4 9.16.xlsx
filosofía,n,f,B1,1,,哲学；哲理,,La filosofía ayuda a los estudiantes a pensar de manera crítica y reflexiva.,哲学帮助学生以批判性和反思性的方式思考。,filosofia_1.jpg,考试路径|B1|n,专四,扩充；拓展,送别；为…送行,权力；权威；威信,大创内容组_senses_table_tem4 9.16.xlsx
finalidad,n,f,B1,1,,目的；宗旨,,La finalidad del curso es mejorar la expresión oral de los estudiantes en español.,该课程的目的是提高学生们的西班牙语口语表达能力。,finalidad_1.jpg,考试路径|B1|n,专四,固定的；不动的；静止的,音乐的；配乐的,议员；代表,大创内容组_senses_table_tem4 9.16.xlsx
financiar,v,n/a,B1,1,,资助,,La universidad financia los proyectos de investigación de los estudiantes de posgrado.,大学资助研究生的研究项目。,financiar_1.jpg,考试路径|B1|v,专四,语言；表达方式,流；流动；涌出,范围；领域；界限；界线,大创内容组_senses_table_tem4 9.16.xlsx
finca,n,f,B1,1,,产业；田产；庄园,,Mis abuelos tienen una finca en el campo donde cultivan naranjas y olivos.,我的祖父母在乡下有一个庄园，种橙子和橄榄树。,finca_1.jpg,考试路径|B1|n,专四,赤裸；脱衣,祝贺；恭喜,目的；目标,大创内容组_senses_table_tem4 9.16.xlsx
fingir,n,n/a,B1,1,,假装；伪造,,El estudiante fingió estar enfermo para no hacer el examen de español.,这名学生假装生病以逃避西班牙语考试。,fingir_1.jpg,考试路径|B1|n,专四,频道（电视/广播）,神；神性,监狱,大创内容组_senses_table_tem4 9.16.xlsx
fino,adj,n/a,B1,1,,细的；薄的；精致的,,La profesora cortó el papel en tiras finas para el ejercicio de manualidades.,老师把纸剪成细条用于手工练习。,fino_1.jpg,考试路径|B1|adj,专四,文学；文学作品,思考；深思；反思,强调；突出,大创内容组_senses_table_tem4 9.16.xlsx
firma,n,f,B1,1,,签名；签字,,Necesito la firma del director para formalizar mi solicitud de intercambio académico.,我需要主任的签名来正式办理我的学术交换申请。,firma_1.jpg,考试路径|B1|n,专四,拔；拔掉,有弹性的,移动；挪动,大创内容组_senses_table_tem4 7.19.xlsx
firme,adj,n/a,B1,1,,牢固的；坚固的；坚定的,,Es importante tener una base firme de gramática antes de avanzar al nivel superior.,在进入高级水平之前，打下牢固的语法基础很重要。,firme_1.jpg,考试路径|B1|adj,专四,合乎逻辑的；理所当然的；逻辑；逻辑学,第十,从不；决不,大创内容组_senses_table_tem4 9.16.xlsx
firmeza,n,f,B1,1,,牢固性；坚定；坚决,,La firmeza de sus convicciones lo ayudó a superar todas las dificultades del curso.,他坚定的信念帮助他克服了课程中的所有困难。,firmeza_1.jpg,考试路径|B1|n,专四,那个；如同（正式/书面用法）,吃点心；吃下午茶,不可见的；无形的,大创内容组_senses_table_tem4 9.16.xlsx
fiscal,n,n/a,B1,1,,财政的；检察官,,El fiscal presentó nuevas pruebas en el caso del fraude académico.,检察官在学术欺诈案中提交了新证据。,fiscal_1.jpg,考试路径|B1|n,专四,翻倍,监狱,磨；研；榨；折磨,大创内容组_senses_table_tem4 9.16.xlsx
flaco,adj,n/a,B1,1,,瘦的；软弱无力的,,El estudiante estaba muy flaco después de varias semanas de enfermedad.,生病几周后，这名学生变得很瘦。,flaco_1.jpg,考试路径|B1|adj,专四,电池,头发；毛发,地中海的；地中海,大创内容组_senses_table_tem4 9.16.xlsx
flecha,n,f,B1,1,,箭；箭状物,,La flecha en el mapa indica la dirección correcta hacia la biblioteca.,地图上的箭头指示了通往图书馆的正确方向。,flecha_1.jpg,考试路径|B1|n,专四,发抖；战栗,幻灯片,陈列；展览,大创内容组_senses_table_tem4 9.16.xlsx
flojo,adj,n/a,B1,1,,松的；不结实的；没劲儿的,,La cuerda del tendedero está floja y la ropa casi toca el suelo.,晾衣绳松了，衣服几乎碰到地面。,flojo_1.jpg,考试路径|B1|adj,专四,迷人的,占优势；处于支配地位,航行；航海,大创内容组_senses_table_tem4 9.16.xlsx
flota,n,f,B1,1,,船队；舰队；机群,,La flota pesquera del puerto salió al mar antes del amanecer.,港口的渔船队在黎明前出海了。,flota_1.jpg,考试路径|B1|n,专四,夫人；女士（尊称）,签名；签字,使变成；使转化,大创内容组_senses_table_tem4 9.16.xlsx
flotar,v,n/a,B1,1,,漂浮；浮动；飘动,,Las hojas secas flotan en el agua del estanque del parque universitario.,干树叶漂浮在大学公园的池塘水面上。,flotar_1.jpg,考试路径|B1|v,专四,剩余；过多；过度,预算,缺席的；缺席者,大创内容组_senses_table_tem4 9.16.xlsx
fluir,v,n/a,B1,1,,流；流动；涌出,,El río fluye lentamente por el valle y riega los campos de cultivo.,河流缓缓流经山谷，灌溉着农田。,fluir_1.jpg,考试路径|B1|v,专四,合适的；方便的,正方形；方格,耽搁；使延迟,大创内容组_senses_table_tem4 9.16.xlsx
foco,n,m,B1,1,,焦点；中心；光源,,El foco de la conferencia fue la importancia del español en el mundo actual.,会议的中心议题是西班牙语在当今世界的重要性。,foco_1.jpg,考试路径|B1|n,专四,产业；田产；庄园,喊叫；大声说话,使升高；提高；提拔,大创内容组_senses_table_tem4 9.16.xlsx
folleto,n,m,B1,1,,小册子,,La universidad publicó un folleto con información sobre los cursos de verano.,大学出版了一本关于暑期课程信息的小册子。,folleto_1.jpg,考试路径|B1|n,专四,期限；截止日期,奇迹；奇事；怪事,公式；方案；配方,大创内容组_senses_table_tem4 9.16.xlsx
fomentar,v,n/a,B1,1,,促进；鼓励；煽动,,La universidad fomenta el intercambio cultural entre estudiantes de diferentes países.,大学促进不同国家学生之间的文化交流。,fomentar_1.jpg,考试路径|B1|v,专四,交通；运输,范围；领域；界限；界线,指南针,大创内容组_senses_table_tem4 9.16.xlsx
fondo,n,m,B1,2,,背景；底色,,El fondo del cartel de la exposición es azul claro para que resalten los títulos principales.,展览海报的背景是浅蓝色，以便让主标题更加突出。,fondo_2.jpg,考试路径|B1|n,专四,学位；学衔,助手；助理,传统,大创内容组_senses_table_tem4 7.19.xlsx
fonético,n,n/a,B1,1,,语音的；语音学,,La transcripción fonética es una herramienta útil para mejorar la pronunciación.,音标转写是提高发音的有用工具。,fonetico_1.jpg,考试路径|B1|n,专四,状况；状态,放弃；停止,能力；技能,大创内容组_senses_table_tem4 9.16.xlsx
forastero,n,n/a,B1,1,,外地的；外来的；外地人,,Los estudiantes forasteros se adaptan rápidamente a la vida universitaria gracias a los programas de acogida.,外地学生由于有接待项目，很快适应了大学生活。,forastero_1.jpg,考试路径|B1|n,专四,球体；球,分；划分,绣；刺绣,大创内容组_senses_table_tem4 9.16.xlsx
forjar,v,n/a,B1,1,,锻造；建造；锻炼；建立,,La lectura constante forja el pensamiento crítico de los estudiantes.,持续阅读锻炼了学生们的批判性思维。,forjar_1.jpg,考试路径|B1|v,专四,使升高；提高；提拔,领域；范围；面积（数学/几何）,包含；含有；容纳,大创内容组_senses_table_tem4 9.16.xlsx
formal,adj,n/a,B1,1,,形式的；表面的；正式的,,La carta formal debe incluir un saludo adecuado y una despedida respetuosa.,正式信件应包含恰当的问候和礼貌的告别。,formal_1.jpg,考试路径|B1|adj,专四,实习；见习,呼吸；气息,策划；组织；安排（事件、活动）,大创内容组_senses_table_tem4 9.16.xlsx
formar,n,n/a,B1,1,,形成；构成；培养；成长,,Los años de universidad forman el carácter y la personalidad de los estudiantes.,大学岁月塑造了学生们的性格和人格。,formar_1.jpg,考试路径|B1|n,专四,停住；停下,平原；平地,使开心；使消遣,大创内容组_senses_table_tem4 9.16.xlsx
formular,v,n/a,B1,1,,系统阐述；明确表达；公式化,,El estudiante tuvo que formular una nueva hipótesis para explicar el resultado inesperado del experimento.,学生不得不提出一个新的假说，来解释实验中意想不到的结果。,formular_1.jpg,考试路径|B1|v,专四,同样；也,优雅的；高雅的；华丽的,下面的；差的；少的；下级；部下,大创内容组_senses_table_tem4 7.16.xlsx
fortalecer,v,n/a,B1,1,,巩固；加强；使坚强,,La práctica diaria fortalece la memoria y mejora la fluidez en el idioma.,每天练习巩固记忆力并提高语言流利度。,fortalecer_1.jpg,考试路径|B1|v,专四,不必要的,小教堂；礼拜堂,陆军上校,大创内容组_senses_table_tem4 9.16.xlsx
forzoso,adj,n/a,B1,1,,必须的；必然的；强迫的,,Es forzoso presentar el carnet de estudiante para entrar al examen.,必须出示学生证才能进入考场。,forzoso_1.jpg,考试路径|B1|adj,专四,指导；方向；迎新介绍,贷款；信用证（财经）,热烈的（欢迎/感情）,大创内容组_senses_table_tem4 9.16.xlsx
fracaso,n,m,B1,1,,失败；失利；挫折,,El fracaso en un examen no significa que no valgas para aprender este idioma.,一次考试失败并不意味着你不适合学这门语言。,fracaso_1.jpg,考试路径|B1|n,专四,紧急情况,暗示；影射；提到,昏迷；晕倒,大创内容组_senses_table_tem4 7.19.xlsx
fregar,v,n/a,B1,1,,擦洗；刷洗,,"Después de cenar, siempre friego los platos y los pongo en el escurridor.",晚饭后我总把盘子刷干净，放在沥水架上。,fregar_1.jpg,考试路径|B1|v,专四,确信；确保（自己）,修理；维修,记录；登记；注册,大创内容组_senses_table_tem4 7.20.xlsx
fértil,adj,n/a,B1,1,,肥沃的；富饶的；盛产的,,Las tierras fértiles del sur de España producen aceite de oliva de alta calidad.,西班牙南部肥沃的土地出产高品质的橄榄油。,fertil_1.jpg,考试路径|B1|adj,专四,大多数；大部分；多数派,部门；系,工作日；工时,大创内容组_senses_table_tem4 9.16.xlsx
físico,n,n/a,B1,2,,物理的；物理学家；物理学,,La física es una asignatura fundamental para entender el mundo natural.,物理学是理解自然世界的基础学科。,fisico_2.jpg,考试路径|B1|n,专四,僧侣；修道士；尼姑；修女,松开；解开,外交的；外交官,大创内容组_senses_table_tem4 9.16.xlsx
fórmula,n,f,B1,1,,公式；方案；配方,,No existe una fórmula mágica para dominar el español; solo la constancia da resultados.,没有掌握西班牙语的魔术公式，只有坚持不懈才能带来成果。,formula_1.jpg,考试路径|B1|n,专四,混合的；混成的,应用；运用；实施,陆军上校,大创内容组_senses_table_tem4 7.16.xlsx
ganar,v,n/a,B1,2,,赚；挣；获得（收入）,,Mi hermana gana bastante dinero trabajando como diseñadora gráfica en una empresa grande.,我姐姐在一家大公司做平面设计师，赚不少钱。,ganar_2.jpg,考试路径|B1|v,专四,咨询；查阅；询问,圆盘；唱片,物理的；物理学家；物理学,大创内容组_senses_table_tem4 7.17.xlsx
ganar,v,n/a,B1,3,,获得（经验 / 机会）,,Ganamos mucha experiencia en el intercambio lingüístico.,我们在语言交换中收获很多经验。,ganar_3.jpg,考试路径|B1|v,专四,考虑；认为；斟酌,强调；突出,小溪,大创内容组_senses_table_tem4 7.19.xlsx
general,adj,n/a,B1,1,,一般的；总体的；普遍的,,"En general, los estudiantes nativos tienen buena pronunciación de las vocales españolas.",总体而言，母语学生对西班牙语元音的发音都很好。,general_1.jpg,考试路径|B1|adj,专四,吸入（空气、气体等）,营地；露营,宣布；声明；申报,大创内容组_senses_table_tem4 7.19.xlsx
generoso,adj,n/a,B1,1,,大方的；慷慨,,Es generoso y me presta todos sus libros de gramática española.,他很大方，把自己所有西语语法书都借给我。,generoso_1.jpg,考试路径|B1|adj,专四,附近；近郊,昏迷；晕倒,密度,大创内容组_senses_table_tem4 7.18.xlsx
grado,n,m,B1,2,,温度（度数）,,La temperatura en Madrid alcanzó los cuarenta grados durante la ola de calor del verano pasado.,去年夏天的热浪期间，马德里的气温达到了四十度。,grado_2.jpg,考试路径|B1|n,专四,损坏；弄坏,包含；包围,变狭窄；变亲密,大创内容组_senses_table_tem4 7.19.xlsx
grado,n,m,B1,3,,学位；学衔,,"Después de obtener el grado en filología hispánica, trabajó como traductor en una editorial.",获得西班牙语语言文学学位后，他在一家出版社做翻译。,grado_3.jpg,考试路径|B1|n,专四,忘记（搭配 de）,申请；申请书,城市的；市政的,大创内容组_senses_table_tem4 7.19.xlsx
graduado,n,n/a,B1,1,,（大学）毕业生,,Cada graduado de nuestra facultad recibe un diploma y un pin conmemorativo durante la ceremonia de graduación.,在毕业典礼上，我们学院的每位毕业生都会获得一份毕业证书和一枚纪念徽章。,graduado_1.jpg,考试路径|B1|n,专四,霜冻；结冰,等等,远的；遥远的；久远的,大创内容组_senses_table_tem4 7.16.xlsx
granizar,v,n/a,B1,1,,下冰雹,,Empezó a granizar de repente y todos los estudiantes corrieron a refugiarse.,突然下起了冰雹，所有学生都跑去找地方躲避。,granizar_1.jpg,考试路径|B1|v,专四,导师答疑；个别辅导；导师制,计算（数学）,不公正；不合理；不公道,大创内容组_senses_table_tem4 7.20.xlsx
gritar,v,n/a,B1,1,,喊叫；大声说话,,No grites en la biblioteca porque los demás estudiantes necesitan silencio para concentrarse.,不要在图书馆里大声喊叫，因为其他学生需要安静来集中注意力。,gritar_1.jpg,考试路径|B1|v,专四,翻倍,淹没；使泛滥；使充满；发水；闹水灾,形式的；表面的；正式的,大创内容组_senses_table_tem4 7.20.xlsx
guía,n,n/a,B1,1,,导游；向导,,El guía turístico nos explicó la historia del museo mientras recorríamos las salas de exposición.,导游带我们参观展厅时讲解了博物馆的历史。,guia_1.jpg,考试路径|B1|n,专四,比较；对比；对照,弄湿；浸湿；淋湿；参与；卷入,基督教的；基督教徒,大创内容组_senses_table_tem4 7.20.xlsx
habilidad,n,f,B1,1,,能力；技能,,"Para aprobar el examen de专四, es fundamental desarrollar tu habilidad de comprensión auditiva.",为了通过专四考试，培养你的听力理解能力是至关重要的。,habilidad_1.jpg,考试路径|B1|n,专四,缺席；没来；缺勤,感染；传染；不良影响,不可见的；无形的,大创内容组_senses_table_tem4 7.16.xlsx
helada,n,f,B1,1,,霜冻；结冰,,La helada de esta mañana cubrió los coches con una capa fina de hielo.,今早的霜冻在汽车上覆盖了一层薄冰。,helada_1.jpg,考试路径|B1|n,专四,低语；轻声说话,资助,联邦的；联邦主义的,大创内容组_senses_table_tem4 7.20.xlsx
hospedaje,n,m,B1,1,,住宿,,El hospedaje en residencia universitaria sale más barato que alquilar un piso completo.,住在大学宿舍通常比整租一套公寓更便宜。,hospedaje_1.jpg,考试路径|B1|n,专四,甘蔗,奶油；猪油；脂肪,治疗；治愈,大创内容组_senses_table_tem4_with_images.xlsx
humedad,n,f,B1,1,,湿度；潮湿,,En las zonas costeras la humedad es muy alta y el ambiente se siente pesado.,沿海地区湿度很高，空气感觉很沉闷。,humedad_1.jpg,考试路径|B1|n,专四,地狱,处在（某种状态）；身处,派别；阵营,大创内容组_senses_table_tem4 7.20.xlsx
imaginar,v,n/a,B1,1,,想象；设想,,Imagino un viaje por Andalucía en las vacaciones de verano.,我想象暑假去安达卢西亚旅行。,imaginar_1.jpg,考试路径|B1|v,专四,占领；据为己有,漂浮；浮动；飘动,建造；建设；构建,大创内容组_senses_table_tem4 7.19.xlsx
imaginarse,v,n/a,B1,1,,料想；自行脑补,,Me imagino que el profesor hará un dictado mañana.,我料想老师明天会安排听写。,imaginarse_1.jpg,考试路径|B1|v,专四,一半；二分之一,轶事；趣闻,庆祝；举行,大创内容组_senses_table_tem4 7.19.xlsx
industria,n,f,B1,1,,工业；产业；行业,,La industria del turismo es muy importante para la economía de España.,旅游业对西班牙经济非常重要。,industria_1.jpg,考试路径|B1|n,专四,致力于；钻研；努力做,调整焦距；聚焦,放置；存放,大创内容组_senses_table_tem4 9.26.xlsx
industrial,n,n/a,B1,1,,工业的；产业的；工业家；实业家,,La revolución industrial cambió por completo la sociedad europea del siglo XIX.,工业革命彻底改变了十九世纪的欧洲社会。,industrial_1.jpg,考试路径|B1|n,专四,用于（时间/精力）,拴；系；捆,拮据；经济困难,大创内容组_senses_table_tem4 9.26.xlsx
inevitable,adj,n/a,B1,1,,不可避免的；必然的,,Es inevitable sentir nervios antes de un examen importante.,在重要考试前感到紧张是不可避免的。,inevitable_1.jpg,考试路径|B1|adj,专四,确信；确保（自己）,努力；尽力,公式；方案；配方,大创内容组_senses_table_tem4 9.26.xlsx
infancia,n,f,B1,1,,童年；幼年；儿童；早期,,"En mi infancia, mi abuela me contaba cuentos en español todas las noches.",在我的童年，奶奶每晚都用西班牙语给我讲故事。,infancia_1.jpg,考试路径|B1|n,专四,发票；账单,担任（职务）,会议；大会,大创内容组_senses_table_tem4 9.26.xlsx
infección,n,f,B1,1,,感染；传染；不良影响,,La infección se propagó rápidamente entre los estudiantes de la residencia.,感染在宿舍学生中迅速传播。,infeccion_1.jpg,考试路径|B1|n,专四,自动的；自动化的,专门的；唯一的；排他的,起飞,大创内容组_senses_table_tem4 9.26.xlsx
inferior,n,n/a,B1,1,,下面的；差的；少的；下级；部下,,La calidad de este diccionario es inferior a la del otro que vimos.,这本词典的质量比我们看的那本差。,inferior_1.jpg,考试路径|B1|n,专四,火山,谎言；杜撰；假象,无罪的；天真的；无罪的人；儿童,大创内容组_senses_table_tem4 9.26.xlsx
infierno,n,m,B1,1,,地狱,,"En la novela, el protagonista desciende al infierno para salvar a su amada.",在小说中，主人公下到地狱去救他心爱的人。,infierno_1.jpg,考试路径|B1|n,专四,教母；女傧相,赤道,同志；同伴；战友,大创内容组_senses_table_tem4 9.26.xlsx
infinito,n,n/a,B1,1,,无限的；无限；极其,,El universo parece infinito y siempre ha fascinado a los científicos.,宇宙似乎是无限的，一直让科学家们着迷。,infinito_1.jpg,考试路径|B1|n,专四,利益；好处,正方形；方格,克服；超越；胜过,大创内容组_senses_table_tem4 9.26.xlsx
inflación,n,f,B1,1,,膨胀；通货膨胀,,La inflación afecta el poder adquisitivo de los estudiantes y sus familias.,通货膨胀影响学生及其家庭的购买力。,inflacion_1.jpg,考试路径|B1|n,专四,气氛；氛围,规避；避免错误,工业；产业；行业,大创内容组_senses_table_tem4 9.26.xlsx
influencia,n,f,B1,1,,影响；势力；权势,,La influencia de la cultura española se extiende por todo el mundo.,西班牙文化的影响遍及全世界。,influencia_1.jpg,考试路径|B1|n,专四,切碎；剁碎；啄,等等,带子；带状物,大创内容组_senses_table_tem4 9.26.xlsx
influir,v,n/a,B1,1,,影响；作用于,,La lectura influye positivamente en el desarrollo del vocabulario.,阅读对词汇量的发展有积极影响。,influir_1.jpg,考试路径|B1|v,专四,脱离；孤立,边；岸；边缘,锻造；建造；锻炼；建立,大创内容组_senses_table_tem4 9.26.xlsx
informar,n,n/a,B1,1,,通知；告诉；打听；获悉,,El profesor informó a los estudiantes sobre el cambio de fecha del examen.,老师通知学生们考试日期有变动。,informar_1.jpg,考试路径|B1|n,专四,火光；灯光；光芒,确认；证实,脊背；背部,大创内容组_senses_table_tem4 9.26.xlsx
informe,n,m,B1,1,,报告；汇报；通知,,Tengo que entregar un informe mensual sobre el progreso de mi trabajo de investigación.,我得交一份关于我研究工作进展的月度报告。,informe_1.jpg,考试路径|B1|n,专四,期限；截止日期,覆盖；布满；遍布,救助；帮助,大创内容组_senses_table_tem4 7.18.xlsx
ingeniero,n,n/a,B1,1,,工程师,,Mi primo es ingeniero informático y trabaja en una empresa de tecnología.,我表哥是软件工程师，在一家科技公司上班。,ingeniero_1.jpg,考试路径|B1|n,专四,合乎逻辑的；理所当然的；逻辑；逻辑学,端头的；极端的；末端；尽头；极端,顶峰；山顶,大创内容组_senses_table_tem4 7.19.xlsx
ingeniería,n,f,B1,1,,工程；工程学,,La ingeniería es una carrera muy demandada en las universidades españolas.,工程学是西班牙大学里非常受欢迎的专业。,ingenieria_1.jpg,考试路径|B1|n,专四,松的；不结实的；没劲儿的,魔法的；有魔力的；神奇的,使受益；有利于,大创内容组_senses_table_tem4 9.26.xlsx
ingenuo,adj,n/a,B1,1,,天真的；纯朴的,,Su mirada ingenua reflejaba la pureza de quien no conoce el mal.,他天真的目光反映出不知邪恶之人的纯真。,ingenuo_1.jpg,考试路径|B1|adj,专四,露出水面；浮现；露出,肯定；断言,资助,大创内容组_senses_table_tem4 9.26.xlsx
ingresar,v,n/a,B1,1,,进入；加入,,El estudiante ingresó en la universidad después de aprobar el examen de admisión.,这名学生通过入学考试后进入了大学。,ingresar_1.jpg,考试路径|B1|v,专四,带子；带状物,智力的；脑力的；精神上的；知识分子,顶替；取代,大创内容组_senses_table_tem4 9.26.xlsx
iniciar,v,n/a,B1,1,,开始；开创,,El profesor inició la clase con una breve presentación sobre la cultura española.,老师以一段关于西班牙文化的简短介绍开始了课程。,iniciar_1.jpg,考试路径|B1|v,专四,优点；功劳；功绩,工程师,哲学；哲理,大创内容组_senses_table_tem4 9.26.xlsx
injusticia,n,f,B1,1,,不公正；不合理；不公道,,La injusticia social es un tema recurrente en la literatura hispanoamericana.,社会不公是拉美文学中反复出现的主题。,injusticia_1.jpg,考试路径|B1|n,专四,使惊奇；惊叹,指定；任命,握住（手）；使亲密,大创内容组_senses_table_tem4 9.26.xlsx
injusto,adj,n/a,B1,1,,不公正的；不公平的；非正义的,,Es injusto que algunos estudiantes tengan más oportunidades que otros.,一些学生比另一些有更多机会是不公平的。,injusto_1.jpg,考试路径|B1|adj,专四,先生（尊称）,在对面；反对,激怒；生气,大创内容组_senses_table_tem4 9.26.xlsx
inmediato,adj,n/a,B1,1,,邻接的；立即的；即刻的,,El profesor pidió una respuesta inmediata a la pregunta de gramática.,老师要求立即回答语法问题。,inmediato_1.jpg,考试路径|B1|adj,专四,勇敢的；勇猛的,留宿；接纳住宿,合适的；特有的,大创内容组_senses_table_tem4 9.26.xlsx
inmenso,adj,n/a,B1,1,,极大的；无数的；广阔的,,El océano Atlántico es inmenso y separa dos continentes.,大西洋广阔无垠，分隔两个大洲。,inmenso_1.jpg,考试路径|B1|adj,专四,迷人的,王冠；皇冠,纪律,大创内容组_senses_table_tem4 9.26.xlsx
inmóvil,adj,n/a,B1,1,,固定的；不动的；静止的,,El estudiante permaneció inmóvil mientras el profesor le tomaba una foto.,老师给他拍照时，这名学生一动不动。,inmovil_1.jpg,考试路径|B1|adj,专四,不友善的；讨人厌,游览；走遍,导师；指导老师；监护人,大创内容组_senses_table_tem4 9.26.xlsx
innecesario,adj,n/a,B1,1,,不必要的,,Es innecesario comprar otro diccionario si ya tienes uno bueno.,如果你已经有一本好词典，就没必要再买一本。,innecesario_1.jpg,考试路径|B1|adj,专四,松的；不结实的；没劲儿的,合乎逻辑的；理所当然的；逻辑；逻辑学,节日的；节庆的；快乐的,大创内容组_senses_table_tem4 9.26.xlsx
inocente,n,n/a,B1,1,,无罪的；天真的；无罪的人；儿童,,El acusado fue declarado inocente después de que se probara su coartada.,在证明其不在场证明后，被告被宣布无罪。,inocente_1.jpg,考试路径|B1|n,专四,出版；版本，版次,魔鬼；恶魔,混合的；混成的,大创内容组_senses_table_tem4 9.26.xlsx
inquietar,n,n/a,B1,1,,使不安；使忧虑；焦虑；不安,,La noticia del examen sorpresa inquietó a todos los estudiantes.,突击考试的消息让所有学生都感到不安。,inquietar_1.jpg,考试路径|B1|n,专四,仆人；佣人,军队,论据；论点,大创内容组_senses_table_tem4 9.26.xlsx
inscribir,n,n/a,B1,1,,铭刻；登记；注册；报名,,Los estudiantes se inscribieron en el curso de verano de español.,学生们报名参加了暑期西班牙语课程。,inscribir_1.jpg,考试路径|B1|n,专四,核对；查验,拳击运动,助手；助理,大创内容组_senses_table_tem4 9.26.xlsx
inscribirse,v,n/a,B1,1,,报名；注册；登记,,Recuerda que debes inscribirse en el concurso de traducción antes de que se agoten las plazas disponibles.,请记住，你必须在名额报满之前报名参加翻译大赛。,inscribirse_1.jpg,考试路径|B1|v,专四,躺下；传开；扩散；延伸,别人的；他人的,庆祝；举行,大创内容组_senses_table_tem4 7.16.xlsx
inscripción,n,f,B1,1,,报名；注册；登记（表）,,El plazo de inscripción para las asignaturas optativas del próximo semestre se abre el lunes por la mañana.,下学期选修课的报名截止期限将在周一上午开启。,inscripcion_1.jpg,考试路径|B1|n,专四,电缆；电线,即使,安装；设置；安置；安家；定居,大创内容组_senses_table_tem4 7.16.xlsx
inseparable,adj,n/a,B1,1,,分不开的；形影不离的,,Los dos amigos son inseparables y siempre estudian juntos en la biblioteca.,这两个朋友形影不离，总是在图书馆一起学习。,inseparable_1.jpg,考试路径|B1|adj,专四,高潮；鼎盛时期,强调；突出,怪物；巨物；凶恶的人,大创内容组_senses_table_tem4 9.26.xlsx
insignificante,adj,n/a,B1,1,,微不足道的；很小的,,Un error insignificante no debe preocuparte si has estudiado bien.,如果你学得好，一个小错误不必担心。,insignificante_1.jpg,考试路径|B1|adj,专四,损坏；弄坏,相像；相似；长得像,轴（机器）；桅（船）,大创内容组_senses_table_tem4 9.26.xlsx
insistir,v,n/a,B1,1,,坚持；强调,,El profesor insistió en la importancia de practicar la pronunciación todos los días.,老师坚持强调每天练习发音的重要性。,insistir_1.jpg,考试路径|B1|v,专四,船队；舰队；机群,中等的；中间的；一般的,困境；窘境,大创内容组_senses_table_tem4 9.26.xlsx
insoportable,adj,n/a,B1,1,,难以忍受的,,El ruido de la construcción era insoportable durante los exámenes finales.,期末考试期间建筑噪音让人难以忍受。,insoportable_1.jpg,考试路径|B1|adj,专四,合同；合约,不识字的；文盲,导游；向导,大创内容组_senses_table_tem4 9.26.xlsx
inspección,n,f,B1,1,,检查；视察,,La inspección de la biblioteca se realiza cada semestre para garantizar su buen funcionamiento.,图书馆每学期进行检查以确保其良好运转。,inspeccion_1.jpg,考试路径|B1|n,专四,灾难；灾害,地狱,军事的；军队的；军人,大创内容组_senses_table_tem4 9.26.xlsx
inspirar,n,n/a,B1,1,,吸气；启发；激发；产生灵感,,La obra de Lorca inspiró a muchos estudiantes a estudiar literatura española.,洛尔卡的作品激发了许多学生学习西班牙文学的兴趣。,inspirar_1.jpg,考试路径|B1|n,专四,水流；水流方向,派遣；寄发,变狭窄；变亲密,大创内容组_senses_table_tem4 9.26.xlsx
instalar,n,n/a,B1,1,,安装；设置；安置；安家；定居,,La universidad instaló nuevos ordenadores en la sala de estudio.,大学在自习室安装了新电脑。,instalar_1.jpg,考试路径|B1|n,专四,挪近；使靠近,探索；考察,柔软的（质地）；温和的；软弱的（性格）,大创内容组_senses_table_tem4 9.26.xlsx
instante,n,m,B1,1,,瞬间；刹那,,"En un instante, el estudiante comprendió la regla gramatical que tanto le costaba.",一瞬间，这名学生理解了那条一直让他头疼的语法规则。,instante_1.jpg,考试路径|B1|n,专四,忘记（搭配 de）,游行；列队行进,因素,大创内容组_senses_table_tem4 9.26.xlsx
institución,n,f,B1,1,,机构；机关；协会；学校；制度,,La universidad es una institución dedicada a la enseñanza y la investigación.,大学是一个致力于教学和研究的机构。,institucion_1.jpg,考试路径|B1|n,专四,骑；乘,暗自犹豫；心存疑虑,框；框架；范围；范畴,大创内容组_senses_table_tem4 9.26.xlsx
instrucción,n,f,B1,1,,教育；训练；学问；指示；指令,,Las instrucciones del examen están escritas claramente en la primera página.,考试说明清楚地写在第一页上。,instruccion_1.jpg,考试路径|B1|n,专四,古老；古代（历史时期）,自治；自治权；自主；独立,原谅；宽恕,大创内容组_senses_table_tem4 9.26.xlsx
insultar,v,n/a,B1,1,,辱骂；侮辱,,No debes insultar a tus compañeros aunque estés enfadado con ellos.,即使你生同学的气，也不应该辱骂他们。,insultar_1.jpg,考试路径|B1|v,专四,牢固的；坚固的；坚定的,申请；申请书,租借；租赁,大创内容组_senses_table_tem4 9.26.xlsx
integrar,n,n/a,B1,1,,使结合；使一体化；组成；构成；加入；参加,,El programa integra a estudiantes de diferentes países en un mismo proyecto.,该项目将不同国家的学生整合到同一个项目中。,integrar_1.jpg,考试路径|B1|n,专四,模范的,策略,法律；法学,大创内容组_senses_table_tem4 9.26.xlsx
intelectual,n,n/a,B1,1,,智力的；脑力的；精神上的；知识分子,,El trabajo intelectual requiere concentración y descanso adecuado.,脑力工作需要专注和适当的休息。,intelectual_1.jpg,考试路径|B1|n,专四,给...评分；评级；使具有资格,仆人；佣人,幻灯片,大创内容组_senses_table_tem4 9.26.xlsx
inteligencia,n,f,B1,1,,智力,,La inteligencia no lo es todo; la constancia también es fundamental.,智力不是全部，坚持也很重要。,inteligencia_1.jpg,考试路径|B1|n,专四,拉丁语,蠢话；荒唐事,矿物的；无机的；矿物；矿石,大创内容组_senses_table_tem4 9.26.xlsx
intención,n,f,B1,1,,打算；企图,,Mi intención es estudiar un semestre en una universidad española.,我的打算是在一所西班牙大学学习一个学期。,intencion_1.jpg,考试路径|B1|n,专四,纬度,威严；威武；陛下,计算（数学）,大创内容组_senses_table_tem4 9.26.xlsx
intensidad,n,f,B1,1,,强度；强烈；紧张,,La intensidad del curso de verano requiere mucha dedicación.,暑期课程的强度需要大量投入。,intensidad_1.jpg,考试路径|B1|n,专四,强调；突出,成员,降落；着陆,大创内容组_senses_table_tem4 9.26.xlsx
intenso,adj,n/a,B1,1,,强烈的；剧烈的；紧张的,,El curso intensivo de español dura solo cuatro semanas pero es muy efectivo.,西班牙语强化课程只持续四周，但非常有效。,intenso_1.jpg,考试路径|B1|adj,专四,拉丁美洲的；拉丁美洲人,小溪,欣赏；观赏,大创内容组_senses_table_tem4 9.26.xlsx
interacción,n,f,B1,1,,互动；相互影响,,La interacción constante en el aula fomenta un aprendizaje más dinámico y participativo.,课堂上不断的互动促进了更加动态和参与式的学习。,interaccion_1.jpg,考试路径|B1|n,专四,出版；上映；发行,永恒的；永久的,核对；查验,大创内容组_senses_table_tem4 7.16.xlsx
interactuar,v,n/a,B1,1,,互动；相互作用,,Las clases prácticas permiten a los estudiantes interactuar de manera más activa con el profesor.,实践课使学生们能够与老师进行更积极的互动。,interactuar_1.jpg,考试路径|B1|v,专四,连接；使联系在一起,最深处的；内心的；亲密的,使协调；协调,大创内容组_senses_table_tem4 7.16.xlsx
intercambiar,v,n/a,B1,1,,交换；互换,,Intercambiamos apuntes para repasar mejor.,我们交换笔记方便更好复习。,intercambiar_1.jpg,考试路径|B1|v,专四,努力；尽力,认为；估计,变得；变成（情绪状态）,大创内容组_senses_table_tem4 7.19.xlsx
intercambio,n,m,B1,1,,（语言）交换；交流,,Hago un intercambio lingüístico con un estudiante español: yo practico español y él practica chino.,我和一位西班牙学生做语言交换：我练西语，他练中文。,intercambio_1.jpg,考试路径|B1|n,专四,辅助的；助手；救助,节省；节约,破坏；毁坏,大创内容组_senses_table_tem4_with_images.xlsx
intercambio académico,n,m,B1,1,,学术交流；交换学习,,Durante el intercambio académico viví con una familia anfitriona y asistí a clases locales.,学术交换期间我住在接待家庭，并上当地的课程。,intercambio_academico_1.jpg,考试路径|B1|n,专四,肌肉,零钱（硬币）；汇率；兑换率,管理；治理；统治,大创内容组_senses_table_tem4_with_images.xlsx
interior,n,n/a,B1,1,,内部的；内心的；国内的；内部；内地；内心,,El patio interior de la universidad es un lugar tranquilo para estudiar.,大学的内部庭院是一个安静的学习场所。,interior_1.jpg,考试路径|B1|n,专四,开幕；开始,初次使用；首次上演,注视；凝视,大创内容组_senses_table_tem4 9.26.xlsx
internacional,n,n/a,B1,1,,国际的；世界的；国际歌,,La universidad organiza un congreso internacional de literatura hispánica cada año.,大学每年组织一次国际西班牙语文学大会。,internacional_1.jpg,考试路径|B1|n,专四,湿度；潮湿,不规则的；无规律的,以…为食；汲取营养,大创内容组_senses_table_tem4 9.26.xlsx
interno,adj,n/a,B1,1,,内部的；国内的,,El reglamento interno de la universidad establece las normas de convivencia.,大学的内部规章规定了共处规则。,interno_1.jpg,考试路径|B1|adj,专四,魔法；魔术；魔力；魅力,那么（用于推理/结论）,精神上的；心灵的,大创内容组_senses_table_tem4 9.26.xlsx
interpretación,n,f,B1,1,,口译；阐释；理解,,La interpretación de los textos antiguos requiere un profundo conocimiento de la cultura de la época.,对古籍的阐释需要对那个时代的文化有深刻的了解。,interpretacion_1.jpg,考试路径|B1|n,专八|专四,协议；约定,自治；自治权；自主；独立,稳定；稳固；持久性,大创内容组_senses_table_tem4 7.16.xlsx
interpretar,v,n/a,B1,1,,（口译）翻译；表演,,Ella es capaz de interpretar discursos académicos del español al chino con gran fluidez.,她能够非常流利地将学术演讲从西班牙语口译成中文。,interpretar_1.jpg,考试路径|B1|v,专四,论述；论文,城市；市政府,人种；种族,大创内容组_senses_table_tem4 7.16.xlsx
interpretar,v,n/a,B1,2,,解释；阐释；理解,,El investigador nos enseñó cómo interpretar los datos estadísticos obtenidos en la encuesta.,研究员教我们如何去解释从调查问卷中获得的统计数据。,interpretar_2.jpg,考试路径|B1|v,专四,领会；理解,谎言；杜撰；假象,移动；出行；搬家,大创内容组_senses_table_tem4 7.16.xlsx
interrogar,v,n/a,B1,1,,询问；质问；审问,,El profesor interrogó a los estudiantes sobre el contenido de la lectura asignada.,老师就指定阅读的内容询问了学生们。,interrogar_1.jpg,考试路径|B1|v,专四,领域；学科范围,善良；仁慈,注册；招收；登记学籍,大创内容组_senses_table_tem4 9.26.xlsx
interrumpir,v,n/a,B1,1,,中断；打断,,No debes interrumpir al profesor cuando está explicando la gramática.,老师讲解语法时你不应该打断他。,interrumpir_1.jpg,考试路径|B1|v,专四,疏忽；大意,火焰,适合；中意（搭配bien/mal）,大创内容组_senses_table_tem4 9.26.xlsx
intersección,n,f,B1,1,,交叉路口；十字路口,,En la intersección principal de la ciudad hay un gran monumento y muchas tiendas.,城市的主要交叉路口有一座大型纪念碑和很多商店。,interseccion_1.jpg,考试路径|B1|n,专四,做买卖；做交易；谈判,无罪的；天真的；无罪的人；儿童,明显的,大创内容组_senses_table_tem4 7.20.xlsx
intervenir,v,n/a,B1,1,,参加；干涉；调解；发言,,El profesor intervino para mediar en la discusión entre los estudiantes.,老师介入调解学生之间的争论。,intervenir_1.jpg,考试路径|B1|v,专四,样品；示范；样子；表示,传播；扩散,驱逐；逐出；排出,大创内容组_senses_table_tem4 9.26.xlsx
interés,n,m,B1,2,,利益；好处,,El proyecto de investigación busca el interés común de todos los estudiantes de la facultad.,这个研究项目旨在寻求学院所有学生的共同利益。,interes_2.jpg,考试路径|B1|n,专四,岸边；河岸,顶峰；山顶,激怒；生气,大创内容组_senses_table_tem4 7.19.xlsx
inundar,n,n/a,B1,1,,淹没；使泛滥；使充满；发水；闹水灾,,La lluvia intensa inundó las calles de la ciudad universitaria.,大雨淹没了大学城的街道。,inundar_1.jpg,考试路径|B1|n,专四,设计；绘制草图,故障；损伤（设备/车辆）,脱去；使赤裸,大创内容组_senses_table_tem4 9.26.xlsx
invadir,v,n/a,B1,1,,侵略；侵犯；侵入,,Los turistas invaden las playas españolas durante los meses de verano.,夏天游客们涌入西班牙海滩。,invadir_1.jpg,考试路径|B1|v,专四,行走；行军；出发；进展,话；言论；格言,阻止；阻挡；拘留；逮捕,大创内容组_senses_table_tem4 9.26.xlsx
inventar,v,n/a,B1,1,,发明；创造；创作；杜撰,,El estudiante inventó una excusa creativa para justificar su retraso.,这名学生编造了一个有创意的借口来为迟到辩解。,inventar_1.jpg,考试路径|B1|v,专四,成员,分析,召集；召开,大创内容组_senses_table_tem4 9.26.xlsx
invernal,adj,n/a,B1,1,,冬季的,,El paisaje invernal de la sierra nevada es espectacular y atrae a muchos visitantes.,雪山冬季的景色非常壮观，吸引了许多游客。,invernal_1.jpg,考试路径|B1|adj,专四,球场；场地,债务；欠款,神；神性,大创内容组_senses_table_tem4 9.26.xlsx
invertir,v,n/a,B1,1,,投入（资本）；花费（时间）,,Los estudiantes invierten mucho tiempo en preparar el examen de español.,学生们投入大量时间准备西班牙语考试。,invertir_1.jpg,考试路径|B1|v,专四,弓（武器/乐器）；弧形；拱,规模；比例,简历；履历,大创内容组_senses_table_tem4 9.26.xlsx
invisible,adj,n/a,B1,1,,不可见的；无形的,,El esfuerzo diario es invisible pero fundamental para aprender un idioma.,每天的努力虽然看不见，但对学习语言至关重要。,invisible_1.jpg,考试路径|B1|adj,专四,加工；制造；拟订,小伙子；年轻姑娘,使受益；有利于,大创内容组_senses_table_tem4 9.26.xlsx
inyección,n,f,B1,1,,注射；注射剂,,El médico le puso una inyección al estudiante para aliviar el dolor.,医生给这名学生打了一针以缓解疼痛。,inyeccion_1.jpg,考试路径|B1|n,专四,不必要的,海贝；海鲜,远的；遥远的；久远的,大创内容组_senses_table_tem4 9.26.xlsx
inútil,adj,n/a,B1,1,,无用的；无益的；无价值的,,Es inútil memorizar palabras sin entender su significado en contexto.,不理解语境中的意思而背单词是没用的。,inutil_1.jpg,考试路径|B1|adj,专四,捕捉；捕获,超过；胜过,（大学）学院,大创内容组_senses_table_tem4 9.26.xlsx
irregular,adj,n/a,B1,1,,不规则的；无规律的,,Los verbos irregulares son los que más dificultad presentan a los estudiantes.,不规则动词是给学生们带来最大困难的。,irregular_1.jpg,考试路径|B1|adj,专四,做记号；标出；拨号；得分,忠厚的；忠诚的；忠实的,故事；叙述,大创内容组_senses_table_tem4 9.26.xlsx
itinerario,n,m,B1,1,,路线；行程,,El profesor preparó un itinerario detallado para la excursión cultural a Toledo.,老师为托莱多的文化考察旅行制定了一份详细的行程计划。,itinerario_1.jpg,考试路径|B1|n,专四,道理；理智,合作；协作,能源的；能量的,大创内容组_senses_table_tem4 7.20.xlsx
jamás,adv,n/a,B1,1,,从不；决不,,Jamás olvidaré la primera vez que hablé español con un nativo.,我永远不会忘记第一次和母语者说西班牙语的情景。,jamas_1.jpg,考试路径|B1|adv,专四,轻的；轻快的；清淡的；迅速地,赤字；亏损,养育；抚养,大创内容组_senses_table_tem4 9.26.xlsx
jaula,n,f,B1,1,,笼子,,Los estudiantes liberaron a los pájaros de la jaula como símbolo de libertad.,学生们把鸟从笼子里放出来，作为自由的象征。,jaula_1.jpg,考试路径|B1|n,专四,通行费；路费,长；长度,使变成；使转化,大创内容组_senses_table_tem4 9.26.xlsx
jinete,n,m,B1,1,,骑手,,El jinete montaba un caballo blanco en el desfile de la universidad.,骑手在大学游行中骑着一匹白马。,jinete_1.jpg,考试路径|B1|n,专四,神的；绝妙的,散布；传开,谦虚的；简朴的；卑微的；有节制的,大创内容组_senses_table_tem4 9.26.xlsx
jornada,n,f,B1,1,,工作日；工时,,La jornada laboral en España suele ser de ocho horas diarias.,西班牙的工作日通常是每天八小时。,jornada_1.jpg,考试路径|B1|n,专四,赊销；担保；信任,谋杀；暗杀,一般的；总体的；普遍的,大创内容组_senses_table_tem4 7.19.xlsx
joya,n,f,B1,1,,金银；珍宝；珠宝首饰,,La corona está decorada con joyas muy valiosas y antiguas.,王冠上装饰着非常珍贵和古老的珠宝。,joya_1.jpg,考试路径|B1|n,专四,拳击运动,使变容易；提供,导师答疑；个别辅导；导师制,大创内容组_senses_table_tem4 9.26.xlsx
jubilarse,v,n/a,B1,1,,退休,,El profesor se jubiló después de cuarenta años enseñando español.,这位老师教了四十年西班牙语后退休了。,jubilarse_1.jpg,考试路径|B1|v,专四,精神上的；心灵的,分配；分派,阵雨；暴雨,大创内容组_senses_table_tem4 9.26.xlsx
judío,n,n/a,B1,1,,犹太的；犹太教的；犹太人；犹太教徒,,La comunidad judía en España tiene una historia muy antigua y rica.,西班牙的犹太社区有着非常古老而丰富的历史。,judio_1.jpg,考试路径|B1|n,专四,受益；得到好处,躺下；扑向；投入,互相理解；相处；合得来,大创内容组_senses_table_tem4 9.26.xlsx
juez,n,n/a,B1,1,,法官；仲裁人；裁判员,,El juez del concurso de debate evaluó los argumentos de los estudiantes.,辩论比赛的裁判评估了学生们的论点。,juez_1.jpg,考试路径|B1|n,专四,液体的；液态的；流动的；液体,王冠；皇冠,肥料,大创内容组_senses_table_tem4 9.26.xlsx
juicio,n,m,B1,1,,理智；看法；见解,,"En mi juicio, estudiar en el extranjero es la mejor forma de aprender un idioma.",依我看，出国留学是学习一门语言的最好方式。,juicio_1.jpg,考试路径|B1|n,专四,失败；战败,飞行员；驾驶员,太空,大创内容组_senses_table_tem4 9.26.xlsx
jurar,v,n/a,B1,1,,发誓；宣誓,,El testigo juró decir toda la verdad durante el juicio del caso famoso.,证人在庭审期间宣誓说出全部真相。,jurar_1.jpg,考试路径|B1|v,专四,资本；资金,脊背；背部,消遣；娱乐,大创内容组_senses_table_tem4 7.20.xlsx
justicia,n,f,B1,1,,公正；正义；司法权；司法机关,,La justicia social es un valor fundamental en la educación pública.,社会正义是公共教育的基本价值。,justicia_1.jpg,考试路径|B1|n,专四,放置；存放,变狭窄；变亲密,专心；集中注意力,大创内容组_senses_table_tem4 9.26.xlsx
justificar,n,n/a,B1,1,,为……辩解；证明无罪；辩解,,El estudiante justificó su ausencia con un certificado médico.,这名学生用医生证明为自己的缺席辩解。,justificar_1.jpg,考试路径|B1|n,专四,扮演（角色）,效果；效应；影响,千；许许多多,大创内容组_senses_table_tem4 9.26.xlsx
justo,n,n/a,B1,1,,公平的；正义的；正好的；恰好,,El profesor fue muy justo al repartir las notas finales del curso.,老师在给课程期末成绩时非常公平。,justo_1.jpg,考试路径|B1|n,专四,实验；试验；经历；体验,野兽,租借；租赁,大创内容组_senses_table_tem4 10.3.xlsx
juvenil,adj,n/a,B1,1,,青年的；年轻人的,,La literatura juvenil en español tiene cada vez más lectores entre los estudiantes.,西班牙语青年文学在学生中拥有越来越多的读者。,juvenil_1.jpg,考试路径|B1|adj,专四,婚姻；结婚；夫妻,发现；发觉,营地；露营,大创内容组_senses_table_tem4 10.3.xlsx
juventud,n,f,B1,1,,青春；青年时期；青年人,,La juventud es una etapa llena de energía y ganas de aprender cosas nuevas.,青春是一个充满活力和学习新事物渴望的阶段。,juventud_1.jpg,考试路径|B1|n,专四,冠军,有效力的；有能力的,用于；指定用途,大创内容组_senses_table_tem4 10.3.xlsx
juzgar,v,n/a,B1,1,,审判；判决,,El juez juzgó el caso con mucha atención a los detalles presentados.,法官非常关注所提交的细节来审判此案。,juzgar_1.jpg,考试路径|B1|v,专四,改正；修改；批改,关；锁；包含,反义词,大创内容组_senses_table_tem4 10.3.xlsx
labor,n,f,B1,1,,劳动；工作,,La labor del profesor es fundamental para el desarrollo de los estudiantes.,教师的工作对学生的成长至关重要。,labor_1.jpg,考试路径|B1|n,专四,影响；作用于,昏迷；晕倒,肥料,大创内容组_senses_table_tem4 10.3.xlsx
laborioso,adj,n/a,B1,1,,勤劳的；勤勉的,,El estudiante laborioso siempre termina sus tareas antes del plazo.,勤劳的学生总是提前完成任务。,laborioso_1.jpg,考试路径|B1|adj,专四,谜；谜语,指导；指引；使朝向,为……辩解；证明无罪；辩解,大创内容组_senses_table_tem4 10.3.xlsx
ladrillo,n,m,B1,1,,砖；砖状物,,Los albañiles construyeron el muro de la facultad con ladrillos rojos.,泥瓦匠用红砖砌了学院的墙。,ladrillo_1.jpg,考试路径|B1|n,专四,牢固的；坚固的；坚定的,淹没；使泛滥；使充满；发水；闹水灾,指派；分配,大创内容组_senses_table_tem4 10.3.xlsx
ladrón,n,n/a,B1,1,,贼；强盗,,La policía atrapó al ladrón que había robado en la biblioteca.,警察抓住了在图书馆行窃的贼。,ladron_1.jpg,考试路径|B1|n,专四,仆人；佣人,致力于；投身于,十年；年代,大创内容组_senses_table_tem4 10.3.xlsx
laguna,n,f,B1,1,,池塘；小湖,,La laguna del campus está rodeada de juncos y es hábitat de patos y ranas.,校园里的小湖被芦苇环绕，是鸭子和青蛙的栖息地。,laguna_1.jpg,考试路径|B1|n,专四,正方形；方格,热烈的（欢迎/感情）,黎明；拂晓,大创内容组_senses_table_tem4 10.3.xlsx
lamentar,v,n/a,B1,1,,遗憾；惋惜；悲痛,,Lamento no poder asistir a la conferencia sobre literatura española.,我很遗憾不能参加关于西班牙文学的讲座。,lamentar_1.jpg,考试路径|B1|v,专四,前进；进展,圆盘；唱片,发条,大创内容组_senses_table_tem4 10.3.xlsx
lana,n,f,B1,1,,羊毛；毛线,,El jersey de lana es perfecto para los fríos inviernos de la sierra.,羊毛衫非常适合山区的寒冷冬天。,lana_1.jpg,考试路径|B1|n,专四,领导人；负责人,甘蔗,铭刻；登记；注册；报名,大创内容组_senses_table_tem4 10.3.xlsx
lancha,n,f,B1,1,,小船；救生艇,,La lancha salvavidas rescató a los estudiantes que se perdieron en el río.,救生艇救出了在河上迷路的学生们。,lancha_1.jpg,考试路径|B1|n,专四,火山,抱负；雄心；野心,详述；详细说明,大创内容组_senses_table_tem4 10.3.xlsx
lanzar,v,n/a,B1,1,,扔；抛；发射；发出,,El profesor lanzó una pregunta al aire y todos los estudiantes levantaron la mano.,老师抛出一个问题，所有学生都举起了手。,lanzar_1.jpg,考试路径|B1|v,专四,风景；景色；景观,应用；运用；实施,同义词,大创内容组_senses_table_tem4 10.3.xlsx
lanzarse,v,n/a,B1,1,,冲向；扑向；突然开始,,Los estudiantes se lanzaron a participar en el concurso de debate sin dudarlo.,学生们毫不犹豫地冲向参加辩论比赛。,lanzarse_1.jpg,考试路径|B1|v,专四,金属的；金属般的,剂量；用量,强盗；土匪；坏蛋,大创内容组_senses_table_tem4 10.3.xlsx
latinoamericano,n,n/a,B1,1,,拉丁美洲的；拉丁美洲人,,La literatura latinoamericana es una de las más ricas del mundo.,拉丁美洲文学是世界上最丰富的文学之一。,latinoamericano_1.jpg,考试路径|B1|n,专四,提供；贡献,查封；禁运,体面的；得体的,大创内容组_senses_table_tem4 10.3.xlsx
latir,v,n/a,B1,1,,跳动；搏动,,El corazón le latía muy rápido antes de entrar al examen oral de español.,进西班牙语口语考场前，他的心怦怦直跳。,latir_1.jpg,考试路径|B1|v,专四,大理石,鼓舞；激励,躲藏；隐藏,大创内容组_senses_table_tem4 10.3.xlsx
latitud,n,f,B1,1,,纬度,,España se encuentra en una latitud que le da un clima variado y agradable.,西班牙位于一个使其拥有多样宜人气候的纬度。,latitud_1.jpg,考试路径|B1|n,专四,调整焦距；聚焦,适应（搭配 a）,橱窗；玻璃柜,大创内容组_senses_table_tem4 10.3.xlsx
latín,n,m,B1,1,,拉丁语,,Muchas palabras del español moderno provienen del latín vulgar.,现代西班牙语的许多词汇来自民间拉丁语。,latin_1.jpg,考试路径|B1|n,专四,实验；试验；经历；体验,远的；遥远的；久远的,靶子；目标,大创内容组_senses_table_tem4 10.3.xlsx
lazo,n,m,B1,1,,联系；关系；纽带,,Existe un lazo muy fuerte entre los estudiantes que comparten el amor por el español.,对西班牙语有共同热爱的学生之间存在着非常牢固的纽带。,lazo_1.jpg,考试路径|B1|n,专四,拔；拔掉,改善；提高；进步,窄的；狭窄的,大创内容组_senses_table_tem4 10.3.xlsx
leal,adj,n/a,B1,1,,忠厚的；忠诚的；忠实的,,Los amigos leales se apoyan mutuamente en los momentos difíciles.,忠诚的朋友在困难时刻互相支持。,leal_1.jpg,考试路径|B1|adj,专四,宴会；酒宴,使消遣；使娱乐,实行；进行,大创内容组_senses_table_tem4 10.3.xlsx
lecho,n,m,B1,1,,床；河床,,El río bajaba con poca agua y el lecho estaba casi seco.,河水很少，河床几乎干涸。,lecho_1.jpg,考试路径|B1|n,专四,改善；提高；进步,瞬间；刹那,明显的,大创内容组_senses_table_tem4 10.3.xlsx
lector,n,n/a,B1,1,,读者,,El autor español tiene millones de lectores en todo el mundo.,这位西班牙作家在全世界有数百万读者。,lector_1.jpg,考试路径|B1|n,专四,浮现；露出,仆人；佣人,窄的；狭窄的,大创内容组_senses_table_tem4 10.3.xlsx
legal,adj,n/a,B1,1,,合法的；法定的,,Es legal trabajar a partir de los dieciséis años en España con autorización.,在西班牙，经授权年满十六岁工作才是合法的。,legal_1.jpg,考试路径|B1|adj,专四,剂量；用量,发票；账单,资产阶级,大创内容组_senses_table_tem4 10.3.xlsx
legumbre,n,f,B1,1,,豆类；蔬菜,,Las legumbres son una fuente importante de proteínas y fibra.,豆类是蛋白质和纤维的重要来源。,legumbre_1.jpg,考试路径|B1|n,专四,克服；超越；胜过,神父,样品；示范；样子；表示,大创内容组_senses_table_tem4 10.3.xlsx
legítimo,adj,n/a,B1,1,,合法的；正当的；真正的,,El equipo presentó una reclamación legítima ante el comité académico.,团队向学术委员会提出了正当的申诉。,legitimo_1.jpg,考试路径|B1|adj,专四,掌握；精通；统治,故障；损伤（设备/车辆）,假的；伪造的；虚伪的,大创内容组_senses_table_tem4 10.3.xlsx
lejano,adj,n/a,B1,1,,远的；遥远的；久远的,,El pueblo de mis abuelos está en un lugar lejano de la montaña.,我祖父母的村庄在山区一个遥远的地方。,lejano_1.jpg,考试路径|B1|adj,专四,沉淀,做买卖；做交易；谈判,实施；执行,大创内容组_senses_table_tem4 10.3.xlsx
lenguaje,n,m,B1,1,,语言；表达方式,,El lenguaje de la literatura es más complejo que el lenguaje cotidiano.,文学语言比日常语言更复杂。,lenguaje_1.jpg,考试路径|B1|n,专四,肥料,使适合；使协调,分开；分离,大创内容组_senses_table_tem4 10.3.xlsx
lente,n,n/a,B1,1,,透镜；镜片；眼镜,,El profesor limpió las lentes de sus gafas antes de empezar la clase.,老师在开始上课前擦了擦眼镜片。,lente_1.jpg,考试路径|B1|n,专四,资本主义的；资本家,衷心的；热情的,领袖；首领,大创内容组_senses_table_tem4 10.3.xlsx
lesión,n,f,B1,1,,损伤；创伤；损害；损失,,El jugador sufrió una lesión en la rodilla durante el partido de fútbol.,球员在足球比赛中膝盖受伤。,lesion_1.jpg,考试路径|B1|n,专四,时节；赛季；一段时期,撞倒；轧到（车辆）,道理；理智,大创内容组_senses_table_tem4 10.3.xlsx
letrero,n,m,B1,1,,指示牌；路标；招牌,,El letrero de la biblioteca indica que está abierta hasta las diez de la noche.,图书馆的指示牌显示开放到晚上十点。,letrero_1.jpg,考试路径|B1|n,专四,麻醉,成员,闪电,大创内容组_senses_table_tem4 10.3.xlsx
leve,adj,n/a,B1,1,,轻的；轻微的；微弱的,,El estudiante tiene una leve dificultad con la pronunciación de la «r» vibrante.,这名学生在发颤音“r”时有轻微的困难。,leve_1.jpg,考试路径|B1|adj,专四,标点；得分,摆脱；处理掉,议论文；散文式写作,大创内容组_senses_table_tem4 10.3.xlsx
leña,n,f,B1,1,,柴火,,"En invierno, los estudiantes traen leña para la chimenea de la residencia.",冬天，学生们带柴火来给宿舍壁炉用。,lena_1.jpg,考试路径|B1|n,专四,纤维,自治；自治权；自主；独立,证件；学生证,大创内容组_senses_table_tem4 10.3.xlsx
libertad,n,f,B1,1,,自由；无拘束,,La libertad de expresión es un derecho fundamental en las universidades.,言论自由是大学里的一项基本权利。,libertad_1.jpg,考试路径|B1|n,专四,公式；方案；配方,模子；模型；铸模；楷模,使狭小；使变窄,大创内容组_senses_table_tem4 10.3.xlsx
libra,n,f,B1,1,,磅（重量单位）；镑（货币单位）,,Compré una libra de café en la tienda de productos importados.,我在进口商品店买了一磅咖啡。,libra_1.jpg,考试路径|B1|n,专四,致力于；投身于,系主任；院长,握住（手）；使亲密,大创内容组_senses_table_tem4 10.3.xlsx
librar,n,n/a,B1,1,,解救；使摆脱；摆脱,,El esfuerzo de los estudiantes los libró de suspender el examen final.,学生们的努力使他们免于期末考试不及格。,librar_1.jpg,考试路径|B1|n,专四,人工的；人造的,能力；技能,隐藏；掩盖,大创内容组_senses_table_tem4 10.3.xlsx
licencia,n,f,B1,1,,准许；许可；许可证；执照,,Para conducir en España necesitas obtener la licencia de conducir.,在西班牙开车需要获得驾驶执照。,licencia_1.jpg,考试路径|B1|n,专四,拉长；延长,罪行；犯罪,勤劳的；勤勉的,大创内容组_senses_table_tem4 10.3.xlsx
licenciado,n,n/a,B1,1,,硕士；学士,,Mi profesora de español es licenciada en filología hispánica por la Universidad de Salamanca.,我的西班牙语老师是萨拉曼卡大学西班牙语语言文学专业的硕士。,licenciado_1.jpg,考试路径|B1|n,专四,侵略；侵犯；侵入,擦洗；刷洗,不公正的；不公平的；非正义的,大创内容组_senses_table_tem4 10.3.xlsx
licor,n,m,B1,1,,烈酒；烧酒,,"En la fiesta de fin de curso, algunos profesores brindaron con un licor típico español.",在期末派对上，一些老师用西班牙特色烈酒干杯。,licor_1.jpg,考试路径|B1|n,专四,上涨；涨价（尤指价格）,标点；得分,古物；古迹；古董,大创内容组_senses_table_tem4 10.3.xlsx
liga,n,f,B1,1,,团体；同盟；联赛,,La liga de debate de la universidad organiza competiciones cada semestre.,大学辩论联盟每学期组织比赛。,liga_1.jpg,考试路径|B1|n,专四,反义词,交换；互换,提交；交作业,大创内容组_senses_table_tem4 10.3.xlsx
ligero,n,n/a,B1,1,,轻的；轻快的；清淡的；迅速地,,Llevo una mochila ligera porque solo necesito un cuaderno y un bolígrafo.,我背了一个轻便的书包，因为只需要一个笔记本和一支笔。,ligero_1.jpg,考试路径|B1|n,专四,无关的；不相干的,哥斯达黎加的；哥斯达黎加人,晴朗的；无云的,大创内容组_senses_table_tem4 10.3.xlsx
limitar,n,n/a,B1,1,,划定界线；限定；接壤；只限于,,El profesor limitó el tiempo de la presentación a diez minutos por grupo.,老师把每组展示的时间限定为十分钟。,limitar_1.jpg,考试路径|B1|n,专四,振奋；鼓起劲来,包含；含有；容纳,啊哈（表示满意、赞同、惊讶等）,大创内容组_senses_table_tem4 10.3.xlsx
limosna,n,f,B1,1,,施舍,,El estudiante dio una limosna al mendigo que estaba cerca de la universidad.,这名学生给大学附近的乞丐施舍了一些钱。,limosna_1.jpg,考试路径|B1|n,专四,议员；代表,专门的；唯一的；排他的,幻灯片,大创内容组_senses_table_tem4 10.3.xlsx
lineal,adj,n/a,B1,1,,线的；线形的,,El profesor dibujó un gráfico lineal para mostrar el progreso de los estudiantes.,老师画了一个线形图来展示学生们的进步。,lineal_1.jpg,考试路径|B1|adj,专四,怪物；巨物；凶恶的人,吸入（空气、气体等）,神经,大创内容组_senses_table_tem4 10.3.xlsx
literario,adj,n/a,B1,1,,文学的,,El análisis literario de la novela requiere conocer el contexto histórico.,对这部小说的文学分析需要了解历史背景。,literario_1.jpg,考试路径|B1|adj,专四,砖；砖状物,使分离；取下,主题；情节（文学/电影）,大创内容组_senses_table_tem4 10.3.xlsx
literatura,n,f,B1,1,,文学；文学作品,,La literatura hispanoamericana tiene autores muy famosos como Gabriel García Márquez.,拉美文学有很多像加西亚・马尔克斯这样非常有名的作家。,literatura_1.jpg,考试路径|B1|n,专四,电流,留宿；接纳住宿,比较；对比；对照,大创内容组_senses_table_tem4 7.18.xlsx
llama,n,f,B1,1,,火焰,,La llama de la vela iluminaba la mesa de estudio del estudiante.,蜡烛的火焰照亮了学生的书桌。,llama_1.jpg,考试路径|B1|n,专四,通知；公布,先前的；祖先,假的；伪造的；虚伪的,大创内容组_senses_table_tem4 10.3.xlsx
llano,n,n/a,B1,1,,平的；平坦的；平原,,El terreno llano es ideal para construir el nuevo campus universitario.,平坦的地形是建造新大学校园的理想场所。,llano_1.jpg,考试路径|B1|n,专四,指派；分配,开始；开创,金属的；金属般的,大创内容组_senses_table_tem4 10.3.xlsx
llanto,n,m,B1,1,,哭；哭泣,,El llanto del bebé despertó a todos en la residencia de estudiantes.,婴儿的哭声吵醒了宿舍里的所有人。,llanto_1.jpg,考试路径|B1|n,专四,轻的；轻微的；微弱的,碾磨机；磨坊；作坊；工厂,相互的,大创内容组_senses_table_tem4 10.3.xlsx
llanura,n,f,B1,1,,平原；平地,,La llanura castellana es famosa por sus extensos campos de trigo.,卡斯蒂利亚平原以其广阔的麦田而闻名。,llanura_1.jpg,考试路径|B1|n,专四,擦洗；刷洗,人物；角色；名人,公的；雄的；雄性动物,大创内容组_senses_table_tem4 10.3.xlsx
llave,n,f,B1,2,,扳手；开关,,El fontanero usó una llave inglesa para arreglar la tubería de la cocina del piso.,管道工用了一把活动扳手来修理公寓厨房的水管。,llave_2.jpg,考试路径|B1|n,专四,剑,需求；要求；请求,使有力；激励,大创内容组_senses_table_tem4 7.19.xlsx
llegar,v,n/a,B1,2,,达到；达成；够到,,La temperatura de hoy puede llegar a los treinta y cinco grados centígrados.,今天的气温可能达到三十五摄氏度。,llegar_2.jpg,考试路径|B1|v,专四,智力的；脑力的；精神上的；知识分子,不同的；各种各样的,活跃的；动态的,大创内容组_senses_table_tem4 7.17.xlsx
llovizna,n,f,B1,1,,细雨；毛毛雨,,La llovizna fina moja la ropa sin que te des cuenta si no llevas paraguas.,细雨蒙蒙，如果不打伞会在不知不觉中把衣服打湿。,llovizna_1.jpg,考试路径|B1|n,专四,浓密的；稠密的,人口；居民；种群,埋；埋葬；藏匿,大创内容组_senses_table_tem4 7.20.xlsx
local,n,n/a,B1,1,,当地的；地方性的；局部的；地点；场所,,Los estudiantes visitaron un mercado local para practicar español con los vendedores.,学生们参观了一个当地市场，与商贩练习西班牙语。,local_1.jpg,考试路径|B1|n,专四,工程师,辱骂；侮辱,概念；观念；理念,大创内容组_senses_table_tem4 10.3.xlsx
localizar,n,n/a,B1,1,,确定位置；找到；位于,,El estudiante localizó rápidamente el libro que necesitaba en la biblioteca.,这名学生很快在图书馆找到了他需要的书。,localizar_1.jpg,考试路径|B1|n,专四,贷款；信用证（财经）,优雅的；高雅的；华丽的,进入；加入,大创内容组_senses_table_tem4 10.3.xlsx
loco,n,n/a,B1,1,,精神错乱的；发疯的；狂热的；疯子,,El estudiante está loco por aprender todos los verbos irregulares del español.,这名学生疯狂地想要学会西班牙语所有的不规则动词。,loco_1.jpg,考试路径|B1|n,专四,使下决心,下载（文件）,修理；维修,大创内容组_senses_table_tem4 10.3.xlsx
lodo,n,m,B1,1,,淤泥；烂泥,,"Después de la lluvia, los estudiantes tuvieron que caminar entre el lodo para llegar a clase.",雨后，学生们不得不踩着烂泥去上课。,lodo_1.jpg,考试路径|B1|n,专四,喂养；供给食物,牢固性；坚定；坚决,策略,大创内容组_senses_table_tem4 10.3.xlsx
lograr,v,n/a,B1,1,,实现；完成目标,,Logramos finalizar el trabajo grupal antes del plazo límite.,我们赶在截止日前完成小组报告。,lograr_1.jpg,考试路径|B1|v,专四,标点；得分,戏剧；话剧,优惠；促销,大创内容组_senses_table_tem4 7.19.xlsx
lomo,n,m,B1,1,,脊背；背部,,El atleta sintió un dolor en el lomo después de cargar tantas cajas en la mudanza.,运动员在搬家搬了那么多箱子后感到背部疼痛。,lomo_1.jpg,考试路径|B1|n,专四,危机；拮据；困难时期,资产阶级,扮演（角色）,大创内容组_senses_table_tem4 10.3.xlsx
longitud,n,f,B1,1,,长；长度,,La longitud de la piscina olímpica es de cincuenta metros exactos.,奥运泳池的长度正好是五十米。,longitud_1.jpg,考试路径|B1|n,专四,辩论；讨论,青年的；年轻人的,阴天的；多云的,大创内容组_senses_table_tem4 10.3.xlsx
longitud,n,f,B1,2,,经度,,Para localizar un punto en el mapa necesitas conocer su latitud y su longitud.,要在地图上定位一个点，你需要知道它的纬度和经度。,longitud_2.jpg,考试路径|B1|n,专四,陈旧的；过时的,资产阶级,哭；哭泣,大创内容组_senses_table_tem4 10.3.xlsx
lote,n,m,B1,1,,份；份额；批；堆,,La universidad recibió un lote de libros nuevos para la biblioteca.,大学收到了一批新书供图书馆使用。,lote_1.jpg,考试路径|B1|n,专四,奇迹；奇事；怪事,先生（尊称）,古老；古代（历史时期）,大创内容组_senses_table_tem4 10.3.xlsx
lotería,n,f,B1,1,,彩票,,Compró un billete de lotería con la esperanza de pagar sus estudios.,他买了一张彩票，希望能支付自己的学费。,loteria_1.jpg,考试路径|B1|n,专四,注视；凝视,纪律,议员；代表,大创内容组_senses_table_tem4 10.3.xlsx
luchar,v,n/a,B1,1,,斗争；战斗；搏斗,,Los estudiantes luchan por conseguir becas para estudiar en el extranjero.,学生们为获得出国留学奖学金而奋斗。,luchar_1.jpg,考试路径|B1|v,专四,商品；货物,靠近；走近,联系；关系；纽带,大创内容组_senses_table_tem4 10.3.xlsx
lucir,v,n/a,B1,1,,发光；发亮；出众,,El sol luce con fuerza en el campus durante los meses de primavera.,春天，校园里阳光灿烂。,lucir_1.jpg,考试路径|B1|v,专四,青年的；年轻人的,小教堂；礼拜堂,世纪,大创内容组_senses_table_tem4 10.3.xlsx
lucir,n,n/a,B1,2,,照耀；炫耀；精心打扮,,La estudiante lució su nuevo vestido en la fiesta de fin de curso.,这名学生在期末派对上炫耀了她的新裙子。,lucir_2.jpg,考试路径|B1|n,专四,边；岸；边缘,核对；查验,汇入；流入（河流）,大创内容组_senses_table_tem4 10.3.xlsx
lujo,n,m,B1,1,,豪华；奢侈；排场,,"Para muchos estudiantes, viajar al extranjero es un lujo que no pueden permitirse.",对许多学生来说，出国旅行是他们负担不起的奢侈。,lujo_1.jpg,考试路径|B1|n,专四,假装；伪造,混乱；混沌,营地；露营,大创内容组_senses_table_tem4 10.3.xlsx
lumbre,n,f,B1,1,,火光；灯光；光芒,,La lumbre de la chimenea iluminaba la sala de estudio de la residencia.,壁炉的火光照亮了宿舍的自习室。,lumbre_1.jpg,考试路径|B1|n,专四,陈旧的；过时的,有礼貌的；彬彬有礼的,凭空想象的；极好的,大创内容组_senses_table_tem4 10.3.xlsx
luto,n,m,B1,1,,哀悼；举丧；丧服；哀伤,,La universidad declaró un día de luto por el fallecimiento del profesor emérito.,大学宣布为名誉教授的逝世哀悼一天。,luto_1.jpg,考试路径|B1|n,专四,武装；装备,低语；轻声说话,小册子,大创内容组_senses_table_tem4 10.3.xlsx
lágrima,n,f,B1,1,,眼泪,,Una lágrima rodó por su mejilla cuando escuchó la noticia del fallecimiento del poeta.,听到诗人去世的消息时，一滴眼泪从她脸颊滑落。,lagrima_1.jpg,考试路径|B1|n,专四,档案；档案馆,直径,外地的；外来的；外地人,大创内容组_senses_table_tem4 10.3.xlsx
lámina,n,f,B1,1,,薄板；薄片,,El profesor mostró una lámina con la conjugación de los verbos irregulares.,老师展示了一张带有不规则动词变位的挂图。,lamina_1.jpg,考试路径|B1|n,专四,神；上帝,同情；遗憾；可惜；不幸,当地的；地方性的；局部的；地点；场所,大创内容组_senses_table_tem4 10.3.xlsx
lástima,n,f,B1,1,,同情；遗憾；可惜；不幸,,Es una lástima que no puedas venir a la fiesta de fin de curso.,你不能来参加期末派对真是遗憾。,lastima_1.jpg,考试路径|B1|n,专四,管乐队；军乐队,奶油；猪油；脂肪,平衡；均势,大创内容组_senses_table_tem4 10.3.xlsx
líder,n,n/a,B1,1,,领袖；首领,,El líder del grupo de estudio organizó todas las sesiones de repaso.,学习小组的组长组织了所有的复习课。,lider_1.jpg,考试路径|B1|n,专四,停放（车辆）,劳动；工作,居于首位；领头,大创内容组_senses_table_tem4 10.3.xlsx
líquido,n,n/a,B1,1,,液体的；液态的；流动的；液体,,El agua es el líquido más importante para la vida en el planeta.,水是地球上生命最重要的液体。,liquido_1.jpg,考试路径|B1|n,专四,邻接的；立即的；即刻的,感染；传染；不良影响,咀嚼,大创内容组_senses_table_tem4 10.3.xlsx
lógico,n,n/a,B1,1,,合乎逻辑的；理所当然的；逻辑；逻辑学,,Es lógico que los estudiantes practiquen español todos los días para mejorar.,学生们每天练习西班牙语以提高水平是合乎逻辑的。,logico_1.jpg,考试路径|B1|n,专四,陪同者；同行人,起飞,注意；倾听；考虑,大创内容组_senses_table_tem4 10.3.xlsx
machete,n,m,B1,1,,砍刀；大刀,,Los campesinos usan el machete para cortar la caña de azúcar en el campo.,农民们用砍刀在田里砍甘蔗。,machete_1.jpg,考试路径|B1|n,专四,阐述；陈述；展览,规模；比例,辣的；辛辣的,大创内容组_senses_table_tem4 10.3.xlsx
macho,n,n/a,B1,1,,公的；雄的；雄性动物,,El macho del león es el encargado de proteger a la manada en la sabana.,雄狮负责保护草原上的狮群。,macho_1.jpg,考试路径|B1|n,专四,料想；自行脑补,矿；矿山；矿井,传统,大创内容组_senses_table_tem4 10.3.xlsx
madrina,n,f,B1,1,,教母；女傧相,,Mi madrina me regaló un diccionario de español cuando entré en la universidad.,我教母在我进大学时送了我一本西班牙语词典。,madrina_1.jpg,考试路径|B1|n,专四,离开；走开,麻烦；打扰；使厌烦；妨碍；费事；生气,靠近；走近,大创内容组_senses_table_tem4 10.3.xlsx
madrugada,n,f,B1,1,,黎明；拂晓,,Los estudiantes estudiaron hasta la madrugada para preparar el examen final.,学生们学习到凌晨以准备期末考试。,madrugada_1.jpg,考试路径|B1|n,专四,魔鬼；恶魔；淘气鬼,工业；产业；行业,通知；获悉,大创内容组_senses_table_tem4 10.3.xlsx
madurez,n,f,B1,1,,成熟；成年,,"La madurez no siempre llega con la edad, sino con las experiencias vividas.",成熟并不总是随年龄而来，而是随经历而来。,madurez_1.jpg,考试路径|B1|n,专四,策略,满足（需求/费用）,与…相比；相较于,大创内容组_senses_table_tem4 10.3.xlsx
magia,n,f,B1,1,,魔法；魔术；魔力；魅力,,La magia de la literatura hispanoamericana cautiva a lectores de todo el mundo.,拉美文学的魅力吸引着全世界的读者。,magia_1.jpg,考试路径|B1|n,专四,外表；神态；样子,直接的；直的,腐烂；变质,大创内容组_senses_table_tem4 10.3.xlsx
majestad,n,f,B1,1,,威严；威武；陛下,,Su Majestad el Rey inauguró el nuevo curso académico en la universidad.,国王陛下在大学为新学年揭幕。,majestad_1.jpg,考试路径|B1|n,专四,大陆；洲,有效的,勇气；胆量,大创内容组_senses_table_tem4 10.3.xlsx
mancha,n,f,B1,1,,污渍；斑点；污点,,El estudiante limpió la mancha de tinta que había dejado en la mesa de la biblioteca.,这名学生擦掉了留在图书馆桌子上的墨渍。,mancha_1.jpg,考试路径|B1|n,专四,驱逐；逐出；排出,召集；召开,工资；薪水,大创内容组_senses_table_tem4 10.3.xlsx
mandar,v,n/a,B1,2,,管理；治理；统治,,El rector manda en la universidad y toma las decisiones más importantes.,校长管理大学并做出最重要的决定。,mandar_2.jpg,考试路径|B1|v,专四,计算（数学）,观赏；欣赏,模子；模型；铸模；楷模,大创内容组_senses_table_tem4 10.3.xlsx
manejar,n,n/a,B1,1,,掌握；使用；管理；操纵；处事；设法对付,,El estudiante maneja muy bien el español y también puede hablar inglés.,这名学生西班牙语掌握得很好，也会说英语。,manejar_1.jpg,考试路径|B1|n,专四,形成；构成；培养；成长,大陆；洲,终有一死的；致命的；凡人,大创内容组_senses_table_tem4 10.3.xlsx
manifestar,n,n/a,B1,1,,声明；宣布；表示；显示；游行；发表意见,,Los estudiantes manifestaron su apoyo a la nueva biblioteca con una firma colectiva.,学生们通过集体签名表达了对新图书馆的支持。,manifestar_1.jpg,考试路径|B1|n,专四,居于首位；领头,排除；消灭；淘汰；排出,淹没；使泛滥；使充满；发水；闹水灾,大创内容组_senses_table_tem4 10.3.xlsx
manta,n,f,B1,1,,毯子；被子；披风,,"En invierno, los estudiantes usan una manta gruesa para estudiar en la residencia.",冬天，学生们在宿舍学习时用厚毯子保暖。,manta_1.jpg,考试路径|B1|n,专四,贫穷；不幸；苦难,引用；约见；传唤,雕塑；雕像,大创内容组_senses_table_tem4 10.3.xlsx
manteca,n,f,B1,1,,奶油；猪油；脂肪,,La manteca de cerdo se usa en algunas recetas tradicionales españolas.,猪油在一些西班牙传统食谱中会用到。,manteca_1.jpg,考试路径|B1|n,专四,青年的；年轻人的,痊愈,锻造；建造；锻炼；建立,大创内容组_senses_table_tem4 10.3.xlsx
manual,n,n/a,B1,1,,手工的；体力的；教科书；手册,,El manual de gramática española incluye ejercicios prácticos y ejemplos claros.,这本西班牙语语法手册包含实用练习和清晰例句。,manual_1.jpg,考试路径|B1|n,专四,走神；分心,感动；激动,牢固性；坚定；坚决,大创内容组_senses_table_tem4 10.3.xlsx
maquinaria,n,f,B1,1,,机械设备；机械；机件,,La maquinaria de la fábrica necesita mantenimiento cada seis meses.,工厂的机械设备每半年需要维护一次。,maquinaria_1.jpg,考试路径|B1|n,专四,实现；完成目标,编年史；记录,偶然；运气；意外；不幸；灾祸,大创内容组_senses_table_tem4 10.3.xlsx
maravilla,n,f,B1,1,,奇事；奇迹；奇观；惊奇,,La Alhambra de Granada es una maravilla de la arquitectura hispanoárabe.,格拉纳达的阿尔罕布拉宫是西班牙阿拉伯建筑的奇迹。,maravilla_1.jpg,考试路径|B1|n,专四,斗争；战斗；搏斗,陆军上校,细雨；毛毛雨,大创内容组_senses_table_tem4 10.3.xlsx
marcar,n,n/a,B1,1,,做记号；标出；拨号；得分,,El profesor marcó con rojo los errores más comunes en los ensayos de los estudiantes.,老师用红色标出了学生们论文中最常见的错误。,marcar_1.jpg,考试路径|B1|n,专四,思考；反思；沉思,平原；平地,撞倒；轧到（车辆）,大创内容组_senses_table_tem4 10.3.xlsx
marcha,n,f,B1,1,,行走；行军；出发；进展,,La marcha de los estudiantes hacia la biblioteca fue tranquila y ordenada.,学生们向图书馆行进的过程安静而有序。,marcha_1.jpg,考试路径|B1|n,专四,聊天；闲谈,同事；同僚,有雄心的；野心勃勃的,大创内容组_senses_table_tem4 10.3.xlsx
marchar,n,n/a,B1,1,,走；行军；运转；进展；离开,,Los estudiantes marcharon del campus después de la ceremonia de graduación.,学生们在毕业典礼后离开了校园。,marchar_1.jpg,考试路径|B1|n,专四,拮据；经济困难,下载（文件）,纲要；简图；轮廓框架,大创内容组_senses_table_tem4 10.3.xlsx
marco,n,m,B1,1,,框；框架；范围；范畴,,El profesor puso el mapa de España en un marco de madera para el aula.,老师把西班牙地图装进一个木框里挂在教室。,marco_1.jpg,考试路径|B1|n,专四,满足（需求/费用）,买主；顾客,过多的；过度的,大创内容组_senses_table_tem4 10.3.xlsx
margen,n,n/a,B1,1,,边；岸；边缘,,El profesor escribió comentarios en el margen del ensayo de cada estudiante.,老师在每个学生论文的页边空白处写了评语。,margen_1.jpg,考试路径|B1|n,专四,确信；确保（自己）,议论文；散文式写作,传记,大创内容组_senses_table_tem4 10.3.xlsx
marinero,n,m,B1,1,,水手；海员,,El marinero contó historias fascinantes sobre sus viajes por el océano Atlántico.,水手讲述了他在大西洋航行的迷人故事。,marinero_1.jpg,考试路径|B1|n,专四,褐色的；皮肤黝黑的；黑人,小伙子；年轻姑娘,松的；不结实的；没劲儿的,大创内容组_senses_table_tem4 10.3.xlsx
marino,adj,n/a,B1,1,,海的；海洋的,,El ecosistema marino es fundamental para la salud del planeta.,海洋生态系统对地球的健康至关重要。,marino_1.jpg,考试路径|B1|adj,专四,指派；分配,脱离；孤立,端头的；极端的；末端；尽头；极端,大创内容组_senses_table_tem4 10.3.xlsx
marisco,n,m,B1,1,,海贝；海鲜,,La paella valenciana lleva mariscos frescos como gambas y mejillones.,瓦伦西亚海鲜饭里有虾和贻贝等新鲜海鲜。,marisco_1.jpg,考试路径|B1|n,专四,世纪,（大学）学院,暴风雨；风暴,大创内容组_senses_table_tem4 10.3.xlsx
marítimo,adj,n/a,B1,1,,海洋的；滨海的；靠海的,,El transporte marítimo es esencial para el comercio internacional.,海上运输对国际贸易至关重要。,maritimo_1.jpg,考试路径|B1|adj,专四,驱散；消除,形成；构成；培养；成长,咬；咬住；磨损；消耗,大创内容组_senses_table_tem4 10.3.xlsx
masa,n,f,B1,1,,面团；人群；群众,,La masa del pan debe reposar antes de meterla en el horno.,面包面团在放入烤箱前需要静置。,masa_1.jpg,考试路径|B1|n,专四,投入（资本）；花费（时间）,体育场；运动场,使下决心,大创内容组_senses_table_tem4 10.3.xlsx
masticar,v,n/a,B1,1,,咀嚼,,Es importante masticar bien la comida para facilitar la digestión.,充分咀嚼食物很重要，有助于消化。,masticar_1.jpg,考试路径|B1|v,专四,那个；那件事（中性）,频道（电视/广播）,优点；功劳；功绩,大创内容组_senses_table_tem4 7.20.xlsx
matar,n,n/a,B1,1,,杀死；弄死；折磨；自杀,,El estrés puede matar lentamente si no se toman medidas a tiempo.,如果不及时采取措施，压力可能会慢慢杀死人。,matar_1.jpg,考试路径|B1|n,专四,浮现；露出,工业；产业；行业,爬；爬行,大创内容组_senses_table_tem4 10.3.xlsx
materia,n,f,B1,2,,材料；物质,,El profesor trajo distintos tipos de materia para ilustrar el experimento de química.,老师带来了不同类型的材料来说明化学实验。,materia_2.jpg,考试路径|B1|n,专四,用于；指定用途,群；伙；帮（人员团伙）,选择；挑选；选举,大创内容组_senses_table_tem4 7.19.xlsx
material,n,n/a,B1,1,,物质的；实体的；材料；原料,,Necesitamos más material didáctico para las clases de español.,我们需要更多西班牙语课程的教学材料。,material_1.jpg,考试路径|B1|n,专四,记者；新闻工作者,拉丁美洲的；拉丁美洲人,首要的；根本的,大创内容组_senses_table_tem4 10.3.xlsx
matricular,v,n/a,B1,1,,注册；招收；登记学籍,,La secretaría de la universidad va a matricular a los nuevos estudiantes internacionales durante esta semana.,大学秘书处将在本周内为新的国际学生登记入学学籍。,matricular_1.jpg,考试路径|B1|v,专四,拼写,舞台；场景,落后的；迟缓的,大创内容组_senses_table_tem4 7.16.xlsx
matrimonio,n,m,B1,1,,婚姻；结婚；夫妻,,El matrimonio entre culturas diferentes puede enriquecer a ambas partes.,不同文化之间的婚姻可以使双方都变得丰富。,matrimonio_1.jpg,考试路径|B1|n,专四,带子；带状物,保卫；保护；辩护,检查；审查,大创内容组_senses_table_tem4 10.3.xlsx
mayoría,n,f,B1,1,,大多数；大部分；多数派,,La mayoría de los estudiantes prefiere estudiar en la biblioteca.,大多数学生更喜欢在图书馆学习。,mayoria_1.jpg,考试路径|B1|n,专四,国际的；世界的；国际歌,锦标赛；冠军赛,做买卖；做交易；谈判,大创内容组_senses_table_tem4 10.3.xlsx
mecanismo,n,m,B1,1,,机械装置；结构；机制,,El mecanismo de relojería es muy complejo y requiere precisión.,钟表的机械装置非常复杂，需要精确度。,mecanismo_1.jpg,考试路径|B1|n,专四,豆类；蔬菜,武装；装备,照耀；炫耀；精心打扮,大创内容组_senses_table_tem4 10.3.xlsx
mecánico,n,n/a,B1,1,,力学的；机械的；技工；机械师,,El estudiante de ingeniería mecánica reparó la máquina del laboratorio.,机械工程专业的学生修理了实验室的机器。,mecanico_1.jpg,考试路径|B1|n,专四,直径,国家；州,隐藏；隐瞒,大创内容组_senses_table_tem4 10.3.xlsx
mediado,adj,n/a,B1,1,,一半的,,"A mediados de septiembre, los estudiantes vuelven a la universidad.",九月中旬，学生们返回大学。,mediado_1.jpg,考试路径|B1|adj,专四,领导人；负责人,义务；责任；职责,调查；查明,大创内容组_senses_table_tem4 10.3.xlsx
mediano,adj,n/a,B1,1,,中等的；中间的；一般的,,"El estudiante tiene un nivel mediano de español, pero quiere mejorar.",这名学生的西班牙语水平中等，但他想提高。,mediano_1.jpg,考试路径|B1|adj,专四,放弃；停止,陈旧的；过时的,标本；样品,大创内容组_senses_table_tem4 10.3.xlsx
mediante,adv,n/a,B1,1,,借助；通过；利用,,Los estudiantes aprenden español mediante la práctica diaria y la conversación.,学生们通过日常练习和会话学习西班牙语。,mediante_1.jpg,考试路径|B1|adv,专四,代表,隔离；隔绝,浓密的；稠密的,大创内容组_senses_table_tem4 10.3.xlsx
medicamento,n,m,B1,1,,药品（总称）,,El médico recomendó un medicamento para aliviar el dolor de cabeza.,医生推荐了一种缓解头痛的药品。,medicamento_1.jpg,考试路径|B1|n,专四,查封；禁运,语音的；语音学,小教堂；礼拜堂,大创内容组_senses_table_tem4 10.3.xlsx
medición,n,f,B1,1,,测量；计量；量度,,La medición del nivel de español se realiza mediante un examen estandarizado.,西班牙语水平的测量通过标准化考试进行。,medicion_1.jpg,考试路径|B1|n,专四,恐惧；惊慌,振奋；鼓起劲来,管乐队；军乐队,大创内容组_senses_table_tem4 10.3.xlsx
medida,n,f,B1,1,,量度；尺寸；比例；措施,,La universidad tomó medidas para mejorar la seguridad en el campus.,大学采取措施改善校园安全。,medida_1.jpg,考试路径|B1|n,专四,精神上的；心灵的,犯罪；罪行,匮乏；不足,大创内容组_senses_table_tem4 10.3.xlsx
medio ambiente,n,m,B1,1,,环境；生态环境,,En el debate hablamos del medio ambiente y de cómo reducir el plástico en la vida cotidiana.,辩论中我们谈了生态环境，以及如何在日常生活中减少塑料。,medio_ambiente_1.jpg,考试路径|B1|n,专四,修道院；寺院,舞台,合适的；方便的,大创内容组_senses_table_tem4_with_images.xlsx
medir,n,n/a,B1,1,,量；测量；达到；衡量；斟酌；较量；有分寸,,El profesor midió el tiempo de la presentación para que no se extendiera demasiado.,老师测量了展示的时间，以免它太长。,medir_1.jpg,考试路径|B1|n,专四,指派；分配,口译；阐释；理解,衷心的；热情的,大创内容组_senses_table_tem4 10.3.xlsx
meditar,v,n/a,B1,1,,思考；沉思,,Es bueno meditar antes de tomar una decisión importante sobre los estudios.,在做出关于学业的重要决定之前，思考一下是好的。,meditar_1.jpg,考试路径|B1|v,专四,语言；表达方式,拍照,策划；组织；安排（事件、活动）,大创内容组_senses_table_tem4 10.3.xlsx
mediterráneo,n,n/a,B1,1,,地中海的；地中海,,El clima mediterráneo es suave y agradable para estudiar al aire libre.,地中海气候温和宜人，适合户外学习。,mediterraneo_1.jpg,考试路径|B1|n,专四,失败；失利；挫折,舒适；方便,困境；窘境,大创内容组_senses_table_tem4 10.3.xlsx
mejorar,v,n/a,B1,1,,改善；提高；进步,,"Para mejorar tu comprensión auditiva, escucha podcasts en español todos los días.",为了提高你的听力理解能力，每天听西语播客。,mejorar_1.jpg,考试路径|B1|v,专四,使分离；取下,消遣；娱乐,辅助的；助手；救助,大创内容组_senses_table_tem4 7.19.xlsx
memoria,n,f,B1,1,,记性；记忆力；记忆；纪念,,"La memoria es fundamental para aprender un idioma, pero la práctica también importa.",记忆力对学习语言很重要，但练习也很重要。,memoria_1.jpg,考试路径|B1|n,专四,薄板；薄片,指派；分配,采访；面试,大创内容组_senses_table_tem4 10.3.xlsx
memorizar,v,n/a,B1,1,,背诵；记住；熟记,,No es suficiente memorizar de memoria las palabras si no sabes cómo usarlas en un contexto real.,如果你不知道如何在实际语境中使用单词，光靠死记硬背记住它们是不够的。,memorizar_1.jpg,考试路径|B1|v,专四,确定位置；找到；位于,认为…是自己的；自认为,薄板；薄片,大创内容组_senses_table_tem4 7.16.xlsx
mencionar,v,n/a,B1,1,,提及；提到,,El autor menciona varios poetas hispanoamericanos en el primer capítulo de su ensayo.,作者在论文的第一章中提到了多位拉美诗人。,mencionar_1.jpg,考试路径|B1|v,专四,卡片,轮到；该（某人）,不同的；各种各样的,大创内容组_senses_table_tem4 7.20.xlsx
mendigo,n,n/a,B1,1,,乞丐,,El estudiante le dio una moneda al mendigo que estaba en la esquina.,这名学生给了街角的乞丐一枚硬币。,mendigo_1.jpg,考试路径|B1|n,专四,出席者；参加者,部；内阁；部长会议,移动；挪动,大创内容组_senses_table_tem4 10.3.xlsx
mensual,adj,n/a,B1,1,,按月的；每月的,,Los estudiantes deben pagar una cuota mensual para usar el gimnasio.,学生们必须支付月费才能使用健身房。,mensual_1.jpg,考试路径|B1|adj,专四,欣赏；观赏,通行费；路费,外交的；外交官,大创内容组_senses_table_tem4 10.3.xlsx
mental,adj,n/a,B1,1,,智力的；脑力的；思想上的,,La salud mental es tan importante como la salud física para los estudiantes.,对学生来说，心理健康和身体健康一样重要。,mental_1.jpg,考试路径|B1|adj,专四,规模；比例,辅助的；助手；救助,签名；签字,大创内容组_senses_table_tem4 10.3.xlsx
mente,n,f,B1,1,,智力；头脑；思想,,La mente humana es capaz de aprender varios idiomas al mismo tiempo.,人类的大脑能够同时学习多种语言。,mente_1.jpg,考试路径|B1|n,专四,材料；物质,建造；建设,强烈的；剧烈的；紧张的,大创内容组_senses_table_tem4 10.3.xlsx
mentira,n,f,B1,1,,谎言；杜撰；假象,,No debes decir mentiras en tu ensayo; debes citar fuentes reales.,你不应该在论文中说谎；应该引用真实来源。,mentira_1.jpg,考试路径|B1|n,专四,飞行员；驾驶员,船长；上尉,使分心；打扰,大创内容组_senses_table_tem4 10.3.xlsx
mercancía,n,f,B1,1,,商品；货物,,La mercancía llegó al puerto en grandes contenedores desde Asia.,货物用大型集装箱从亚洲运抵港口。,mercancia_1.jpg,考试路径|B1|n,专四,他（她/它）的；他（她/它）们的,膨胀；通货膨胀,相反的；对面的；对立的,大创内容组_senses_table_tem4 10.3.xlsx
merecer,v,n/a,B1,1,,值得；配得上,,Mereces una buena nota por todo el esfuerzo en el trabajo grupal.,你为小组作业付出这么多，值得高分。,merecer_1.jpg,考试路径|B1|v,专四,拔；拔掉,匮乏；不足,带子；带状物,大创内容组_senses_table_tem4 7.19.xlsx
merecerse,v,n/a,B1,1,,理应得到（自复强调）,,Me merezco un descanso después de tantas horas de repaso.,复习这么久，我理应休息一下。,merecerse_1.jpg,考试路径|B1|v,专四,产业；田产；庄园,美学的；美的,分解,大创内容组_senses_table_tem4 7.19.xlsx
merendar,v,n/a,B1,1,,吃点心；吃下午茶,,Los niños meriendan un bocadillo y un zumo cuando salen del colegio.,孩子们放学后吃一个三明治、喝一杯果汁当下午茶。,merendar_1.jpg,考试路径|B1|v,专四,耽搁；使延迟,提交；交作业,振奋；鼓起劲来,大创内容组_senses_table_tem4 7.20.xlsx
meta,n,f,B1,1,,终点,,El corredor cruzó la meta en primer lugar y ganó la medalla de oro.,赛跑者第一个冲过终点线，赢得了金牌。,meta_1.jpg,考试路径|B1|n,专四,实习；见习,使协调；协调,一半的,大创内容组_senses_table_tem4 10.3.xlsx
meta,n,f,B1,2,,目标；目的,,Mi meta este año es aprender trescientas palabras nuevas en español.,我今年的目标是学会三百个西班牙语新单词。,meta_2.jpg,考试路径|B1|n,专四,不公正；不合理；不公道,轴（机器）；桅（船）,陆军上校,大创内容组_senses_table_tem4 10.3.xlsx
meter,v,n/a,B1,2,,使卷入；牵扯,,No me metas en los problemas que no son míos.,别把我牵扯进不属于我的麻烦里。,meter_2.jpg,考试路径|B1|v,专四,禁止；不许,接待；服务；照料；照顾,推断出；得出结论,大创内容组_senses_table_tem4 7.19.xlsx
metálico,adj,n/a,B1,1,,金属的；金属般的,,La puerta metálica de la biblioteca hace mucho ruido al cerrarse.,图书馆的金属门关上时发出很大的声音。,metalico_1.jpg,考试路径|B1|adj,专四,有弹性的,材料；物质,本质；实质,大创内容组_senses_table_tem4 10.3.xlsx
mezclar,v,n/a,B1,1,,混合；搭配,,No mezcles temas distintos en el mismo párrafo.,不要在同一个段落混合不同主题。,mezclar_1.jpg,考试路径|B1|v,专四,最深处的；内心的；亲密的,领域；范围；面积（数学/几何）,麻烦；打扰；使厌烦；妨碍；费事；生气,大创内容组_senses_table_tem4 7.19.xlsx
miembro,n,m,B1,1,,成员,,Todos los miembros del club de español participaron en la obra de teatro.,西班牙语俱乐部的所有成员都参加了戏剧演出。,miembro_1.jpg,考试路径|B1|n,专四,哭；哭泣,文学的,窄的；狭窄的,大创内容组_senses_table_tem4 10.3.xlsx
miembro,n,m,B1,2,,肢体；部分,,El brazo es un miembro superior del cuerpo humano.,手臂是人体上肢的一部分。,miembro_2.jpg,考试路径|B1|n,专四,环境；生态环境,英里；海里,暴风雪；大风雪,大创内容组_senses_table_tem4 10.3.xlsx
milagro,n,m,B1,1,,奇迹；奇事；怪事,,Aprobar el examen sin estudiar fue un milagro que no volverá a repetirse.,没学习就通过考试是个不会再发生的奇迹。,milagro_1.jpg,考试路径|B1|n,专四,突然的；粗鲁的,航行；航海,通知；告诉；打听；获悉,大创内容组_senses_table_tem4 10.3.xlsx
militar,n,n/a,B1,1,,军事的；军队的；军人,,El servicio militar es voluntario en muchos países actualmente.,目前在许多国家服兵役是自愿的。,militar_1.jpg,考试路径|B1|n,专四,季度；三个月,（大学）毕业生,交叉路口；十字路口,大创内容组_senses_table_tem4 10.3.xlsx
milla,n,f,B1,1,,英里；海里,,La universidad está a una milla de la estación de tren.,大学离火车站一英里。,milla_1.jpg,考试路径|B1|n,专四,贼；强盗,追求；渴望,流；流动；涌出,大创内容组_senses_table_tem4 10.3.xlsx
millar,n,m,B1,1,,千；许许多多,,Un millar de estudiantes participó en la manifestación pacífica del campus.,一千名学生参加了校园的和平示威。,millar_1.jpg,考试路径|B1|n,专四,批评的；评论的；评论家；批评家,确切的；精确的；一模一样的,优惠；促销,大创内容组_senses_table_tem4 10.3.xlsx
mina,n,f,B1,1,,矿；矿山；矿井,,Los mineros trabajan en la mina para extraer minerales valiosos.,矿工们在矿井里开采有价值的矿物。,mina_1.jpg,考试路径|B1|n,专四,解决；解答,发抖；战栗,联盟；联合,大创内容组_senses_table_tem4 10.3.xlsx
mineral,n,n/a,B1,1,,矿物的；无机的；矿物；矿石,,El agua mineral natural es muy saludable para los estudiantes.,天然矿泉水对学生非常健康。,mineral_1.jpg,考试路径|B1|n,专四,难以忍受的,进步；进展,布告；公告；通告,大创内容组_senses_table_tem4 10.3.xlsx
minero,n,n/a,B1,1,,矿工；矿主,,El minero trabaja muchas horas bajo tierra para mantener a su familia.,矿工在地下工作很长时间来养家。,minero_1.jpg,考试路径|B1|n,专四,资产阶级,遮蔽身体,无限的；无限；极其,大创内容组_senses_table_tem4 10.3.xlsx
ministerio,n,m,B1,1,,部；内阁；部长会议,,El Ministerio de Educación anunció nuevas becas para estudiantes universitarios.,教育部宣布了新的大学生奖学金。,ministerio_1.jpg,考试路径|B1|n,专四,标点；得分,等等,留宿；接纳住宿,大创内容组_senses_table_tem4 10.3.xlsx
ministro,n,m,B1,1,,部长；大臣,,El ministro de Educación visitó la universidad para inaugurar el nuevo curso.,教育部长访问大学为新学年揭幕。,ministro_1.jpg,考试路径|B1|n,专四,尸体,狡猾的；精明的,香味；香气,大创内容组_senses_table_tem4 10.3.xlsx
miserable,adj,n/a,B1,1,,穷苦的；不幸的；可怜的,,El estudiante se sintió miserable después de suspender el examen.,这名学生考试不及格后感到很痛苦。,miserable_1.jpg,考试路径|B1|adj,专四,固定；集中；确定；注意,碾磨机；磨坊；作坊；工厂,照耀；炫耀；精心打扮,大创内容组_senses_table_tem4 10.3.xlsx
miseria,n,f,B1,1,,贫穷；不幸；苦难,,La miseria económica obligó a muchos estudiantes a dejar la universidad.,经济贫困迫使许多学生辍学。,miseria_1.jpg,考试路径|B1|n,专四,手工的；体力的；教科书；手册,柔软的（质地）；温和的；软弱的（性格）,租借；租赁,大创内容组_senses_table_tem4 10.3.xlsx
misión,n,f,B1,1,,任务；使命；工作团；使团,,La misión de la universidad es formar profesionales competentes y éticos.,大学的使命是培养有能力且有道德的专业人才。,mision_1.jpg,考试路径|B1|n,专四,召集；召开,手工的；体力的；教科书；手册,处在（某种状态）；身处,大创内容组_senses_table_tem4 10.3.xlsx
misterio,n,m,B1,1,,神秘；奥秘；秘密,,La desaparición del libro antiguo sigue siendo un misterio para todos.,古书的失踪对所有人来说仍然是一个谜。,misterio_1.jpg,考试路径|B1|n,专四,多么（感叹）,资本主义的；资本家,耽搁；使延迟,大创内容组_senses_table_tem4 10.3.xlsx
mitad,n,f,B1,1,,一半；二分之一,,La mitad de los alumnos de la clase quiere participar en el debate.,班里一半的同学都想参加这场辩论赛。,mitad_1.jpg,考试路径|B1|n,专四,远足；短途旅行,社会；社团,同志；同伴；战友,大创内容组_senses_table_tem4 7.18.xlsx
mito,n,m,B1,1,,神话；传说,,El mito de la caverna de Platón es un tema muy estudiado en filosofía.,柏拉图的洞穴神话是哲学中非常受研究的主题。,mito_1.jpg,考试路径|B1|n,专四,批评的；评论的；评论家；批评家,归因于；认为…是…造成的,料想；自行脑补,大创内容组_senses_table_tem4 10.3.xlsx
mitología,n,f,B1,1,,神话,,La mitología griega está llena de historias fascinantes sobre dioses y héroes.,希腊神话充满了关于神和英雄的迷人故事。,mitologia_1.jpg,考试路径|B1|n,专四,碾磨机；磨坊；作坊；工厂,适应（搭配 a）,律师,大创内容组_senses_table_tem4 10.3.xlsx
mixto,adj,n/a,B1,1,,混合的；混成的,,La universidad ofrece un programa mixto de estudios hispánicos y económicos.,大学提供西班牙语研究和经济学的混合项目。,mixto_1.jpg,考试路径|B1|adj,专四,回声；反响；余音,承担；接受（责任/职务）,诊断,大创内容组_senses_table_tem4 10.3.xlsx
moda,n,f,B1,1,,习俗；风俗；时髦,,La moda de aprender español ha crecido mucho en los últimos años.,近年来学习西班牙语的潮流增长了很多。,moda_1.jpg,考试路径|B1|n,专四,皇帝,落空；失败,游览；走遍,大创内容组_senses_table_tem4 10.3.xlsx
modelo,n,n/a,B1,1,,典范；模范；样式；模特,,Este estudiante es un modelo de dedicación y esfuerzo para sus compañeros.,这名学生是同学们勤奋和努力的典范。,modelo_1.jpg,考试路径|B1|n,专四,自动的；自动化的,建造；建设；构建,观察；仔细看,大创内容组_senses_table_tem4 10.3.xlsx
modestia,n,f,B1,1,,谦虚；简朴；卑微；节制,,La modestia es una cualidad muy valorada en los estudiantes universitarios.,谦虚是大学生中非常受重视的品质。,modestia_1.jpg,考试路径|B1|n,专四,获得（经验 / 机会）,不公正；不合理；不公道,养育；抚养,大创内容组_senses_table_tem4 10.3.xlsx
modesto,adj,n/a,B1,1,,谦虚的；简朴的；卑微的；有节制的,,"A pesar de sus éxitos, el profesor sigue siendo una persona muy modesta.",尽管取得了成功，这位老师仍然是一个非常谦虚的人。,modesto_1.jpg,考试路径|B1|adj,专四,山顶；顶峰,战斗；战役；争斗；奋斗（比喻义）,药品；麻醉剂；毒品,大创内容组_senses_table_tem4 10.3.xlsx
modificar,v,n/a,B1,1,,修改；改动,,Tengo que modificar varios párrafos de mi redacción.,我需要修改作文里好几个段落。,modificar_1.jpg,考试路径|B1|v,专四,后悔；懊悔,修读；学习（课程）,一半；二分之一,大创内容组_senses_table_tem4 7.19.xlsx
mojar,n,n/a,B1,1,,弄湿；浸湿；淋湿；参与；卷入,,La lluvia mojó todos los libros que el estudiante dejó en el banco del parque.,雨淋湿了学生留在公园长椅上的所有书。,mojar_1.jpg,考试路径|B1|n,专四,话；言论；格言,匮乏；不足,导游；向导,大创内容组_senses_table_tem4 10.3.xlsx
molde,n,m,B1,1,,模子；模型；铸模；楷模,,El profesor usó un molde para hacer una figura de yeso en la clase de arte.,老师在美术课上用模子做了一个石膏像。,molde_1.jpg,考试路径|B1|n,专四,匆忙；仓促行事,贷款；信用证（财经）,邮票（拉美用法）,大创内容组_senses_table_tem4 10.3.xlsx
moler,v,n/a,B1,1,,磨；研；榨；折磨,,"Para hacer café, primero hay que moler los granos hasta obtener un polvo fino.",做咖啡，首先要把咖啡豆磨成细粉。,moler_1.jpg,考试路径|B1|v,专四,口译；阐释；理解,批评的；评论的；评论家；批评家,强调；突出,大创内容组_senses_table_tem4 10.3.xlsx
molestar,n,n/a,B1,1,,麻烦；打扰；使厌烦；妨碍；费事；生气,,No molestes al profesor mientras está explicando la gramática.,老师讲解语法时不要打扰他。,molestar_1.jpg,考试路径|B1|n,专四,不同的；各种各样的,那个；那件事（中性）,麻醉,大创内容组_senses_table_tem4 10.3.xlsx
molestia,n,f,B1,1,,麻烦；不便,,"Perdona las molestias, pero ¿podrías cerrar la puerta al salir?",不好意思麻烦你，出去的时候能关一下门吗？,molestia_1.jpg,考试路径|B1|n,专四,橱窗；玻璃柜,折刀；剃刀,结构的；构造的,大创内容组_senses_table_tem4 7.20.xlsx
molino,n,m,B1,1,,碾磨机；磨坊；作坊；工厂,,El molino de viento es un símbolo muy famoso de la región de La Mancha.,风车是拉曼恰地区非常著名的象征。,molino_1.jpg,考试路径|B1|n,专四,扔；抛；发射；发出,手工的；体力的；教科书；手册,穷苦的；不幸的；可怜的,大创内容组_senses_table_tem4 10.3.xlsx
monasterio,n,m,B1,1,,修道院；寺院,,El monasterio de Montserrat es un lugar de paz y espiritualidad en Cataluña.,蒙塞拉特修道院是加泰罗尼亚一个宁静而充满灵性的地方。,monasterio_1.jpg,考试路径|B1|n,专四,认为…是自己的；自认为,假朋友词（形似义不同）,食堂；小饭馆,大创内容组_senses_table_tem4 10.3.xlsx
monje,n,n/a,B1,1,,僧侣；修道士；尼姑；修女,,Los monjes del monasterio dedican su vida a la oración y al estudio.,修道院的僧侣们将一生奉献给祈祷和学习。,monje_1.jpg,考试路径|B1|n,专四,占领；据为己有,瞬间；刹那,智力；头脑；思想,大创内容组_senses_table_tem4 10.3.xlsx
monstruo,n,m,B1,1,,怪物；巨物；凶恶的人,,"En el cuento, el monstruo vivía en una cueva oscura y asustaba a los aldeanos.",在故事中，怪物住在黑暗的洞穴里，吓唬村民们。,monstruo_1.jpg,考试路径|B1|n,专四,指导；方向；迎新介绍,领域；学科范围,智力,大创内容组_senses_table_tem4 10.3.xlsx
montar,v,n/a,B1,1,,骑；乘,,Aprender a montar a caballo es una actividad muy popular entre los estudiantes.,学习骑马是学生们非常喜欢的活动。,montar_1.jpg,考试路径|B1|v,专四,爬；爬行,蠢话；荒唐事,雷声；雷鸣,大创内容组_senses_table_tem4 10.3.xlsx
monte,n,m,B1,1,,山；山林,,Los estudiantes hicieron una excursión al monte para estudiar la flora local.,学生们去山里远足，研究当地植物。,monte_1.jpg,考试路径|B1|n,专四,交通；车流,走；行走（自复强调）,泵；抽水机；炸弹,大创内容组_senses_table_tem4 10.3.xlsx
monumento,n,m,B1,1,,纪念碑；古迹；纪念物,,En cada ciudad española hay monumentos históricos que cuentan la historia del lugar.,每一座西班牙城市都有讲述当地历史的历史古迹。,monumento_1.jpg,考试路径|B1|n,专四,火光；灯光；光芒,纸牌；纸牌游戏,遵守（规则）,大创内容组_senses_table_tem4 7.18.xlsx
moral,n,n/a,B1,1,,道德的；精神上的；道义上的；伦理；道德,,La educación moral es fundamental para formar buenos ciudadanos.,道德教育是培养好公民的基础。,moral_1.jpg,考试路径|B1|n,专四,建立；确立；制定,穿透；刺穿,了解；熟悉；知道（事物）,大创内容组_senses_table_tem4 10.3.xlsx
morder,v,n/a,B1,1,,咬；咬住；磨损；消耗,,El perro mordió el juguete y lo destruyó en pocos minutos.,狗咬住玩具，几分钟就把它咬坏了。,morder_1.jpg,考试路径|B1|v,专四,霜冻；结冰,角；角度；角落,部长；大臣,大创内容组_senses_table_tem4 10.3.xlsx
moreno,n,n/a,B1,1,,褐色的；皮肤黝黑的；黑人,,El estudiante moreno pasó todo el verano en la playa y ahora tiene la piel más oscura.,这位皮肤黝黑的学生整个夏天都在海滩上，现在皮肤更黑了。,moreno_1.jpg,考试路径|B1|n,专四,大陆；洲,好啊！太棒了！,收集；采集,大创内容组_senses_table_tem4 10.3.xlsx
mortal,n,n/a,B1,1,,终有一死的；致命的；凡人,,Todos los seres humanos somos mortales y debemos aceptarlo con serenidad.,所有人都是终有一死的，我们必须平静地接受这一点。,mortal_1.jpg,考试路径|B1|n,专四,社会；社团,远离；避开,大块（石料/冰块等）,大创内容组_senses_table_tem4 10.3.xlsx
motivar,v,n/a,B1,1,,引起；导致；激励,,El buen ambiente en clase motiva a los estudiantes a participar más.,课堂上良好的氛围激励学生们更积极地参与。,motivar_1.jpg,考试路径|B1|v,专四,范围；领域；界限；界线,天体；星,结构；构造,大创内容组_senses_table_tem4 10.3.xlsx
mozo,n,n/a,B1,1,,小伙子；年轻姑娘,,El mozo que trabaja en la cafetería siempre atiende con una sonrisa.,在咖啡馆工作的小伙子总是面带微笑地服务。,mozo_1.jpg,考试路径|B1|n,专四,语音的；语音学,听诊,做记号；标出；拨号；得分,大创内容组_senses_table_tem4 10.3.xlsx
mudar,n,n/a,B1,1,,改变；更改；调换；调动；换衣服；搬家,,Los estudiantes se mudan de residencia al final del semestre.,学生们在学期末搬离宿舍。,mudar_1.jpg,考试路径|B1|n,专四,能源的；能量的,痊愈,毯子；被子；披风,大创内容组_senses_table_tem4 10.3.xlsx
mudo,n,n/a,B1,1,,哑的；沉默的；无声的；哑巴,,El estudiante quedó mudo de emoción al recibir la noticia de la beca.,这名学生收到奖学金消息时激动得说不出话来。,mudo_1.jpg,考试路径|B1|n,专四,阶段；时期,确定；决定,怀疑；拿不准,大创内容组_senses_table_tem4 10.3.xlsx
muelle,n,m,B1,1,,码头；港口；弹簧,,El barco atracó en el muelle y los estudiantes de intercambio desembarcaron.,船停靠在码头，交换生们下了船。,muelle_1.jpg,考试路径|B1|n,专四,靠在；倚着,膨胀；通货膨胀,神话；传说,大创内容组_senses_table_tem4 10.3.xlsx
muestra,n,f,B1,1,,样品；示范；样子；表示,,La universidad recibió una muestra gratuita de libros de una editorial española.,大学收到了一家西班牙出版社的免费样书。,muestra_1.jpg,考试路径|B1|n,专四,巫师；巫婆,鼓舞；激励,平静下来,大创内容组_senses_table_tem4 10.3.xlsx
mula,n,f,B1,1,,骡子,,La mula es un animal muy resistente que se usa para transportar carga en la montaña.,骡子是一种非常耐劳的动物，用于在山区运输货物。,mula_1.jpg,考试路径|B1|n,专四,轶事；趣闻,讨价还价,关；锁；包含,大创内容组_senses_table_tem4 10.3.xlsx
multa,n,f,B1,1,,罚款,,El conductor recibió una multa por aparcar en zona prohibida.,司机因在禁停区停车而收到罚款。,multa_1.jpg,考试路径|B1|n,专四,申请；请求,堵塞（交通/管道等）,硕士；学士,大创内容组_senses_table_tem4 10.3.xlsx
multiplicar,n,n/a,B1,1,,增加；使倍增；乘；成倍增加；繁殖,,El número de estudiantes de español se ha multiplicado en los últimos años.,近年来西班牙语学生人数成倍增加。,multiplicar_1.jpg,考试路径|B1|n,专四,谦虚；简朴；卑微；节制,狡猾的；精明的,贷款；信用证（财经）,大创内容组_senses_table_tem4 10.3.xlsx
multitud,n,f,B1,1,,群；堆；大量；人群,,Una multitud de estudiantes se reunió en la plaza para el concierto.,一大群学生聚集在广场上参加音乐会。,multitud_1.jpg,考试路径|B1|n,专四,暗自犹豫；心存疑虑,缺点；缺陷,神；上帝,大创内容组_senses_table_tem4 10.3.xlsx
mundial,adj,n/a,B1,1,,世界的,,El español es una lengua mundial hablada en más de veinte países.,西班牙语是一种世界性语言，在二十多个国家使用。,mundial_1.jpg,考试路径|B1|adj,专四,铝,豆类；蔬菜,通知；告诉；打听；获悉,大创内容组_senses_table_tem4 10.3.xlsx
municipal,adj,n/a,B1,1,,城市的；市政的,,La biblioteca municipal ofrece servicios gratuitos a todos los estudiantes.,市立图书馆为所有学生提供免费服务。,municipal_1.jpg,考试路径|B1|adj,专四,刃；刀锋,规模；大小；维度,神话；传说,大创内容组_senses_table_tem4 10.3.xlsx
municipio,n,m,B1,1,,城市；市政府,,El municipio colabora con la universidad en proyectos culturales.,市政府与大学合作开展文化项目。,municipio_1.jpg,考试路径|B1|n,专四,调查；查明,纪念碑；古迹；纪念物,加工；制造；拟订,大创内容组_senses_table_tem4 10.3.xlsx
muralla,n,f,B1,1,,城墙,,La muralla de Ávila es una de las mejor conservadas de Europa.,阿维拉城墙是欧洲保存最完好的城墙之一。,muralla_1.jpg,考试路径|B1|n,专四,机械装置；结构；机制,金属丝；铁丝；电线,推卸（责任）,大创内容组_senses_table_tem4 10.3.xlsx
murmurar,v,n/a,B1,1,,发出轻微响声；咕哝；窃窃私语,,Los estudiantes murmuraban entre ellos durante el examen.,学生们在考试期间互相窃窃私语。,murmurar_1.jpg,考试路径|B1|v,专四,为……辩解；证明无罪；辩解,轴（机器）；桅（船）,检查；审查,大创内容组_senses_table_tem4 10.3.xlsx
musical,adj,n/a,B1,1,,音乐的；配乐的,,El festival musical de la universidad incluye conciertos de diferentes géneros.,大学的音乐节包括不同流派的音乐会。,musical_1.jpg,考试路径|B1|adj,专四,城市；市政府,使卷入；牵扯,使惊奇；感到异样,大创内容组_senses_table_tem4 10.3.xlsx
musulmán,n,n/a,B1,1,,伊斯兰教的；伊斯兰教徒,,La cultura musulmana dejó una huella profunda en la arquitectura española.,伊斯兰文化在西班牙建筑中留下了深刻的印记。,musulman_1.jpg,考试路径|B1|n,专四,内部的；内心的；国内的；内部；内地；内心,疏忽；不关心,赢得（关注/好感）,大创内容组_senses_table_tem4 10.3.xlsx
mutuo,adj,n/a,B1,1,,相互的,,El respeto mutuo es fundamental para una buena convivencia en la residencia.,相互尊重是宿舍良好共处的基础。,mutuo_1.jpg,考试路径|B1|adj,专四,薄板；薄片,落后的；迟缓的,外币；外汇（复数）,大创内容组_senses_table_tem4 10.3.xlsx
mágico,adj,n/a,B1,1,,魔法的；有魔力的；神奇的,,El realismo mágico es un género literario muy característico de Latinoamérica.,魔幻现实主义是拉丁美洲非常典型的文学流派。,magico_1.jpg,考试路径|B1|adj,专四,努力；气力；付出,指南针,扑向；扑过去,大创内容组_senses_table_tem4 10.3.xlsx
mármol,n,m,B1,1,,大理石,,Las escaleras de la biblioteca están hechas de mármol blanco muy elegante.,图书馆的楼梯是用非常优雅的白色大理石制成的。,marmol_1.jpg,考试路径|B1|n,专四,肯定；断言,时节；赛季；一段时期,分类；分级；排名,大创内容组_senses_table_tem4 10.3.xlsx
máximo,n,n/a,B1,1,,最大的；最高的；最多的；最大限度,,El máximo responsable de la universidad es el rector.,大学的最高负责人是校长。,maximo_1.jpg,考试路径|B1|n,专四,主题；情节（文学/电影）,申请；请求,评论；评述,大创内容组_senses_table_tem4 10.3.xlsx
mérito,n,m,B1,1,,优点；功劳；功绩,,El estudiante recibió un premio por el mérito de su investigación sobre literatura española.,这名学生因在西班牙文学研究方面的功绩而获奖。,merito_1.jpg,考试路径|B1|n,专四,好啊！太棒了！,连接；关联；衔接,水流；水流方向,大创内容组_senses_table_tem4 10.3.xlsx
mínimo,adj,n/a,B1,1,,最小的；最低的；最少的,,"El estudiante aprobó con la nota mínima, pero está contento.",这名学生以最低分通过了考试，但他很开心。,minimo_1.jpg,考试路径|B1|adj,专四,热烈的（欢迎/感情）,授权；批准；许可,暴风雨；风暴,大创内容组_senses_table_tem4 10.3.xlsx
músculo,n,m,B1,1,,肌肉,,Hacer ejercicio regularmente ayuda a fortalecer los músculos.,定期锻炼有助于强健肌肉。,musculo_1.jpg,考试路径|B1|n,专四,走神；分心,大胆的；勇敢无畏的,力学的；机械的；技工；机械师,大创内容组_senses_table_tem4 10.3.xlsx
nación,n,f,B1,1,,民族；国家,,España es una nación con una gran diversidad cultural y lingüística.,西班牙是一个文化语言多样性丰富的国家。,nacion_1.jpg,考试路径|B1|n,专四,那个；如同（正式/书面用法）,财政的；检察官,得益；获益,大创内容组_senses_table_tem4 10.3.xlsx
naipe,n,m,B1,1,,纸牌；纸牌游戏,,Los estudiantes jugaron al naipe durante el descanso entre clases.,学生们在课间休息时玩纸牌。,naipe_1.jpg,考试路径|B1|n,专四,辅助的；助手；救助,主人；雇主,罪行；犯罪,大创内容组_senses_table_tem4 10.3.xlsx
narración,n,f,B1,1,,叙述；讲述；故事,,La narración del viaje fue tan vívida que parecía que estábamos allí.,对这次旅行的叙述如此生动，仿佛我们身临其境。,narracion_1.jpg,考试路径|B1|n,专四,交换；互换,火焰,豆类；蔬菜,大创内容组_senses_table_tem4 10.3.xlsx
nativo,n,n/a,B1,1,,出生的；出生地的；天然的；本地的；土著居民,,El estudiante nativo de México ayuda a sus compañeros con la pronunciación.,这位墨西哥本地学生帮助同学们练习发音。,nativo_1.jpg,考试路径|B1|n,专四,翻译,以…为食；汲取营养,疲劳；呼吸困难,大创内容组_senses_table_tem4 10.3.xlsx
navaja,n,f,B1,1,,折刀；剃刀,,El excursionista llevó una navaja para cortar ramas durante la caminata.,徒步者带了一把折刀，在徒步中用来砍树枝。,navaja_1.jpg,考试路径|B1|n,专四,城市；市政府,上涨；涨价（尤指价格）,料想；自行脑补,大创内容组_senses_table_tem4 10.3.xlsx
nave,n,f,B1,1,,船；舰；厂房；库房,,La nave industrial de la universidad se usa como taller de proyectos.,大学的工业厂房被用作项目工作坊。,nave_1.jpg,考试路径|B1|n,专四,战斗；战役；争斗；奋斗（比喻义）,谦虚；简朴；卑微；节制,挪近；使靠近,大创内容组_senses_table_tem4 10.3.xlsx
navegar,v,n/a,B1,1,,航行；航海,,Navegamos por el río Guadalquivir mientras disfrutábamos del paisaje de Sevilla.,我们沿着瓜达尔基维尔河航行，一边欣赏塞维利亚的风景。,navegar_1.jpg,考试路径|B1|v,专四,致力于；投身于,能力；容量,变狭窄；变亲密,大创内容组_senses_table_tem4 7.20.xlsx
negar,v,n/a,B1,1,,否认；拒绝,,El acusado niega todas las acusaciones que han presentado contra él.,被告否认所有对他提出的指控。,negar_1.jpg,考试路径|B1|v,专四,当地的；地方性的；局部的；地点；场所,考虑；认为；斟酌,驱散；消除,大创内容组_senses_table_tem4 7.20.xlsx
negativo,n,n/a,B1,1,,否定的；反面的；底片,,El profesor dio una respuesta negativa a la solicitud de prórroga.,老师对延期申请给出了否定答复。,negativo_1.jpg,考试路径|B1|n,专四,天使,纤维,强调；突出,大创内容组_senses_table_tem4 10.3.xlsx
negociar,v,n/a,B1,1,,做买卖；做交易；谈判,,Los estudiantes negociaron con la universidad para ampliar el horario de la biblioteca.,学生们与大学谈判以延长图书馆开放时间。,negociar_1.jpg,考试路径|B1|v,专四,听众；观众,路线；行程,达到；达成；够到,大创内容组_senses_table_tem4 10.3.xlsx
nervio,n,m,B1,1,,神经,,El nervio ciático es el más largo del cuerpo humano y puede causar dolor.,坐骨神经是人体最长的神经，可能引起疼痛。,nervio_1.jpg,考试路径|B1|n,专四,火光；灯光；光芒,大胆的；勇敢无畏的,解救；使摆脱；摆脱,大创内容组_senses_table_tem4 10.3.xlsx
nublado,adj,n/a,B1,1,,阴天的；多云的,,El cielo está nublado y probablemente lloverá antes de la noche.,天空阴沉，很可能入夜前会下雨。,nublado_1.jpg,考试路径|B1|adj,专四,严格的；精确的,暗示；影射；提到,面临；对抗,大创内容组_senses_table_tem4 7.20.xlsx
objetivo,n,m,B1,1,,目标,,Mi objetivo este mes es aprender cincuenta palabras nuevas y usarlas en oraciones propias.,我这个月的目标是学会五十个新词，并用它们造出自己的句子。,objetivo_1.jpg,考试路径|B1|n,专四,利用（机会、时间等）,典范；模范；样式；模特,店员；营业员,大创内容组_senses_table_tem4_with_images.xlsx
objeto,n,m,B1,2,,目的；目标,,El objeto de esta investigación es analizar el impacto del cine en el aprendizaje del idioma.,本研究的目标是分析电影对语言学习的影响。,objeto_2.jpg,考试路径|B1|n,专四,物理的；物理学家；物理学,产业；田产；庄园,陈旧的；过时的,大创内容组_senses_table_tem4 7.19.xlsx
observar,v,n/a,B1,1,,观察；仔细看,,Observamos las diferencias entre dos textos narrativos.,我们观察两篇叙事文本的差别。,observar_1.jpg,考试路径|B1|v,专四,缓和；减轻（疼痛/情绪）,激起爱情；使爱上,彩票,大创内容组_senses_table_tem4 7.19.xlsx
observar,v,n/a,B1,2,,遵守（规则）,,Todos debemos observar las normas de la biblioteca.,所有人都必须遵守图书馆规章制度。,observar_2.jpg,考试路径|B1|v,专四,大使馆,零钱（硬币）；汇率；兑换率,报名；注册；登记（表）,大创内容组_senses_table_tem4 7.19.xlsx
ocultar,v,n/a,B1,1,,隐藏；隐瞒,,No ocultes tus dudas al profesor.,不要对老师隐瞒你的疑问。,ocultar_1.jpg,考试路径|B1|v,专四,神经,热带雨林,啊哈（表示满意、赞同、惊讶等）,大创内容组_senses_table_tem4 7.19.xlsx
oferta,n,f,B1,1,,优惠；促销,,La oferta de la semana es un paquete con dos botellas de vino por el precio de una.,本周优惠是一个套餐，两瓶葡萄酒只收一瓶的钱。,oferta_1.jpg,考试路径|B1|n,专四,交际；沟通,十年；年代,不友善的；讨人厌,大创内容组_senses_table_tem4 7.20.xlsx
olvidarse,v,n/a,B1,1,,忘记（搭配 de）,,Me olvidé de la hora del repaso de verbos.,我忘了动词复习的时间。,olvidarse_1.jpg,考试路径|B1|v,专四,刃；刀锋,感动；激动,过程；进程；工序,大创内容组_senses_table_tem4 7.19.xlsx
optimista,adj,n/a,B1,1,,乐观的,,Soy optimista y creo que aprobaré el examen final con mucho estudio.,我很乐观，相信只要努力就能通过期末考。,optimista_1.jpg,考试路径|B1|adj,专四,笼子,甘蔗,街区（拉美用法）,大创内容组_senses_table_tem4 7.18.xlsx
opuesto,adj,n/a,B1,1,,相反的；对面的；对立的,,"""Caliente"" y ""frío"" son adjetivos opuestos que todos los estudiantes aprenden en el nivel inicial.",“热”和“冷”是相反形容词，所有学生在入门级别都会学到。,opuesto_1.jpg,考试路径|B1|adj,专四,反常的；异常的,使面对面；使对抗,棉花的；棉农；棉商,大创内容组_senses_table_tem4 7.19.xlsx
orientación,n,f,B1,1,,指导；方向；迎新介绍,,"Durante la primera semana de clase, asistimos a las sesiones de orientación para adaptarnos al campus.",在开学的第一周，我们参加了迎新介绍会，以便尽快适应校园环境。,orientacion_1.jpg,考试路径|B1|n,专四,应用；运用；实施,坚持；强调,聊天；闲谈,大创内容组_senses_table_tem4 7.16.xlsx
orientar,v,n/a,B1,1,,指导；指引；使朝向,,La secretaría académica organiza una charla informativa para orientar a los nuevos alumnos de intercambio.,学术秘书处组织了一场说明会，旨在为新来的交换生提供指导和指引。,orientar_1.jpg,考试路径|B1|v,专四,肥沃的；富饶的；盛产的,劳动；工作,注视；凝视,大创内容组_senses_table_tem4 7.16.xlsx
orilla,n,f,B1,1,,岸边；河岸,,Nos sentamos en la orilla del río a comer un bocadillo y disfrutar del paisaje.,我们坐在河岸边吃了块三明治，欣赏着风景。,orilla_1.jpg,考试路径|B1|n,专四,柴火,做记号；标出；拨号；得分,反义词,大创内容组_senses_table_tem4 7.20.xlsx
ortografía,n,f,B1,1,,拼写,,Cuidar la ortografía incluye tildes y la diferencia entre b/v o g/j según la regla.,注意拼写包括重音符号，以及按规则区分 b/v、g/j 等。,ortografia_1.jpg,考试路径|B1|n,专八|专四,口译；阐释；理解,明显；证据,稳定；稳固；持久性,大创内容组_senses_table_tem4_with_images.xlsx
paisaje,n,m,B1,1,,风景；景色；景观,,"El paisaje de la costa andaluza es espectacular, con playas doradas y montañas juntas.",安达卢西亚海岸的风景绝美，金色海滩和山峦交相辉映。,paisaje_1.jpg,考试路径|B1|n,专四,内行的；专家；行家,准许；许可；许可证；执照,宽恕；原谅,大创内容组_senses_table_tem4 7.18.xlsx
parecerse,v,n/a,B1,1,,相像；相似；长得像,,Los dos hermanos gemelos se parecen mucho físicamente pero tienen caracteres totalmente diferentes.,这对双胞胎兄弟长得很像，但性格完全不一样。,parecerse_1.jpg,考试路径|B1|v,专四,区分；辨别；使不同,先前的；背景；前例,预算,大创内容组_senses_table_tem4 7.17.xlsx
parte,n,f,B1,2,,地方；方面,,"Por una parte, el vocabulario es fundamental, pero por otra, la gramática da estructura al idioma.",一方面，词汇是基础；但另一方面，语法赋予语言结构。,parte_2.jpg,考试路径|B1|n,专四,值得；配得上,故障；损伤（设备/车辆）,考虑；认为；斟酌,大创内容组_senses_table_tem4 7.19.xlsx
peaje,n,m,B1,1,,通行费；路费,,"Antes de entrar en la autopista, hay que pagar el peaje en la caseta correspondiente.",进入高速公路之前，需要在收费站支付通行费。,peaje_1.jpg,考试路径|B1|n,专四,连接；使联系在一起,故障；损伤（设备/车辆）,斗争；战斗；搏斗,大创内容组_senses_table_tem4 7.20.xlsx
perder,v,n/a,B1,2,,输掉；输；失败,,Nuestro equipo perdió el partido final por un solo gol de diferencia con el rival.,我们队以一球之差输给对手，输掉了决赛。,perder_2.jpg,考试路径|B1|v,专四,满足（需求/费用）,假朋友词（形似义不同）,欣赏；观赏,大创内容组_senses_table_tem4 7.17.xlsx
perder,v,n/a,B1,3,,输掉（比赛 / 考试）,,Perdimos el debate por falta de preparación previa.,我们因为准备不足输掉了辩论赛。,perder_3.jpg,考试路径|B1|v,专四,赞扬；称赞,窄的；狭窄的,目标,大创内容组_senses_table_tem4 7.19.xlsx
perdonar,v,n/a,B1,1,,原谅；宽恕,,El profesor perdonó el retraso porque el alumno tenía una justificación médica válida.,老师原谅了迟到，因为该学生有有效的医疗证明。,perdonar_1.jpg,考试路径|B1|v,专四,感动；激动,挪近；使靠近,感染；传染；不良影响,大创内容组_senses_table_tem4 7.20.xlsx
periodista,n,n/a,B1,1,,记者；新闻工作者,,La periodista entrevistó a varios estudiantes para su reportaje sobre la universidad.,记者采访了几名学生，为她的校园专题报道收集素材。,periodista_1.jpg,考试路径|B1|n,专四,粗鲁的；未加工的,修道院；寺院,损伤；创伤；损害；损失,大创内容组_senses_table_tem4 7.19.xlsx
permitir,v,n/a,B1,1,,允许；准许,,El tutor nos permite consultar el diccionario durante el repaso.,导师允许我们复习时查阅词典。,permitir_1.jpg,考试路径|B1|v,专四,一勺（容量）,躲藏；隐藏,有礼貌的；彬彬有礼的,大创内容组_senses_table_tem4 7.19.xlsx
personaje,n,m,B1,1,,人物；角色；名人,,El personaje principal de esta película es un joven que viaja por todo el mundo solo.,这部电影的主角是一个独自环游世界的年轻人。,personaje_1.jpg,考试路径|B1|n,专四,不信任,白种人的；白种人,吃点心；吃下午茶,大创内容组_senses_table_tem4 7.18.xlsx
período,n,m,B1,1,,阶段；时期,,El período de preparación para el TEM4 dura todo el semestre.,专四备考阶段持续整整一个学期。,periodo_1.jpg,考试路径|B1|n,专四,剩余；过多；过度,进入；加入,监狱,大创内容组_senses_table_tem4 7.18.xlsx
pesimista,adj,n/a,B1,1,,悲观的,,"No seas pesimista, todavía tenemos tiempo para repasar todo el temario.",别太悲观，我们还有时间复习全部考点。,pesimista_1.jpg,考试路径|B1|adj,专四,无限的；无限；极其,资助,分类；分级；排名,大创内容组_senses_table_tem4 7.18.xlsx
picante,adj,n/a,B1,1,,辣的；辛辣的,,El chorizo español es ligeramente picante y se usa mucho en guisos y tapas.,西班牙腊肠略辣，常被用于炖菜和塔帕斯中。,picante_1.jpg,考试路径|B1|adj,专四,愚弄；欺骗,边；岸；边缘,非凡的；罕见的；特别的,大创内容组_senses_table_tem4 7.20.xlsx
picar,v,n/a,B1,1,,切碎；剁碎；啄,,"Para hacer la salsa, pica la cebolla y los tomates en trozos muy pequeños.",做酱汁时，把洋葱和番茄切成很小的碎块。,picar_1.jpg,考试路径|B1|v,专四,检查；视察,传播；扩散,法官；仲裁人；裁判员,大创内容组_senses_table_tem4 7.20.xlsx
piloto,n,n/a,B1,1,,飞行员；驾驶员,,Mi tío trabaja como piloto de aviones comerciales y viaja a muchos países diferentes.,我叔叔是一名商业航班飞行员，去过很多不同的国家。,piloto_1.jpg,考试路径|B1|n,专四,工程；工程学,砖；砖状物,称赞；赞扬,大创内容组_senses_table_tem4 7.20.xlsx
plagio,n,m,B1,1,,剽窃,,Copiar párrafos sin indicar la fuente se considera plagio y puede anular el trabajo.,不标注出处就抄写段落属于剽窃，可能导致作业作废。,plagio_1.jpg,考试路径|B1|n,专四,处在（某种状态）；身处,白种人的；白种人,曲线,大创内容组_senses_table_tem4_with_images.xlsx
planchar,v,n/a,B1,1,,熨烫,,Necesito planchar la camisa blanca antes de la presentación oral de mañana.,明天口头报告之前我需要把白衬衫熨好。,planchar_1.jpg,考试路径|B1|v,专四,通知；告诉；打听；获悉,精力充沛的；有力的,使害怕；驱赶,大创内容组_senses_table_tem4 7.20.xlsx
planta,n,f,B1,2,,楼层,,La biblioteca tiene cinco plantas y la sala de lectura está en la segunda.,图书馆有五层楼，阅览室在二楼。,planta_2.jpg,考试路径|B1|n,专四,本质的；基本的；必要的,附近；近郊,游行；列队行进,大创内容组_senses_table_tem4 7.19.xlsx
planta,n,f,B1,3,,工厂,,La nueva planta de la empresa se instalará en las afueras de la ciudad universitaria.,公司的新工厂将建在大学城郊区。,planta_3.jpg,考试路径|B1|n,专四,走；行走（自复强调）,仓库；大型商店,端头的；极端的；末端；尽头；极端,大创内容组_senses_table_tem4 7.19.xlsx
plazo,n,m,B1,1,,期限；截止日期,,El plazo para entregar el ensayo termina el próximo viernes por la tarde.,论文提交截止日期是下周五下午。,plazo_1.jpg,考试路径|B1|n,专四,固定；集中；确定；注意,指示牌；路标；招牌,别人的；他人的,大创内容组_senses_table_tem4 7.18.xlsx
población,n,f,B1,1,,人口；居民；种群,,La población de España es de unos cuarenta y siete millones de personas aproximadamente.,西班牙的人口大约有四千七百万。,poblacion_1.jpg,考试路径|B1|n,专四,十字；十字架；十字形状,检查；视察,精神上的；心灵的,大创内容组_senses_table_tem4 7.18.xlsx
poder,n,m,B1,2,,权力；力量；能力,,El poder de la educación puede cambiar completamente la vida de una persona.,教育的力量可以彻底改变一个人的人生。,poder_2.jpg,考试路径|B1|n,专四,淹没；使泛滥；使充满；发水；闹水灾,营地；露营,合适的；方便的,大创内容组_senses_table_tem4 7.17.xlsx
poema,n,m,B1,1,,诗；诗歌；诗篇,,En la clase de literatura española aprendimos un poema muy bonito de Federico García Lorca.,在西班牙文学课上我们学了一首洛尔迦写的非常优美的诗。,poema_1.jpg,考试路径|B1|n,专四,折刀；剃刀,卸货,观赏；欣赏,大创内容组_senses_table_tem4 7.18.xlsx
ponerse,v,n/a,B1,2,,变得；变成（情绪状态）,,Mi hermano se pone muy nervioso antes de los exámenes más importantes del curso.,我哥哥在课程最重要的考试前会变得特别紧张。,ponerse_2.jpg,考试路径|B1|v,专四,巩固；加强；使坚强,时节；赛季；一段时期,先生（尊称）,大创内容组_senses_table_tem4 7.17.xlsx
preciso,adj,n/a,B1,1,,精确的；准确的；明确的,,Es necesario dar una respuesta precisa durante la exposición oral del proyecto de investigación.,在研究项目口头陈述期间，有必要给出精确的回答。,preciso_1.jpg,考试路径|B1|adj,专四,思考；沉思,香味；香气,贵妇人；女士,大创内容组_senses_table_tem4 7.19.xlsx
preferir,v,n/a,B1,1,,更偏爱；宁愿,,Prefiero practicar oral en grupo que solo en casa.,比起独自在家，我更喜欢小组练口语。,preferir_1.jpg,考试路径|B1|v,专四,打赌,策略,稳定的；稳固的；持久的,大创内容组_senses_table_tem4 7.19.xlsx
presentación,n,f,B1,1,,口头报告；演示,,En la presentación usa diapositivas simples y habla despacio para que el público entienda tu idea.,做报告时请用简洁幻灯片，语速放慢，好让听众理解你的想法。,presentacion_1.jpg,考试路径|B1|n,专四,力学的；机械的；技工；机械师,魔法；魔术；魔力；魅力,感到惊奇,大创内容组_senses_table_tem4_with_images.xlsx
presupuesto,n,m,B1,1,,预算,,"Haz un presupuesto mensual: comida, transporte, material de estudio y un pequeño ahorro.",做一份月预算：吃饭、交通、学习用品和一点储蓄。,presupuesto_1.jpg,考试路径|B1|n,专八|专四,自治；自治权；自主；独立,拼写,翻译,大创内容组_senses_table_tem4_with_images.xlsx
proceso,n,m,B1,1,,过程；进程；工序,,El proceso de aprender un idioma extranjero requiere paciencia y mucha práctica diaria.,学习外语的过程需要耐心和大量日常练习。,proceso_1.jpg,考试路径|B1|n,专四,日历；历书；年鉴,热带雨林,民主；民主主义,大创内容组_senses_table_tem4 7.19.xlsx
progreso,n,m,B1,1,,进步；进展,,Registrar tu progreso cada semana motiva a seguir practicando aunque avances poco a poco.,每周记录进步，即使进步很小也能激励你继续练习。,progreso_1.jpg,考试路径|B1|n,专四,手工的；体力的；教科书；手册,热带雨林,音乐的；配乐的,大创内容组_senses_table_tem4_with_images.xlsx
prohibir,v,n/a,B1,1,,禁止；不许,,Se prohíbe usar el móvil dentro de la sala de lectura.,阅览室内禁止使用手机。,prohibir_1.jpg,考试路径|B1|v,专四,培育（动植物）,拼写,汇入；流入（河流）,大创内容组_senses_table_tem4 7.19.xlsx
prometer,v,n/a,B1,1,,承诺；答应,,Mis padres me prometieron un viaje a España si apruebo el examen TEM4.,我的父母答应我，如果通过了专四考试就带我去西班牙旅行。,prometer_1.jpg,考试路径|B1|v,专四,码头；港口；弹簧,呼吸；气息,重视；敬重,大创内容组_senses_table_tem4 7.20.xlsx
pronóstico,n,m,B1,1,,预报；预测,,"Según el pronóstico del tiempo, la próxima semana será soleada y cálida.",根据天气预报，下周将是晴朗温暖的天气。,pronostico_1.jpg,考试路径|B1|n,专四,掩饰；隐瞒,先前的；背景；前例,进入；加入,大创内容组_senses_table_tem4 7.20.xlsx
propio,adj,n/a,B1,2,,合适的；特有的,,El lenguaje informal es propio de las conversaciones entre amigos y familiares cercanos.,非正式语言是朋友和亲密家人之间对话特有的。,propio_2.jpg,考试路径|B1|adj,专四,考虑；认为；斟酌,光亮；光辉,热烈的（欢迎/感情）,大创内容组_senses_table_tem4 7.19.xlsx
prácticas,n,f,B1,1,,实习；见习,,Hice prácticas en una editorial durante el último año de carrera.,我大学最后一年在一家出版社实习。,practicas_1.jpg,考试路径|B1|n,专四,一打；十二个,不可见的；无形的,合法的；正当的；真正的,大创内容组_senses_table_tem4 7.19.xlsx
puntuación,n,f,B1,1,,标点；得分,,"La puntuación correcta —comas, puntos y signos de interrogación— hace el texto más claro.",正确的标点——逗号、句号和问号——能让文章更清晰。,puntuacion_1.jpg,考试路径|B1|n,专四,水手；海员,走私；走私货,自动的；自动化的,大创内容组_senses_table_tem4_with_images.xlsx
quincena,n,f,B1,1,,十五天；半个月,,Cada quincena el profesor corrige nuestros trabajos escritos.,每半个月老师批改我们的书面作业。,quincena_1.jpg,考试路径|B1|n,专四,工作日；工时,咨询；查阅；询问,适应（搭配 a）,大创内容组_senses_table_tem4 7.18.xlsx
rallar,v,n/a,B1,1,,擦碎；磨碎,,Ralla un poco de queso por encima de la pasta antes de servir el plato.,上菜之前在意大利面上擦一点奶酪碎。,rallar_1.jpg,考试路径|B1|v,专四,忘记（搭配 de）,拼写,擦洗；刷洗,大创内容组_senses_table_tem4 7.20.xlsx
razón,n,f,B1,2,,道理；理智,,Tienes toda la razón cuando dices que practicar a diario es más útil que estudiar muchas horas de golpe.,你说每天练习比一次性学很多个小时更有用，这话非常有道理。,razon_2.jpg,考试路径|B1|n,专四,环境；生态环境,利益；好处,纸牌；纸牌游戏,大创内容组_senses_table_tem4 7.19.xlsx
recoger,v,n/a,B1,2,,收集；采集,,Recogemos datos para nuestro trabajo de investigación.,我们收集调研所需的数据。,recoger_2.jpg,考试路径|B1|v,专四,躲藏；隐藏,代表团,发明；创造；创作；杜撰,大创内容组_senses_table_tem4 7.19.xlsx
recordar,v,n/a,B1,2,,提醒,,Recuérdame repasar los verbos esta noche.,提醒我今晚复习动词。,recordar_2.jpg,考试路径|B1|v,专四,料想；自行脑补,陈旧的；过时的,通知；获悉,大创内容组_senses_table_tem4 7.19.xlsx
recordar,v,n/a,B1,3,,记得（自复）,,Me recuerdo siempre de repasar antes de cada prueba.,我总记得每场测验前复习。,recordar_3.jpg,考试路径|B1|v,专四,无论什么地方；到处,小溪,自私的,大创内容组_senses_table_tem4 7.19.xlsx
recorrer,v,n/a,B1,1,,游览；走遍,,Recorrimos toda la ciudad a pie para descubrir sus rincones más escondidos y bonitos.,我们步行走遍了整座城市，去发现它最隐秘美丽的角落。,recorrer_1.jpg,考试路径|B1|v,专四,聊天；闲谈,极大的；无数的；广阔的,淹没；使泛滥；使充满；发水；闹水灾,大创内容组_senses_table_tem4 7.20.xlsx
recuperar,v,n/a,B1,1,,找回；补回,,Recupero el tiempo perdido estudiando más horas.,我多学习几小时补回浪费的时间。,recuperar_1.jpg,考试路径|B1|v,专四,详述；详细说明,小册子,债务；欠款,大创内容组_senses_table_tem4 7.19.xlsx
recurso,n,m,B1,1,,资源,,Los podcasts y vídeos subtitulados son recursos excelentes para mejorar la comprensión auditiva.,播客与带字幕视频是提高听力理解的绝佳资源。,recurso_1.jpg,考试路径|B1|n,专四,论述；论文,感谢；感激,大使馆,大创内容组_senses_table_tem4_with_images.xlsx
reflexionar,v,n/a,B1,1,,思考；深思；反思,,El tutor nos pidió reflexionar unos minutos sobre los errores más frecuentes cometidos en la traducción.,导师要求我们花几分钟时间，反思一下在翻译中那些最常犯的错误。,reflexionar_1.jpg,考试路径|B1|v,专四,一打；十二个,不规则的；无规律的,田野；开阔平原,大创内容组_senses_table_tem4 7.16.xlsx
reflexión,n,f,B1,1,,思考；反思；沉思,,Su diario de aprendizaje muestra una profunda reflexión sobre las dificultades de la gramática española.,他的学习日志展现了对西班牙语语法难点极其深刻的反思与总结。,reflexion_1.jpg,考试路径|B1|n,专四,认为…是自己的；自认为,箭；箭状物,获得（经验 / 机会）,大创内容组_senses_table_tem4 7.16.xlsx
refugio,n,m,B1,1,,避难所；庇护所,,Encontramos un refugio de montaña donde pudimos descansar y comer algo caliente.,我们找到了一个山间避难所，可以在那里休息并吃点热食。,refugio_1.jpg,考试路径|B1|n,专四,解释；阐释；理解,修道院；寺院,感动；激动,大创内容组_senses_table_tem4 7.20.xlsx
regatear,v,n/a,B1,1,,讨价还价,,"En el mercado de artesanía, se puede regatear un poco para conseguir un mejor precio.",在手工艺品市场上可以稍微还还价，以得到更优惠的价格。,regatear_1.jpg,考试路径|B1|v,专四,使变成；使转化,假朋友词（形似义不同）,哲学；哲理,大创内容组_senses_table_tem4 7.20.xlsx
registrar,v,n/a,B1,1,,记录；登记；注册,,Es importante registrar las fuentes bibliográficas de inmediato para no perder la información esencial.,立即记录文献来源是非常重要的，以免丢失关键信息。,registrar_1.jpg,考试路径|B1|v,专四,灵魂；心灵,高速公路,祝贺；恭喜,大创内容组_senses_table_tem4 7.16.xlsx
registro,n,m,B1,1,,语体；语域,,En un correo al profesor conviene un registro más formal que en un mensaje a un amigo.,给老师发邮件时，语体应比发给朋友的消息更加正式。,registro_1.jpg,考试路径|B1|n,专四,权力；权威；威信,锋利（刀具）,咬；咬住；磨损；消耗,大创内容组_senses_table_tem4_with_images.xlsx
relámpago,n,m,B1,1,,闪电,,Un relámpago iluminó todo el cielo antes de que sonara el trueno.,闪电照亮了整个天空，随后响起了雷声。,relampago_1.jpg,考试路径|B1|n,专四,热带雨林,圆盘；唱片,仆人；佣人,大创内容组_senses_table_tem4 7.20.xlsx
reparar,v,n/a,B1,1,,修补；修正,,Reparo los errores de conjugación en mis ejercicios.,我修正练习里的变位错误。,reparar_1.jpg,考试路径|B1|v,专四,水流；水流方向,路线；行程,上下文；语境,大创内容组_senses_table_tem4 7.19.xlsx
resolver,v,n/a,B1,1,,解决；解答,,Resuelvo todos los ejercicios de gramática cada noche.,我每晚做完所有语法练习题。,resolver_1.jpg,考试路径|B1|v,专四,稳定的；稳固的；持久的,海贝；海鲜,部门；系,大创内容组_senses_table_tem4 7.19.xlsx
reunirse,v,n/a,B1,1,,聚会；集合；会面,,Todos los sábados nos reunimos en la biblioteca para estudiar en grupo.,每周六我们都在图书馆集合，进行小组学习。,reunirse_1.jpg,考试路径|B1|v,专四,投降；致力于；沉溺于,查封；禁运,自由；无拘束,大创内容组_senses_table_tem4 7.20.xlsx
ruta,n,f,B1,1,,路线；线路,,La ruta del autobús número veintitrés pasa por la universidad y el centro comercial.,二十三路公交车的线路经过大学和购物中心。,ruta_1.jpg,考试路径|B1|n,专四,等等,解散（组织/集会）,激起；唤起（情感/兴趣）；醒悟,大创内容组_senses_table_tem4 7.20.xlsx
sacar,v,n/a,B1,2,,取得（分数 / 证件）,,Saqué una nota muy buena en el último examen de gramática.,上次语法考试我取得了很好的成绩。,sacar_2.jpg,考试路径|B1|v,专四,同样地；也,提醒,扫；打扫,大创内容组_senses_table_tem4 7.19.xlsx
sacar,v,n/a,B1,3,,拍照,,Sacamos fotos en el parque después de la clase cultural.,文化课结束后我们在公园拍了照。,sacar_3.jpg,考试路径|B1|v,专四,猜想；假定,开发；开采；剥削；利用,外国的；外来的；奇异的,大创内容组_senses_table_tem4 7.19.xlsx
sacudir,v,n/a,B1,1,,抖落；拍打,,Sacudo la alfombra para quitarle el polvo acumulado durante la semana.,我拍打地毯，抖掉积了一周的灰尘。,sacudir_1.jpg,考试路径|B1|v,专四,加长（物体）,堵塞（交通/管道等）,同样地；也,大创内容组_senses_table_tem4 7.20.xlsx
salir,v,n/a,B1,2,,出版；上映；发行,,La nueva película de ese director famoso saldrá en todos los cines el mes que viene.,那位名导演的新电影下个月将在所有影院上映。,salir_2.jpg,考试路径|B1|v,专四,缺乏,抱负；雄心；野心,借给,大创内容组_senses_table_tem4 7.17.xlsx
selva,n,f,B1,1,,热带雨林,,La selva amazónica alberga una gran cantidad de especies de plantas y animales.,亚马逊雨林拥有大量的动植物物种。,selva_1.jpg,考试路径|B1|n,专四,靠近；走近,邻接的；立即的；即刻的,值得；配得上,大创内容组_senses_table_tem4 7.20.xlsx
semestre,n,m,B1,1,,学期；半学年,,Este semestre cursamos asignaturas de cultura latinoamericana.,这个学期我们修拉美文化课程。,semestre_1.jpg,考试路径|B1|n,专四,城市的；市政的,结构的；构造的,优雅的；高雅的；华丽的,大创内容组_senses_table_tem4 7.18.xlsx
separar,v,n/a,B1,1,,分开；拆分,,Separo los verbos regulares de los irregulares en mis apuntes.,我在笔记里把规则动词和不规则动词分开整理。,separar_1.jpg,考试路径|B1|v,专四,暗自犹豫；心存疑虑,外面的；外表的；对外的；外部；外国,成绩单（学生）,大创内容组_senses_table_tem4 7.19.xlsx
separarse,v,n/a,B1,1,,分开；分离,,Nos separamos después de la clase para ir a distintas aulas.,下课后我们分开去往不同教室。,separarse_1.jpg,考试路径|B1|v,专四,使惊奇；感到异样,陈列；展览,极大的；无数的；广阔的,大创内容组_senses_table_tem4 7.19.xlsx
señalar,v,n/a,B1,1,,指出；标明,,El mapa señala claramente la ubicación de todos los museos de la ciudad.,地图上清楚地标出了该市所有博物馆的位置。,senalar_1.jpg,考试路径|B1|v,专四,理智；看法；见解,叫喊；感叹,昏迷；晕倒,大创内容组_senses_table_tem4 7.20.xlsx
siglo,n,m,B1,1,,世纪,,El siglo XXI trajo muchos cambios en el aprendizaje de idiomas.,二十一世纪给语言学习带来诸多改变。,siglo_1.jpg,考试路径|B1|n,专四,使分离；取下,停放（车辆）,队；旅；工作组,大创内容组_senses_table_tem4 7.18.xlsx
sinónimo,n,m,B1,1,,同义词,,"Busca un sinónimo más formal de «cosa» cuando escribas un texto académico, por ejemplo «elemento».",写学术文本时，给「cosa」找一个更正式的同义词，例如「elemento」。,sinonimo_1.jpg,考试路径|B1|n,专四,粗鲁愚蠢的人（比喻义）,走；行军；运转；进展；离开,舒适；方便,大创内容组_senses_table_tem4_with_images.xlsx
sociedad,n,f,B1,1,,社会；社团,,En la sociedad actual hay muchas formas diferentes de vivir y de pensar la vida.,在当今社会，有很多不同的生活方式和人生观念。,sociedad_1.jpg,考试路径|B1|n,专四,使具备；赋予,楼层,昏迷；晕倒,大创内容组_senses_table_tem4 7.18.xlsx
solicitar,v,n/a,B1,1,,申请；请求,,Tienes que solicitar el certificado de estudios en la secretaría antes de que termine el curso académico.,你必须在学年结束前去秘书处申请学习成绩证明。,solicitar_1.jpg,考试路径|B1|v,专四,石灰,癌症,煤；木炭,大创内容组_senses_table_tem4 7.16.xlsx
solicitud,n,f,B1,1,,申请；申请书,,He enviado mi solicitud para el programa de intercambio académico y estoy esperando la respuesta de la oficina.,我已经寄出了我的学术交换项目申请书，目前正在等待办公室的回复。,solicitud_1.jpg,考试路径|B1|n,专四,口径；直径,职位；职务,分；划分,大创内容组_senses_table_tem4 7.16.xlsx
sueldo,n,m,B1,1,,工资；薪水,,El sueldo de los recién graduados no suele ser muy alto el primer año.,刚毕业的学生第一年工资通常不会很高。,sueldo_1.jpg,考试路径|B1|n,专四,导师答疑；个别辅导；导师制,落空；失败,会议；大会,大创内容组_senses_table_tem4 7.19.xlsx
superar,v,n/a,B1,1,,克服；超越；胜过,,"Con la ayuda del profesor, logré superar todas las dificultades de la gramática subjuntiva.",在老师的帮助下，我成功克服了虚拟式语法的所有困难。,superar_1.jpg,考试路径|B1|v,专四,稳定的；稳固的；持久的,抢夺；强行拿走,注册；招收；登记学籍,大创内容组_senses_table_tem4 7.19.xlsx
suponer,v,n/a,B1,1,,猜想；假定,,Supongo que la mayoría aprobó el repaso parcial.,我猜想大部分人都通过了阶段小测。,suponer_1.jpg,考试路径|B1|v,专四,肥料,争论；争夺,铁路,大创内容组_senses_table_tem4 7.19.xlsx
susurrar,v,n/a,B1,1,,低语；轻声说话,,Los estudiantes susurran entre ellos mientras el profesor explica la gramática difícil.,老师在讲解难语法时，学生们互相低声交流。,susurrar_1.jpg,考试路径|B1|v,专四,地中海的；地中海,磨；研；榨；折磨,绝望；恼火,大创内容组_senses_table_tem4 7.20.xlsx
templado,adj,n/a,B1,1,,温和的；不冷不热的,,En primavera el clima es templado y los días son más largos y luminosos.,春天天气温和，白昼更长更亮。,templado_1.jpg,考试路径|B1|adj,专四,打赌,宣布；声明；申报,大使馆,大创内容组_senses_table_tem4 7.20.xlsx
temporada,n,f,B1,1,,时节；赛季；一段时期,,La temporada de exámenes requiere mucho esfuerzo y concentración.,考试季需要大量付出与专注。,temporada_1.jpg,考试路径|B1|n,专四,（器具等的）一套；组,困境；窘境,缺乏,大创内容组_senses_table_tem4 7.18.xlsx
tender,v,n/a,B1,1,,晾晒；挂,,Tiendo la ropa en el tendedero del balcón cuando hace buen tiempo.,天气好的时候我把衣服晾在阳台的晾衣绳上。,tender_1.jpg,考试路径|B1|v,专四,效力；效率,怀疑；疑问,折扣；减价,大创内容组_senses_table_tem4 7.20.xlsx
tocar,v,n/a,B1,2,,轮到；该（某人）,,"Te toca a ti responder la pregunta ahora, prepárate bien desde este mismo momento.",现在轮到你回答问题了，从现在起好好准备一下。,tocar_2.jpg,考试路径|B1|v,专四,模范的,移动；挪动,体面的；得体的,大创内容组_senses_table_tem4 7.17.xlsx
tormenta,n,f,B1,1,,暴风雨；风暴,,La tormenta obligó a cancelar todas las excursiones programadas para el fin de semana.,暴风雨迫使周末计划的所有郊游都被取消了。,tormenta_1.jpg,考试路径|B1|n,专四,修补；修正,减少；减弱；缩小,扳手；开关,大创内容组_senses_table_tem4 7.20.xlsx
trabajar,v,n/a,B1,2,,致力于；钻研；努力做,,Estamos trabajando en un proyecto muy importante para el futuro de la empresa.,我们正在致力于一个关乎公司未来的重要项目。,trabajar_2.jpg,考试路径|B1|v,专四,不多的；不足的,目的；宗旨,通知；公布,大创内容组_senses_table_tem4 7.17.xlsx
tradición,n,f,B1,1,,传统,,"La tradición de las fiestas populares combina música, comida y participación de toda la comunidad.",民间节日传统融合了音乐、美食和全社区的参与。,tradicion_1.jpg,考试路径|B1|n,专四,电缆；电线,参加；干涉；调解；发言,想起（固定搭配 de）,大创内容组_senses_table_tem4_with_images.xlsx
traducción,n,f,B1,1,,翻译,,La traducción no es solo cambiar palabras: hay que respetar el sentido y el tono del texto original.,翻译不只是换词，还要尊重原文的意义与语气。,traduccion_1.jpg,考试路径|B1|n,专八|专四,预算,拼写,梯子；阶梯,大创内容组_senses_table_tem4_with_images.xlsx
tragar,v,n/a,B1,1,,吞咽；咽下,,Tragué la pastilla con un vaso grande de agua para que no se quedara en la garganta.,我用一大杯水把药片吞下去，不让它卡在喉咙里。,tragar_1.jpg,考试路径|B1|v,专四,利用（机会、时间等）,靠近；走近,智力；头脑；思想,大创内容组_senses_table_tem4 7.20.xlsx
transporte,n,m,B1,1,,交通；运输,,El transporte público en Madrid es eficiente y llega a todos los barrios de la ciudad.,马德里的公共交通很高效，覆盖了城市的每个街区。,transporte_1.jpg,考试路径|B1|n,专四,甘蔗,理应得到（自复强调）,穿透；刺穿,大创内容组_senses_table_tem4 7.20.xlsx
trimestre,n,m,B1,1,,季度；三个月,,Cada trimestre hacemos un examen parcial de todos los temas vistos.,每个季度我们进行全部知识点期中测验。,trimestre_1.jpg,考试路径|B1|n,专四,冬季的,大使；使节,停放（车辆）,大创内容组_senses_table_tem4 7.18.xlsx
trueno,n,m,B1,1,,雷声；雷鸣,,El trueno fue tan fuerte que despertó a todos los niños de la casa.,雷声大得把家里所有孩子都吵醒了。,trueno_1.jpg,考试路径|B1|n,专四,扩大；放大,使协调；协调,嫉妒；羡慕,大创内容组_senses_table_tem4 7.20.xlsx
tráfico,n,m,B1,1,,交通；车流,,El tráfico en Madrid es muy intenso durante las horas punta de la mañana y de la tarde.,马德里早晚高峰时段交通非常拥堵。,trafico_1.jpg,考试路径|B1|n,专四,打算；准备,使就坐；安排就座,神；上帝,大创内容组_senses_table_tem4 7.20.xlsx
trámites,n,m,B1,1,,手续（常用复数）,,"Los trámites de visado exigen pasaporte, carta de admisión y prueba de fondos económicos.",签证手续需要护照、录取信和经济能力证明。,tramites_1.jpg,考试路径|B1|n,专四,结构；构造,国家的；国立的,养育；抚养,大创内容组_senses_table_tem4_with_images.xlsx
tutor,n,n/a,B1,1,,导师；指导老师；监护人,,Mi tutor me recomendó participar en este proyecto de investigación para ganar más experiencia académica.,我的导师推荐我参加这个研究项目，以便积累更多的学术经验。,tutor_1.jpg,考试路径|B1|n,专四,声明；宣布；表示；显示；游行；发表意见,乐观的,温和的；不冷不热的,大创内容组_senses_table_tem4 7.16.xlsx
tutoría,n,f,B1,1,,导师答疑；个别辅导；导师制,,Aproveché la tutoría de esta tarde para resolver todas mis dudas sobre la conjugación del subjuntivo.,我利用今天下午的导师答疑时间，解决了所有关于虚拟式变位的疑问。,tutoria_1.jpg,考试路径|B1|n,专四,外地的；外来的；外地人,聚会；集合；会面,口译；阐释；理解,大创内容组_senses_table_tem4 7.16.xlsx
untar,v,n/a,B1,1,,涂抹；擦,,Unta la mantequilla en el pan tostado mientras aún está caliente.,在烤面包还热的时候把黄油抹上去。,untar_1.jpg,考试路径|B1|v,专四,魔鬼；恶魔；淘气鬼,工资；薪水,现象；怪事；非凡的人,大创内容组_senses_table_tem4 7.20.xlsx
valiente,adj,n/a,B1,1,,勇敢的；无畏,,Hay que ser valiente para hablar español delante de toda la clase.,敢于在全班面前说西班牙语，需要勇气。,valiente_1.jpg,考试路径|B1|adj,专四,外表；神态；样子,游行；列队行进,资产阶级,大创内容组_senses_table_tem4 7.18.xlsx
vehículo,n,m,B1,1,,车辆；交通工具,,En el centro de la ciudad está prohibido circular con vehículos privados durante el día.,市中心白天禁止私人车辆通行。,vehiculo_1.jpg,考试路径|B1|n,专四,砍刀；大刀,报名；注册；登记,议员；代表,大创内容组_senses_table_tem4 7.20.xlsx
ventisca,n,f,B1,1,,暴风雪；大风雪,,La ventisca cerró varias carreteras y los estudiantes no pudieron volver a casa.,暴风雪导致多条公路封闭，学生们无法回家。,ventisca_1.jpg,考试路径|B1|n,专四,使就坐；安排就座,侦察；窥探；暗中监视,海的；海洋的,大创内容组_senses_table_tem4 7.20.xlsx
vivir,v,n/a,B1,2,,生活；过活；度过,,Hay que vivir cada día con alegría y agradecimiento por todas las cosas buenas.,我们应该带着快乐和感恩度过每一天，珍惜所有美好事物。,vivir_2.jpg,考试路径|B1|v,专四,掩饰；隐瞒,扩大；放大,目标,大创内容组_senses_table_tem4 7.17.xlsx
volcán,n,m,B1,1,,火山,,El volcán del Teide en Tenerife es el pico más alto de todo el territorio español.,特内里费岛上的泰德火山是整个西班牙领土上的最高峰。,volcan_1.jpg,考试路径|B1|n,专四,测量；计量；量度,发射；发行；广播,无用的；无益的；无价值的,大创内容组_senses_table_tem4 7.20.xlsx
voluntad,n,f,B1,1,,意志；意愿,,Para aprender un idioma extranjero hace falta mucha voluntad y constancia diaria.,学习一门外语需要很强的意志力和每天的坚持。,voluntad_1.jpg,考试路径|B1|n,专四,放弃；停止,角；角度；角落,记者；新闻工作者,大创内容组_senses_table_tem4 7.19.xlsx
álamo,n,m,B1,1,,杨树,,Los álamos crecen rápidamente a la orilla del río y ofrecen una sombra muy agradable.,杨树在河岸边生长得很快，提供非常舒适的树荫。,alamo_1.jpg,考试路径|B1|n,专四,降落；着陆,小伙子；年轻姑娘,精确的；准确的；明确的,大创内容组_senses_table_tem4 7.30.xlsx
ámbito,n,m,B1,1,,范围；领域；界限；界线,,Este tema pertenece al ámbito de la literatura hispanoamericana del siglo XX.,这个话题属于二十世纪拉美文学的范畴。,ambito_1.jpg,考试路径|B1|n,专四,同事；同僚,抵御；自我保护,超过；胜过,大创内容组_senses_table_tem4 7.30.xlsx
ángel,n,m,B1,1,,天使,,Mi abuela siempre dice que mi hermana pequeña es un ángel por su bondad y dulzura.,我奶奶总是说我妹妹是一个天使，因为她善良又温柔。,angel_1.jpg,考试路径|B1|n,专四,档案；档案馆,提升；上升；升高,一系列；连锁,大创内容组_senses_table_tem4 7.30.xlsx
ángulo,n,m,B1,1,,角；角度；角落,,"En la clase de geometría, aprendimos a medir los ángulos de diferentes figuras.",在几何课上，我们学会了测量不同图形的角度。,angulo_1.jpg,考试路径|B1|n,专四,谎言；杜撰；假象,细节；详述；零碎,哥斯达黎加的；哥斯达黎加人,大创内容组_senses_table_tem4 7.30.xlsx
árbitro,n,n/a,B1,1,,裁判；仲裁人,,El árbitro del partido de fútbol tomó una decisión muy polémica en los últimos minutos.,足球比赛的裁判在最后几分钟做出了一个非常有争议的判罚。,arbitro_1.jpg,考试路径|B1|n,专四,分；划分,奇事；奇迹；奇观；惊奇,外面的；外表的；对外的；外部；外国,大创内容组_senses_table_tem4 7.31.xlsx
árbol,n,m,B1,2,,轴（机器）；桅（船）,,El barco perdió su árbol mayor durante la tormenta y tuvo que regresar al puerto.,船在暴风雨中失去了主桅，不得不返回港口。,arbol_2.jpg,考试路径|B1|n,专四,包；裹,绳索；绳子,买主；顾客,大创内容组_senses_table_tem4 7.31.xlsx
área,n,f,B1,1,,领域；范围；面积（数学/几何）,,El área de la lingüística aplicada estudia cómo se utiliza el lenguaje en situaciones reales.,应用语言学领域研究语言在实际情境中如何使用。,area_2.jpg,考试路径|B1|n,专四,出版；版本，版次,扑向；扑过去,预报；预测,大创内容组_senses_table_tem4 7.31.xlsx
átomo,n,m,B1,1,,原子,,Los científicos lograron dividir el átomo y liberar una gran cantidad de energía nuclear.,科学家们成功分裂了原子并释放出大量的核能。,atomo_1.jpg,考试路径|B1|n,专四,切碎；剁碎；啄,签名；签字,橱窗；玻璃柜,大创内容组_senses_table_tem4 7.31.xlsx
época,n,f,B1,1,,时期；时代,,La época dorada de la literatura española produjo obras maestras que aún se estudian.,西班牙文学的黄金时代产生了至今仍在研究的杰作。,epoca_1.jpg,考试路径|B1|n,专四,集市；市场；交易会；博览会,不规则的；无规律的,贵妇人；女士,大创内容组_senses_table_tem4 9.16.xlsx
ético,adj,n/a,B1,1,,伦理的；道德的,,Es importante mantener un comportamiento ético en todos los trabajos académicos.,在所有学术工作中保持道德行为很重要。,etico_1.jpg,考试路径|B1|adj,专四,宫廷；皇室,使消遣；使娱乐,绝望；恼火,大创内容组_senses_table_tem4 9.16.xlsx
éxito,n,m,B1,1,,成功；成就；胜利,,El éxito en el examen TEM4 depende de la preparación constante durante todo el año.,专四考试的成功取决于全年的持续准备。,exito_1.jpg,考试路径|B1|n,专四,毯子；被子；披风,更偏爱；宁愿,装饰；装潢,大创内容组_senses_table_tem4 7.19.xlsx
íntimo,adj,n/a,B1,1,,最深处的；内心的；亲密的,,Compartieron un momento íntimo de amistad durante el viaje de estudios.,他们在游学期间分享了一段亲密的友谊时光。,intimo_1.jpg,考试路径|B1|adj,专四,缺席的；缺席者,文学的,语体；语域,大创内容组_senses_table_tem4 9.26.xlsx
adquirir,v,n/a,B2,1,,获取；获得；习得,,Es necesario adquirir buenos hábitos de estudio para rendir bien en los exámenes finales.,有必要养成良好的学习习惯，才能在期末考试中取得好成绩。,adquirir_1.jpg,考试路径|B2|v,专四,庄严的；雄伟的；壮丽的,立法；法规；法学,吸收；同化,大创内容组_senses_table_tem4 7.19.xlsx
agente,n,n/a,B2,2,,因素；动因,,El profesor considera que el interés personal es el agente más importante para aprender idiomas.,老师认为个人兴趣是学习语言最重要的动因因素。,agente_2.jpg,考试路径|B2|n,专四,培训；使有能力；使合格,对比；对照；形成反差,编纂；合集；汇编,大创内容组_senses_table_tem4 7.19.xlsx
aliento,n,m,B2,2,,勇气；魄力,,"Con aliento y determinación, logró superar todas las dificultades del camino.",凭着一股勇气和决心，他克服了路上所有的困难。,aliento_2.jpg,考试路径|B2|n,专四,大小；体积；量；重要性,吸收；消化（知识等）,培训；使有能力；使合格,大创内容组_senses_table_tem4 7.30.xlsx
analfabeto,n,n/a,B2,2,,无知的（比喻义）,,"Es analfabeto en tecnología, no sabe usar ni el correo electrónico correctamente.",他在技术方面是无知的，连电子邮件都不会正确使用。,analfabeto_2.jpg,考试路径|B2|n,专四,致命性；死亡率,聪明；才智；才能,不死的；永垂不朽的；流芳百世的人,大创内容组_senses_table_tem4 7.30.xlsx
análisis,n,m,B2,1,,分析,,El análisis del discurso revela cómo los conectores organizan la argumentación en un editorial.,话语分析揭示连接词如何在社论中组织论证结构。,analisis_1.jpg,考试路径|B2|n,专八|专四,变异；变体差异,视角；观点,承诺；介入,大创内容组_senses_table_tem8_with_images.xlsx
aproximado,adj,n/a,B2,1,,大概的；近似的；约莫的,,El número aproximado de palabras que necesitas dominar para el nivel B1 es dos mil.,B1水平需要掌握的词汇量大概为两千个左右。,aproximado_1.jpg,考试路径|B2|adj,专四,司法的；法院的,散发（气味、气体等）,更新；换新,大创内容组_senses_table_tem4 7.19.xlsx
argumentar,v,n/a,B2,1,,论证；辩论；提出理由,,Es fundamental aprender a argumentar tu punto de vista con datos sólidos durante un debate académico.,在学术辩论中，学会用坚实的数据来论证你的观点是至关重要的。,argumentar_1.jpg,考试路径|B2|v,专四,光辉灿烂的；壮丽的,吸收；消化（知识等）,推断；推论；扣除,大创内容组_senses_table_tem4 7.16.xlsx
asimilación,n,f,B2,1,,吸收；同化,,La lectura diaria facilita la asimilación del vocabulario académico en un contexto real.,每日阅读有利于在真实的语境中吸收学术词汇。,asimilacion_1.jpg,考试路径|B2|n,专四,性格；本性；性质；种类,死；逝世；耗尽,幼儿；王子；公主,大创内容组_senses_table_tem4 7.16.xlsx
asimilar,v,n/a,B2,1,,吸收；消化（知识等）,,Necesitamos tiempo para asimilar tantos conceptos gramaticales nuevos antes del próximo examen.,在下次考试前，我们需要时间来消化吸收这么多新的语法概念。,asimilar_1.jpg,考试路径|B2|v,专四,使具体化；明确；具体说明,勇气；魄力,发表；发布,大创内容组_senses_table_tem4 7.16.xlsx
calificado,adj,n/a,B2,1,,有资格的；合格的；胜任的,,La empresa extranjera está buscando traductores altamente calificados para su nueva sede en Madrid.,这家外企正在为其马德里的新总部寻找高素质且合格的翻译人员。,calificado_1.jpg,考试路径|B2|adj,专四,反向的；逆向的,研究；调查；学术研究,技巧；技能；熟练,大创内容组_senses_table_tem4 7.16.xlsx
capacitar,v,n/a,B2,1,,培训；使有能力；使合格,,Este curso de traducción jurídica nos va a capacitar para traducir documentos oficiales en el futuro.,这门法律翻译课程将使我们在未来有能力翻译官方文件。,capacitar_1.jpg,考试路径|B2|v,专四,标准；准则；判断依据,致命性；死亡率,负债；坚持,大创内容组_senses_table_tem4 7.16.xlsx
caracterizar,v,n/a,B2,1,,使具有特点；是…的特征,,La diversidad cultural caracteriza a los países hispanos de América Latina.,文化多样性是拉丁美洲西语国家的特征。,caracterizar_1.jpg,考试路径|B2|v,专四,有生殖力的；多产的；肥沃的,调查；研究；探索,分析,大创内容组_senses_table_tem4 7.31.xlsx
caracterizarse,v,n/a,B2,1,,以…为特点,,La literatura hispanoamericana se caracteriza por su realismo mágico y su riqueza narrativa.,拉美文学以魔幻现实主义和丰富的叙事为特点。,caracterizarse_1.jpg,考试路径|B2|v,专四,大小；体积；量；重要性,疏忽,大会；集会,大创内容组_senses_table_tem4 7.31.xlsx
cargo,n,m,B2,2,,责任；负责,,El profesor está a cargo del programa de intercambio con universidades latinoamericanas.,老师负责与拉美大学的交流项目。,cargo_2.jpg,考试路径|B2|n,专四,合作；协作,分析,丰富；充实,大创内容组_senses_table_tem4 7.19.xlsx
clarificar,v,n/a,B2,1,,澄清；阐明；使纯净,,Voy a clarificar mi postura sobre este tema para que todos entiendan mi punto de vista.,我将阐明自己在这个问题上的立场，以便所有人都能理解我的观点。,clarificar_1.jpg,考试路径|B2|v,专四,精巧的；聪敏的,吸收；同化,伊斯兰教,大创内容组_senses_table_tem4 7.19.xlsx
colaboración,n,f,B2,1,,合作；协作,,"Gracias a la estrecha colaboración entre las dos universidades, pudimos realizar el seminario web con gran éxito.",多亏了两所大学之间的密切合作，我们才得以圆满成功地举办了网络研讨会。,colaboracion_1.jpg,考试路径|B2|n,专四,面貌；外貌；外观,马克思主义,勇气；魄力,大创内容组_senses_table_tem4 7.16.xlsx
colaborar,v,n/a,B2,1,,合作；协作,,Es un honor colaborar con profesores tan experimentados para desarrollar el nuevo material didáctico del departamento.,能与如此经验丰富的老师们合作，共同开发系里的新教学材料，真是我的荣幸。,colaborar_1.jpg,考试路径|B2|v,专四,论证；辩论；提出理由,配图；举例说明,深入；深入了解；钻研,大创内容组_senses_table_tem4 7.16.xlsx
compilación,n,f,B2,1,,编纂；合集；汇编,,Esta compilación de poemas hispanos nos ayuda a comprender mejor el modernismo literario.,这本西语诗歌合集帮助我们更好地理解文学上的现代主义。,compilacion_1.jpg,考试路径|B2|n,专四,有资格的；合格的；胜任的,评估；考试；评价,聪明；才智；才能,大创内容组_senses_table_tem4 7.16.xlsx
compilar,v,n/a,B2,1,,编纂；汇编,,El departamento decidió compilar todos los artículos excelentes en un libro conmemorativo.,系里决定将所有优秀的论文汇编成一本纪念册。,compilar_1.jpg,考试路径|B2|v,专四,一段时间；期间,分析,使具体化；明确；具体说明,大创内容组_senses_table_tem4 7.16.xlsx
concretar,v,n/a,B2,1,,使具体化；明确；具体说明,,"Para concretar la idea principal, el profesor puso varios ejemplos prácticos en la pizarra.",为了具体说明主要观点，老师在黑板上举了好几个实际例子。,concretar_1.jpg,考试路径|B2|v,专四,合作；协作,庄严的；雄伟的；壮丽的,深入；深入了解；钻研,大创内容组_senses_table_tem4 7.19.xlsx
confesar,v,n/a,B2,1,,承认；坦白,,El estudiante confesó que no había hecho los deberes porque se le olvidó por completo.,学生承认他没有做作业，因为他完全忘记了。,confesar_1.jpg,考试路径|B2|v,专四,具体的；特定的；特有的,评估；评价；给...打分,分析,大创内容组_senses_table_tem4 7.20.xlsx
contrastar,v,n/a,B2,1,,对比；对照；形成反差,,Debes contrastar tus resultados con otros estudios previos para verificar la validez del análisis.,你必须将你的结果与先前的其他研究进行对比，以验证分析的有效性。,contrastar_1.jpg,考试路径|B2|v,专四,立法；法规；法学,联系；关联；连接,庄严的；雄伟的；壮丽的,大创内容组_senses_table_tem4 7.16.xlsx
criterio,n,m,B2,1,,标准；准则；判断依据,,El profesor utiliza varios criterios para evaluar la calidad de nuestros trabajos escritos.,老师使用多种标准来评估我们书面作业的质量。,criterio_1.jpg,考试路径|B2|n,专八|专四,对照；对立设置,构型；配置,因果关系,大创内容组_senses_table_tem4 7.19.xlsx
cuestionar,v,n/a,B2,1,,质疑；对...提出疑问,,Los debates universitarios nos enseñan a cuestionar las teorías establecidas y pensar críticamente.,大学辩论教会我们去质疑既定的理论，并进行批判性思考。,cuestionar_1.jpg,考试路径|B2|v,专四,承认；坦白,不死的；永垂不朽的；流芳百世的人,相似的；类似的；相仿的,大创内容组_senses_table_tem4 7.16.xlsx
cáncer,n,m,B2,2,,社会弊病（比喻义）,,La corrupción es un cáncer que destruye lentamente las instituciones democráticas.,腐败是慢慢摧毁民主制度的一种社会弊病。,cancer_2.jpg,考试路径|B2|n,专四,改革；革新,象牙；象牙制品,调查；探究；深入研究,大创内容组_senses_table_tem4 7.31.xlsx
deducción,n,f,B2,1,,推断；推论；演绎,,Tu deducción lógica sobre el final de la novela española sorprendió gratamente a toda la clase.,你对这部西班牙小说结局的逻辑推断让全班同学感到惊喜和钦佩。,deduccion_1.jpg,考试路径|B2|n,专八|专四,评论；批评,加工；阐述,切入角度；方法焦点,大创内容组_senses_table_tem4 7.16.xlsx
deducir,v,n/a,B2,1,,推断；推论；扣除,,"A partir del contexto de la lectura, podemos deducir fácilmente el significado de esta palabra desconocida.",根据阅读的上下文，我们能很容易地推断出这个生词的意思。,deducir_1.jpg,考试路径|B2|v,专四,以…为特点,丰富；充实,有资格的；合格的；胜任的,大创内容组_senses_table_tem4 7.16.xlsx
destreza,n,f,B2,1,,技巧；技能；熟练,,"La traducción de textos literarios requiere no solo vocabulario, sino también una gran destreza de escritura.",文学文本的翻译不仅需要词汇量，还需要高超的写作技巧。,destreza_1.jpg,考试路径|B2|n,专四,发表；发布,流出；热情；感情流露,不死的；永垂不朽的；流芳百世的人,大创内容组_senses_table_tem4 7.16.xlsx
dominio,n,m,B2,1,,精通；掌握；领地,,Su excelente dominio de la gramática española le permitió traducir este difícil artículo jurídico sin problemas.,她对西班牙语语法的精通使她能够顺利翻译这篇难懂的法律文章。,dominio_1.jpg,考试路径|B2|n,专四,疏忽,编纂；合集；汇编,使具有特点；是…的特征,大创内容组_senses_table_tem4 7.16.xlsx
dominio,n,m,B2,2,,统治；控制；支配权,,El dominio del español en el mundo ha crecido enormemente en las últimas décadas.,近几十年来，西班牙语在世界上的影响力大幅增长。,dominio_2.jpg,考试路径|B2|n,专四,幼儿；王子；公主,庄严的；雄伟的；壮丽的,推断；推论；演绎,大创内容组_senses_table_tem4 9.13.xlsx
efusión,n,f,B2,1,,流出；热情；感情流露,,La efusión de emociones durante la despedida conmovió a todos los presentes.,告别时感情的流露感动了在场所有人。,efusion_1.jpg,考试路径|B2|n,专四,组织；构建；使条理化,以…为特点,责任；负责,大创内容组_senses_table_tem4 9.13.xlsx
egresado,n,n/a,B2,1,,（大学）毕业生；校友,,"Como egresado de esta prestigiosa universidad, siempre intento ayudar a los nuevos alumnos de nuestra facultad.",作为这所名牌大学 of 毕业生，我总是尽力向我们学院的新同学们提供帮助。,egresado_1.jpg,考试路径|B2|n,专四,概括；列出纲要；使图式化,自吹；吹嘘,操作；诡计；演习,大创内容组_senses_table_tem4 7.16.xlsx
emanar,v,n/a,B2,1,,出自；源自,,La palabra «álgebra» emana del árabe y tiene una historia fascinante.,“álgebra”这个词源自阿拉伯语，有着迷人的历史。,emanar_1.jpg,考试路径|B2|v,专四,评估；评价；给...打分,论证；辩论；提出理由,死；逝世；耗尽,大创内容组_senses_table_tem4 9.13.xlsx
emanar,v,n/a,B2,2,,散发（气味、气体等）,,Las flores del jardín emanan un aroma muy agradable en primavera.,春天花园里的花散发出非常宜人的香气。,emanar_2.jpg,考试路径|B2|v,专四,（大学）毕业生；校友,使均衡；使平等；使平整,民兵,大创内容组_senses_table_tem4 9.13.xlsx
empeñar,v,n/a,B2,1,,典当；允诺；开始,,El joven empeñó su reloj para pagar la matrícula del curso de español.,这个年轻人典当了手表来支付西班牙语课程的学费。,empenar_1.jpg,考试路径|B2|v,专四,吸收；同化,大小；体积；量；重要性,专攻；主修；专门研究,大创内容组_senses_table_tem4 9.13.xlsx
empeñarse,v,n/a,B2,1,,负债；坚持,,Se empeñó en estudiar todos los días aunque tenía poco tiempo libre.,尽管空闲时间很少，他还是坚持每天学习。,empenarse_1.jpg,考试路径|B2|v,专四,疏忽,勇气；魄力,约定；规定,大创内容组_senses_table_tem4 9.13.xlsx
enriquecer,v,n/a,B2,1,,丰富；充实,,Leer mucho enriquece nuestro vocabulario.,大量阅读能丰富我们的词汇量。,enriquecer_1.jpg,考试路径|B2|v,专四,技巧；技能；熟练,吸收；同化,勇气；魄力,大创内容组_senses_table_tem4 7.19.xlsx
especializarse,v,n/a,B2,1,,专攻；主修；专门研究,,Decidí especializarse en traducción simultánea después de terminar mi carrera de grado en español.,我决定在完成西班牙语本科学业后，专攻同声传译方向。,especializarse_1.jpg,考试路径|B2|v,专四,编辑；撰稿人,象牙；象牙制品,肯定的；毫无疑问的,大创内容组_senses_table_tem4 7.16.xlsx
específico,adj,n/a,B2,1,,具体的；特定的；特有的,,Este diccionario avanzado incluye ejemplos específicos para cada uso gramatical complejo.,这本高阶词典为每个复杂的语法用法都提供了具体的例子。,especifico_1.jpg,考试路径|B2|adj,专四,民族主义的；国家主义的；民族主义者,使均衡；使平等；使平整,技巧；技能；熟练,大创内容组_senses_table_tem4 7.19.xlsx
esplendor,n,m,B2,1,,光辉；辉煌；壮丽,,El esplendor de la Alhambra atrae a millones de turistas de todo el mundo.,阿尔罕布拉宫的壮丽吸引了全世界数百万游客。,esplendor_1.jpg,考试路径|B2|n,专四,负债；坚持,死；逝世；耗尽,以…为特点,大创内容组_senses_table_tem4 9.16.xlsx
esplendoroso,adj,n/a,B2,1,,光辉灿烂的；壮丽的,,La ceremonia de graduación fue un evento esplendoroso que emocionó a todos.,毕业典礼是一场光辉灿烂的活动，感动了所有人。,esplendoroso_1.jpg,考试路径|B2|adj,专四,疏忽,丰富；充实,精巧的；聪敏的,大创内容组_senses_table_tem4 9.16.xlsx
esquematizar,v,n/a,B2,1,,概括；列出纲要；使图式化,,Esquematiza el contenido del texto en un diagrama de árbol para estudiar mejor la estructura.,将课文内容用树形图来概括，以便更好地研究其结构。,esquematizar_1.jpg,考试路径|B2|v,专四,综合；总结；合成,标准；准则；判断依据,伊斯兰教,大创内容组_senses_table_tem4 7.19.xlsx
estipular,v,n/a,B2,1,,约定；规定,,El contrato estipula que los estudiantes deben asistir al ochenta por ciento de las clases.,合同规定学生必须出席百分之八十的课程。,estipular_1.jpg,考试路径|B2|v,专四,大会；集会,综合；总结；合成,标准；准则；判断依据,大创内容组_senses_table_tem4 9.16.xlsx
estructurar,v,n/a,B2,1,,组织；构建；使条理化,,El tutor nos enseñó cómo estructurar el marco teórico de nuestra tesis de grado de forma coherente.,导师教会了我们如何以连贯的方式构建我们学士学位论文的理论框架。,estructurar_1.jpg,考试路径|B2|v,专四,质疑；对...提出疑问,表现；成绩；效率,民族主义的；国家主义的；民族主义者,大创内容组_senses_table_tem4 7.16.xlsx
evaluación,n,f,B2,1,,评估；考试；评价,,La evaluación final del curso de español se basa tanto en la participación diaria como en el examen escrito.,西语课程的期末评估既基于日常参与度，也基于笔试成绩。,evaluacion_1.jpg,考试路径|B2|n,专八|专四,术语,认知,一致性；连贯严谨,大创内容组_senses_table_tem4 7.16.xlsx
evaluar,v,n/a,B2,1,,评估；评价；给...打分,,El comité académico va a evaluar los proyectos de los estudiantes de acuerdo con su originalidad.,学术委员会将根据创意性来评估学生们的项目。,evaluar_1.jpg,考试路径|B2|v,专四,相似的；类似的；相仿的,表现；成绩；效率,获取；获得；习得,大创内容组_senses_table_tem4 7.16.xlsx
fallecer,v,n/a,B2,1,,死；逝世；耗尽,,El escritor falleció a los noventa años dejando una obra literaria inmensa.,这位作家九十岁时逝世，留下了大量文学作品。,fallecer_1.jpg,考试路径|B2|v,专四,要求；申请；申请书,现代主义,然而；但是,大创内容组_senses_table_tem4 9.16.xlsx
fecundo,adj,n/a,B2,1,,有生殖力的；多产的；肥沃的,,El valle del río es una tierra fecunda donde crecen todo tipo de cultivos.,河谷是一片肥沃的土地，各种农作物都在那里生长。,fecundo_1.jpg,考试路径|B2|adj,专四,单纯的；纯粹的,联系；纽带；密切关系,散发（气味、气体等）,大创内容组_senses_table_tem4 9.16.xlsx
fidelidad,n,f,B2,1,,忠实；忠诚；真实,,La fidelidad a los textos originales es fundamental en la traducción literaria.,忠实于原文在文学翻译中至关重要。,fidelidad_1.jpg,考试路径|B2|n,专四,有资格的；合格的；胜任的,编纂；汇编,改革；革新,大创内容组_senses_table_tem4 9.16.xlsx
firma,n,f,B2,2,,公司；企业,,Trabaja en una firma internacional que se dedica a la traducción de documentos legales.,他在一家专门从事法律文件翻译的国际公司工作。,firma_2.jpg,考试路径|B2|n,专四,改革；革新,散发（气味、气体等）,民兵,大创内容组_senses_table_tem4 7.19.xlsx
fisonomía,n,f,B2,1,,面貌；外貌；外观,,La fisonomía de la ciudad cambió completamente después de la renovación del centro.,市中心翻新后，城市的面貌完全改变了。,fisonomia_1.jpg,考试路径|B2|n,专四,评估；考试；评价,研究；调查；学术研究,（大学）毕业生；校友,大创内容组_senses_table_tem4 9.16.xlsx
ilustrar,v,n/a,B2,1,,配图；举例说明,,Ilustro cada regla con un ejemplo sencillo.,我用简单例句说明每条语法规则。,ilustrar_1.jpg,考试路径|B2|v,专四,大小；体积；量；重要性,发表；发布,宗主国；首都；大城市,大创内容组_senses_table_tem4 7.19.xlsx
indagación,n,f,B2,1,,调查；探究；深入研究,,La indagación sobre los métodos de enseñanza modernos es el tema principal de su tesis doctoral.,关于现代教学方法的探究是她博士论文的主题。,indagacion_1.jpg,考试路径|B2|n,专四,合计；总额,推断；推论；演绎,精巧的；聪敏的,大创内容组_senses_table_tem4 7.16.xlsx
indagar,v,n/a,B2,1,,调查；探究；深入研究,,El profesor nos animó a indagar más sobre la influencia del árabe en el léxico español.,教授鼓励我们深入探究阿拉伯语对西班牙语词汇的影响。,indagar_1.jpg,考试路径|B2|v,专四,表现；成绩；效率,不可战胜的；无敌的,技巧；技能；熟练,大创内容组_senses_table_tem4 7.16.xlsx
indudable,adj,n/a,B2,1,,肯定的；毫无疑问的,,Es indudable que el español es una de las lenguas más importantes del mundo.,毫无疑问，西班牙语是世界上最重要的语言之一。,indudable_1.jpg,考试路径|B2|adj,专四,联系；纽带；密切关系,疏忽,忠实；忠诚；真实,大创内容组_senses_table_tem4 9.26.xlsx
industrialización,n,f,B2,1,,工业化,,La industrialización de las ciudades trajo tanto progreso como problemas ambientales.,城市的工业化既带来了进步，也带来了环境问题。,industrializacion_1.jpg,考试路径|B2|n,专四,出自；源自,因素；动因,统治；控制；支配权,大创内容组_senses_table_tem4 9.26.xlsx
infante,n,n/a,B2,1,,幼儿；王子；公主,,El infante recibió una educación muy completa en la corte española.,这位王子在西班牙宫廷接受了非常全面的教育。,infante_1.jpg,考试路径|B2|n,专四,大小；体积；量；重要性,肯定的；毫无疑问的,统治；控制；支配权,大创内容组_senses_table_tem4 9.26.xlsx
ingenio,n,m,B2,1,,聪明；才智；才能,,El ingenio del estudiante sorprendió a todos con su solución creativa.,这名学生的才智以创造性的解决方案让所有人惊讶。,ingenio_1.jpg,考试路径|B2|n,专四,庄严的；雄伟的；壮丽的,光辉；辉煌；壮丽,调查；探究；深入研究,大创内容组_senses_table_tem4 9.26.xlsx
ingenioso,adj,n/a,B2,1,,精巧的；聪敏的,,El estudiante ingenioso encontró una manera muy creativa de resolver el problema.,这位聪敏的学生找到了非常有创意的解决问题的方法。,ingenioso_1.jpg,考试路径|B2|adj,专四,吸收；同化,使具体化；明确；具体说明,删除；去掉,大创内容组_senses_table_tem4 9.26.xlsx
inmortal,n,n/a,B2,1,,不死的；永垂不朽的；流芳百世的人,,Las obras de Cervantes son inmortales y siguen leyéndose siglos después.,塞万提斯的作品是不朽的，几个世纪后仍被阅读。,inmortal_1.jpg,考试路径|B2|n,专四,致命性；死亡率,不可否认的；无可争辩的,疏忽的；心不在焉的,大创内容组_senses_table_tem4 9.26.xlsx
innegable,adj,n/a,B2,1,,不可否认的；无可争辩的,,Es innegable que la práctica constante mejora la fluidez en español.,不可否认，持续练习能提高西班牙语的流利度。,innegable_1.jpg,考试路径|B2|adj,专四,评估；考试；评价,详细的；仔细的,相似的；类似的；相仿的,大创内容组_senses_table_tem4 9.26.xlsx
innovar,v,n/a,B2,1,,改革；革新,,La universidad innova en sus métodos de enseñanza con nuevas tecnologías.,大学用新技术革新其教学方法。,innovar_1.jpg,考试路径|B2|v,专四,法律的；法律规定的,军事；兵役,散发（气味、气体等）,大创内容组_senses_table_tem4 9.26.xlsx
innumerable,adj,n/a,B2,1,,无数的；数不清的,,Hay innumerables recursos en línea para aprender español de forma gratuita.,有无数在线资源可以免费学习西班牙语。,innumerable_1.jpg,考试路径|B2|adj,专四,发表；发布,不死的；永垂不朽的；流芳百世的人,调查；研究；探索,大创内容组_senses_table_tem4 9.26.xlsx
instancia,n,f,B2,1,,要求；申请；申请书,,El estudiante presentó una instancia para solicitar una beca de intercambio.,这名学生提交了一份申请，请求交换奖学金。,instancia_1.jpg,考试路径|B2|n,专四,有生殖力的；多产的；肥沃的,责任；负责,使具有特点；是…的特征,大创内容组_senses_table_tem4 9.26.xlsx
internarse,v,n/a,B2,1,,深入；深入了解；钻研,,Los estudiantes se internaron en el bosque para estudiar la flora y fauna local.,学生们深入森林研究当地的动植物。,internarse_1.jpg,考试路径|B2|v,专四,责任；负责,现代主义,合作；协作,大创内容组_senses_table_tem4 9.26.xlsx
invencible,adj,n/a,B2,1,,不可战胜的；无敌的,,El equipo de debate de la universidad parece invencible esta temporada.,大学辩论队本赛季似乎不可战胜。,invencible_1.jpg,考试路径|B2|adj,专四,马克思主义,玉；玉石,神话的,大创内容组_senses_table_tem4 9.26.xlsx
inverso,adj,n/a,B2,1,,反向的；逆向的,,La relación entre el esfuerzo y el resultado no siempre es inversa.,努力和结果之间的关系并不总是相反的。,inverso_1.jpg,考试路径|B2|adj,专四,联系；关联；连接,明确；澄清；具体指出,相似的；类似的；相仿的,大创内容组_senses_table_tem4 9.26.xlsx
investigación,n,f,B2,1,,研究；调查；学术研究,,La biblioteca universitaria ofrece numerosos recursos digitales para facilitar la investigación de los estudiantes de grado.,大学图书馆提供了众多的数字资源，以便利本科学生的学术研究工作。,investigacion_1.jpg,考试路径|B2|n,专四,表现；成绩；效率,典当；允诺；开始,民兵,大创内容组_senses_table_tem4 7.16.xlsx
investigar,v,n/a,B2,1,,调查；研究；探索,,El grupo de nuestro proyecto nacional tiene que investigar el impacto de las redes sociales en el aprendizaje de idiomas.,我们国家级大创项目的团队必须研究社交网络对语言学习的影响。,investigar_1.jpg,考试路径|B2|v,专四,出自；源自,丰富；充实,疏忽,大创内容组_senses_table_tem4 7.16.xlsx
islamismo,n,m,B2,1,,伊斯兰教,,El islamismo tiene una influencia profunda en la cultura y la historia de España.,伊斯兰教对西班牙的文化和历史有着深远的影响。,islamismo_1.jpg,考试路径|B2|n,专四,反向的；逆向的,象牙；象牙制品,幼儿；王子；公主,大创内容组_senses_table_tem4 9.26.xlsx
jactarse,v,n/a,B2,1,,自吹；吹嘘,,No es bueno jactarse de las notas altas delante de los compañeros.,在同学面前吹嘘高分并不好。,jactarse_1.jpg,考试路径|B2|v,专四,玉；玉石,综合；总结；概要,操作；诡计；演习,大创内容组_senses_table_tem4 9.26.xlsx
jade,n,m,B2,1,,玉；玉石,,El jade es una piedra preciosa muy valorada en las culturas de Asia y América.,玉是一种在亚洲和美洲文化中非常受重视的宝石。,jade_1.jpg,考试路径|B2|n,专四,幼儿；王子；公主,性格；本性；性质；种类,使具有特点；是…的特征,大创内容组_senses_table_tem4 9.26.xlsx
judicial,adj,n/a,B2,1,,司法的；法院的,,El sistema judicial español garantiza el derecho a un juicio justo.,西班牙司法系统保障公正审判的权利。,judicial_1.jpg,考试路径|B2|adj,专四,联系；关联；连接,配图；举例说明,深入；深入了解；钻研,大创内容组_senses_table_tem4 9.26.xlsx
jurídico,adj,n/a,B2,1,,法律的；法律规定的,,El lenguaje jurídico español es complejo y requiere un estudio especializado.,西班牙法律语言很复杂，需要专门研究。,juridico_1.jpg,考试路径|B2|adj,专四,吸收；消化（知识等）,以…为特点,出自；源自,大创内容组_senses_table_tem4 9.26.xlsx
lapso,n,m,B2,1,,一段时间；期间,,"En el lapso de un semestre, los estudiantes mejoraron mucho su nivel de español.",在一个学期的时间里，学生们的西班牙语水平提高了很多。,lapso_1.jpg,考试路径|B2|n,专四,调查；研究；探索,评估；考试；评价,然而；但是,大创内容组_senses_table_tem4 10.3.xlsx
legislación,n,f,B2,1,,立法；法规；法学,,La legislación española protege los derechos de los estudiantes internacionales.,西班牙法规保护国际学生的权利。,legislacion_1.jpg,考试路径|B2|n,专四,使均衡；使平等；使平整,忠实；忠诚；真实,评估；评价；给...打分,大创内容组_senses_table_tem4 10.3.xlsx
magnitud,n,f,B2,1,,大小；体积；量；重要性,,La magnitud del proyecto de investigación requiere la colaboración de muchos estudiantes.,这个研究项目的规模需要许多学生的合作。,magnitud_1.jpg,考试路径|B2|n,专四,幼儿；王子；公主,吸收；同化,标准；准则；判断依据,大创内容组_senses_table_tem4 10.3.xlsx
majestuoso,adj,n/a,B2,1,,庄严的；雄伟的；壮丽的,,La catedral de Santiago tiene una fachada majestuosa que impresiona a los visitantes.,圣地亚哥大教堂的正面雄伟壮观，令游客印象深刻。,majestuoso_1.jpg,考试路径|B2|adj,专四,典当；允诺；开始,操作；诡计；演习,玉；玉石,大创内容组_senses_table_tem4 10.3.xlsx
maniobra,n,f,B2,1,,操作；诡计；演习,,El estudiante hizo una maniobra complicada para aparcar el coche en el campus.,这名学生做了一个复杂的操作来把车停在校园里。,maniobra_1.jpg,考试路径|B2|n,专四,改革；革新,联系；纽带；密切关系,大会；集会,大创内容组_senses_table_tem4 10.3.xlsx
marfil,n,m,B2,1,,象牙；象牙制品,,El museo exhibe una colección de esculturas de marfil de la época colonial.,博物馆展出了一批殖民时期的象牙雕塑收藏。,marfil_1.jpg,考试路径|B2|n,专四,联系；关联；连接,不可否认的；无可争辩的,面貌；外貌；外观,大创内容组_senses_table_tem4 10.3.xlsx
marxismo,n,m,B2,1,,马克思主义,,El marxismo ha influido en muchos movimientos sociales y políticos del siglo XX.,马克思主义影响了二十世纪的许多社会和政治运动。,marxismo_1.jpg,考试路径|B2|n,专四,吸收；同化,勇气；魄力,抄袭；剽窃,大创内容组_senses_table_tem4 10.3.xlsx
marxista,n,n/a,B2,1,,马克思主义的；马克思主义者,,El filósofo marxista escribió varios libros sobre la alienación del trabajo.,这位马克思主义哲学家写了好几本关于劳动异化的书。,marxista_1.jpg,考试路径|B2|n,专四,编辑；撰稿人,研究；调查；学术研究,精巧的；聪敏的,大创内容组_senses_table_tem4 10.3.xlsx
mas,conj,n/a,B2,1,,然而；但是,,"Quería ir a la conferencia, mas no tenía tiempo por los exámenes.",我想去听讲座，但因为考试没有时间。,mas_1.jpg,考试路径|B2|conj,专四,自吹；吹嘘,组织；构建；使条理化,研究；调查；学术研究,大创内容组_senses_table_tem4 10.3.xlsx
mero,adj,n/a,B2,1,,单纯的；纯粹的,,Es una mera coincidencia que los dos hayamos elegido el mismo tema de investigación.,我们俩选了同一个研究课题纯属巧合。,mero_1.jpg,考试路径|B2|adj,专四,调查；研究；探索,疏忽,分析,大创内容组_senses_table_tem4 10.3.xlsx
mestizaje,n,m,B2,1,,混血；杂交；融合,,El mestizaje cultural es una característica fundamental de América Latina.,文化融合是拉丁美洲的一个基本特征。,mestizaje_1.jpg,考试路径|B2|n,专四,一段时间；期间,工业化,编辑；撰稿人,大创内容组_senses_table_tem4 10.3.xlsx
metrópoli,n,f,B2,1,,宗主国；首都；大城市,,Madrid es una metrópoli moderna que atrae a estudiantes de todo el mundo.,马德里是一个吸引全世界学生的现代化大都市。,metropoli_1.jpg,考试路径|B2|n,专四,培训；使有能力；使合格,以…为特点,马克思主义,大创内容组_senses_table_tem4 10.3.xlsx
milicia,n,f,B2,1,,军事；兵役,,La milicia es una obligación para los ciudadanos en algunos países.,在一些国家，服兵役是公民的义务。,milicia_1.jpg,考试路径|B2|n,专四,精巧的；聪敏的,大小；体积；量；重要性,大概的；近似的；约莫的,大创内容组_senses_table_tem4 10.3.xlsx
miliciano,n,n/a,B2,1,,民兵,,Los milicianos defendieron el pueblo durante el conflicto.,民兵在冲突期间保卫了村庄。,miliciano_1.jpg,考试路径|B2|n,专四,光辉灿烂的；壮丽的,约定；规定,典当；允诺；开始,大创内容组_senses_table_tem4 10.3.xlsx
minucioso,adj,n/a,B2,1,,详细的；仔细的,,El profesor hizo una corrección minuciosa de todos los ensayos.,老师对所有论文进行了仔细的批改。,minucioso_1.jpg,考试路径|B2|adj,专四,工业化,对比；对照；形成反差,宗主国；首都；大城市,大创内容组_senses_table_tem4 10.3.xlsx
mitin,n,m,B2,1,,大会；集会,,Los estudiantes organizaron un mitin para pedir mejores instalaciones deportivas.,学生们组织了一场集会，要求改善体育设施。,mitin_1.jpg,考试路径|B2|n,专四,表现；成绩；效率,研究；调查；学术研究,法律的；法律规定的,大创内容组_senses_table_tem4 10.3.xlsx
mitológico,adj,n/a,B2,1,,神话的,,El estudiante escribió un ensayo sobre los personajes mitológicos de la literatura española.,这名学生写了一篇关于西班牙文学中神话人物的论文。,mitologico_1.jpg,考试路径|B2|adj,专四,精巧的；聪敏的,删除；去掉,合作；协作,大创内容组_senses_table_tem4 10.3.xlsx
modernismo,n,m,B2,1,,现代主义,,El modernismo literario hispanoamericano tuvo representantes muy importantes como Rubén Darío.,拉美文学现代主义有鲁文·达里奥等非常重要的代表人物。,modernismo_1.jpg,考试路径|B2|n,专四,吸收；同化,反向的；逆向的,工业化,大创内容组_senses_table_tem4 10.3.xlsx
monto,n,m,B2,1,,合计；总额,,El monto total de la beca cubre la matrícula y los gastos de manutención.,奖学金总额涵盖学费和生活费。,monto_1.jpg,考试路径|B2|n,专四,使具有特点；是…的特征,死；逝世；耗尽,具体的；特定的；特有的,大创内容组_senses_table_tem4 10.3.xlsx
mortalidad,n,f,B2,1,,致命性；死亡率,,La mortalidad infantil ha disminuido gracias a los avances en medicina.,由于医学进步，婴儿死亡率已经下降。,mortalidad_1.jpg,考试路径|B2|n,专四,责任；负责,合作；协作,因素；动因,大创内容组_senses_table_tem4 10.3.xlsx
mártir,n,n/a,B2,1,,殉教者；烈士；殉难者,,El mártir dio su vida por defender sus ideas de libertad.,这位烈士为捍卫自己的自由理想献出了生命。,martir_1.jpg,考试路径|B2|n,专四,组织；构建；使条理化,无数的；数不清的,民兵,大创内容组_senses_table_tem4 10.3.xlsx
nacionalista,n,n/a,B2,1,,民族主义的；国家主义的；民族主义者,,El movimiento nacionalista busca proteger la identidad cultural del pueblo.,民族主义运动旨在保护人民的文化认同。,nacionalista_1.jpg,考试路径|B2|n,专四,操作；诡计；演习,编辑；撰稿人,散发（气味、气体等）,大创内容组_senses_table_tem4 10.3.xlsx
negligencia,n,f,B2,1,,疏忽,,La negligencia en el cuidado de los libros dañó varios ejemplares antiguos.,对书籍保管的疏忽损坏了好几本古籍。,negligencia_1.jpg,考试路径|B2|n,专四,现代主义,一段时间；期间,然而；但是,大创内容组_senses_table_tem4 10.3.xlsx
negligente,adj,n/a,B2,1,,疏忽的；心不在焉的,,El estudiante negligente olvidó entregar el trabajo a tiempo.,疏忽的学生忘记按时交作业。,negligente_1.jpg,考试路径|B2|adj,专四,操作；诡计；演习,混血；杂交；融合,宗主国；首都；大城市,大创内容组_senses_table_tem4 10.3.xlsx
nivelar,v,n/a,B2,1,,使均衡；使平等；使平整,,El curso de nivelación tiene como objetivo nivelar los conocimientos de los alumnos antes de empezar la carrera.,分班衔接课程旨在让学生们在开始大学专业学习前，使知识水平达到均衡。,nivelar_1.jpg,考试路径|B2|v,专四,推断；推论；扣除,配图；举例说明,获取；获得；习得,大创内容组_senses_table_tem4 7.16.xlsx
plagiar,v,n/a,B2,1,,抄袭；剽窃,,Es completamente inaceptable plagiar trabajos de otros autores sin citar adecuadamente las fuentes en tu ensayo.,在你的论文中，不注明出处就抄袭其他作者的作品是完全不可接受的。,plagiar_1.jpg,考试路径|B2|v,专四,精巧的；聪敏的,（大学）毕业生；校友,光辉；辉煌；壮丽,大创内容组_senses_table_tem4 7.16.xlsx
precisar,v,n/a,B2,1,,明确；澄清；具体指出,,El profesor nos pidió precisar las fechas y los autores en la bibliografía del trabajo final.,老师要求我们在期末作业的参考文献中明确标出日期和作者。,precisar_1.jpg,考试路径|B2|v,专四,民族主义的；国家主义的；民族主义者,以…为特点,标准；准则；判断依据,大创内容组_senses_table_tem4 7.19.xlsx
publicar,v,n/a,B2,1,,发表；发布,,Publicaremos nuestro artículo en la revista de la facultad.,我们会把论文发表在学院期刊上。,publicar_1.jpg,考试路径|B2|v,专四,然而；但是,不可战胜的；无敌的,马克思主义,大创内容组_senses_table_tem4 7.19.xlsx
redactor,n,n/a,B2,1,,编辑；撰稿人,,Nuestro periódico universitario está reclutando a un redactor apasionado para cubrir las noticias del campus.,我们大学的校报正在招募一名充满热情的撰稿人，来报道校园新闻。,redactor_1.jpg,考试路径|B2|n,专四,吸收；消化（知识等）,大小；体积；量；重要性,发表；发布,大创内容组_senses_table_tem4 7.16.xlsx
rendimiento,n,m,B2,1,,表现；成绩；效率,,El profesor felicitó a toda la clase por el excelente rendimiento académico demostrado en el último semestre.,老师表扬了全班同学，因为他们在上学期展现出了优秀的学术成绩。,rendimiento_1.jpg,考试路径|B2|n,专四,（大学）毕业生；校友,殉教者；烈士；殉难者,典当；允诺；开始,大创内容组_senses_table_tem4 7.16.xlsx
renovar,v,n/a,B2,1,,更新；换新,,Renuevo mi lista de vocabulario cada semana.,我每周更新我的单词清单。,renovar_1.jpg,考试路径|B2|v,专四,立法；法规；法学,承认；坦白,责任；负责,大创内容组_senses_table_tem4 7.19.xlsx
semejante,adj,n/a,B2,1,,相似的；类似的；相仿的,,Los verbos ser y estar no son semejantes aunque a veces confundan a los principiantes.,动词ser和estar并不相似，尽管有时候会让初学者混淆。,semejante_1.jpg,考试路径|B2|adj,专四,勇气；魄力,散发（气味、气体等）,使具有特点；是…的特征,大创内容组_senses_table_tem4 7.19.xlsx
sintetizar,v,n/a,B2,1,,综合；总结；合成,,"Al final del ensayo, debes sintetizar los puntos clave para presentar una conclusión clara.",在论文末尾，你应该总结关键论点以呈现一个清晰的结论。,sintetizar_1.jpg,考试路径|B2|v,专四,使均衡；使平等；使平整,聪明；才智；才能,民族主义的；国家主义的；民族主义者,大创内容组_senses_table_tem4 7.16.xlsx
suprimir,v,n/a,B2,1,,删除；去掉,,Suprimo las frases innecesarias del ensayo.,我删掉作文里多余的句子。,suprimir_1.jpg,考试路径|B2|v,专四,性格；本性；性质；种类,编辑；撰稿人,编纂；合集；汇编,大创内容组_senses_table_tem4 7.19.xlsx
síntesis,n,f,B2,1,,综合；总结；概要,,Hacer una síntesis de la lectura es una excelente estrategia para repasar la materia del examen.,对阅读内容做一份概要总结是复习考试科目的绝佳策略。,sintesis_1.jpg,考试路径|B2|n,专八|专四,构型；配置,切入角度；方法焦点,环境；语境环境,大创内容组_senses_table_tem4 7.16.xlsx
vincular,v,n/a,B2,1,,联系；关联；连接,,Debes vincular todos los argumentos con la tesis principal para dar coherencia al ensayo.,你必须把所有论据与主要论点联系起来，以使文章具有连贯性。,vincular_1.jpg,考试路径|B2|v,专四,负债；坚持,无数的；数不清的,使均衡；使平等；使平整,大创内容组_senses_table_tem4 7.19.xlsx
voluntad,n,f,B2,2,,愿望；意图,,Su voluntad de mejorar la pronunciación la llevó a practicar con hablantes nativos cada semana.,她想要改善发音的愿望驱使她每周都和母语者练习。,voluntad_2.jpg,考试路径|B2|n,专四,组织；构建；使条理化,现代主义,无数的；数不清的,大创内容组_senses_table_tem4 7.19.xlsx
vínculo,n,m,B2,1,,联系；纽带；密切关系,,Existe un vínculo muy estrecho entre la cultura árabe y la española a lo largo de la historia.,历史上，阿拉伯文化和西班牙文化之间存在着非常紧密的联系。,vinculo_1.jpg,考试路径|B2|n,专四,肯定的；毫无疑问的,组织；构建；使条理化,（大学）毕业生；校友,大创内容组_senses_table_tem4 7.19.xlsx
índole,n,f,B2,1,,性格；本性；性质；种类,,La índole de este problema es muy compleja y requiere un análisis profundo.,这个问题的性质非常复杂，需要深入分析。,indole_1.jpg,考试路径|B2|n,专四,疏忽,然而；但是,推断；推论；演绎,大创内容组_senses_table_tem4 9.26.xlsx
